id, category
0, 4
1, 4
2, 1
3, 1
4, 4
5, 4
6, 1
7, 4
8, 4
9, 0
10, 0
11, 1
12, 1
13, 1
14, 4
15, 0
16, 3
17, 1
18, 0
19, 1
20, 1
21, 4
22, 4
23, 4
24, 0
25, 4
26, 4
27, 1
28, 4
29, 4
30, 0
31, 4
32, 3
33, 4
34, 4
35, 2
36, 0
37, 0
38, 0
39, 4
40, 4
41, 4
42, 2
43, 2
44, 3
45, 2
46, 3
47, 2
48, 4
49, 4
50, 4
51, 2
52, 4
53, 3
54, 0
55, 0
56, 0
57, 0
58, 4
59, 0
60, 0
61, 0
62, 0
63, 4
64, 0
65, 0
66, 2
67, 1
68, 2
69, 4
70, 4
71, 1
72, 3
73, 4
74, 3
75, 0
76, 4
77, 4
78, 4
79, 1
80, 1
81, 3
82, 2
83, 4
84, 4
85, 3
86, 0
87, 3
88, 1
89, 1
90, 4
91, 0
92, 2
93, 4
94, 0
95, 3
96, 2
97, 0
98, 1
99, 1
100, 1
101, 0
102, 0
103, 3
104, 4
105, 1
106, 4
107, 2
108, 3
109, 4
110, 3
111, 1
112, 3
113, 0
114, 1
115, 3
116, 1
117, 2
118, 3
119, 0
120, 0
121, 4
122, 4
123, 2
124, 1
125, 3
126, 3
127, 3
128, 3
129, 3
130, 0
131, 0
132, 4
133, 0
134, 3
135, 4
136, 1
137, 1
138, 0
139, 4
140, 0
141, 3
142, 4
143, 4
144, 3
145, 1
146, 1
147, 1
148, 1
149, 4
150, 4
151, 4
152, 3
153, 0
154, 1
155, 1
156, 3
157, 4
158, 0
159, 2
160, 3
161, 3
162, 0
163, 0
164, 1
165, 3
166, 2
167, 0
168, 3
169, 1
170, 0
171, 3
172, 2
173, 4
174, 3
175, 1
176, 3
177, 4
178, 0
179, 3
180, 4
181, 1
182, 3
183, 3
184, 2
185, 1
186, 4
187, 0
188, 3
189, 1
190, 1
191, 0
192, 3
193, 0
194, 3
195, 1
196, 1
197, 0
198, 0
199, 1
200, 0
201, 4
202, 4
203, 4
204, 2
205, 0
206, 2
207, 4
208, 2
209, 4
210, 3
211, 4
212, 0
213, 0
214, 0
215, 0
216, 2
217, 3
218, 3
219, 0
220, 2
221, 2
222, 0
223, 3
224, 1
225, 1
226, 4
227, 0
228, 2
229, 1
230, 4
231, 0
232, 3
233, 4
234, 1
235, 3
236, 0
237, 0
238, 3
239, 1
240, 1
241, 0
242, 0
243, 0
244, 3
245, 0
246, 3
247, 2
248, 1
249, 4
250, 2
251, 4
252, 4
253, 2
254, 3
255, 4
256, 0
257, 0
258, 1
259, 3
260, 3
261, 2
262, 0
263, 4
264, 1
265, 1
266, 1
267, 0
268, 2
269, 4
270, 1
271, 1
272, 1
273, 4
274, 2
275, 1
276, 4
277, 3
278, 4
279, 3
280, 2
281, 3
282, 0
283, 1
284, 3
285, 0
286, 4
287, 1
288, 0
289, 1
290, 3
291, 1
292, 3
293, 0
294, 1
295, 0
296, 0
297, 2
298, 4
299, 4
300, 0
301, 4
302, 0
303, 3
304, 0
305, 0
306, 2
307, 1
308, 3
309, 0
310, 2
311, 1
312, 3
313, 4
314, 0
315, 2
316, 0
317, 4
318, 0
319, 3
320, 3
321, 3
322, 0
323, 3
324, 0
325, 0
326, 1
327, 1
328, 1
329, 0
330, 3
331, 2
332, 0
333, 3
334, 1
335, 1
336, 3
337, 3
338, 2
339, 3
340, 3
341, 3
342, 1
343, 0
344, 0
345, 2
346, 4
347, 0
348, 0
349, 2
350, 1
351, 1
352, 1
353, 0
354, 2
355, 3
356, 2
357, 1
358, 1
359, 2
360, 1
361, 4
362, 4
363, 1
364, 2
365, 3
366, 4
367, 3
368, 0
369, 3
370, 1
371, 0
372, 4
373, 2
374, 1
375, 4
376, 0
377, 1
378, 3
379, 4
380, 1
381, 3
382, 4
383, 1
384, 0
385, 1
386, 0
387, 0
388, 0
389, 3
390, 4
391, 3
392, 4
393, 3
394, 1
395, 3
396, 0
397, 1
398, 1
399, 3
400, 0
401, 0
402, 3
403, 0
404, 3
405, 3
406, 4
407, 1
408, 4
409, 3
410, 0
411, 3
412, 4
413, 1
414, 4
415, 0
416, 3
417, 3
418, 3
419, 0
420, 3
421, 4
422, 3
423, 1
424, 0
425, 3
426, 3
427, 0
428, 3
429, 0
430, 0
431, 3
432, 3
433, 0
434, 0
435, 0
436, 3
437, 1
438, 0
439, 4
440, 3
441, 0
442, 4
443, 1
444, 0
445, 2
446, 0
447, 4
448, 2
449, 4
450, 0
451, 3
452, 3
453, 0
454, 1
455, 4
456, 0
457, 0
458, 2
459, 3
460, 2
461, 0
462, 0
463, 0
464, 3
465, 3
466, 1
467, 0
468, 2
469, 3
470, 0
471, 1
472, 2
473, 0
474, 3
475, 4
476, 1
477, 4
478, 0
479, 3
480, 0
481, 3
482, 0
483, 0
484, 3
485, 0
486, 1
487, 0
488, 1
489, 0
490, 0
491, 2
492, 1
493, 1
494, 2
495, 2
496, 0
497, 0
498, 3
499, 1
500, 0
501, 0
502, 0
503, 3
504, 0
505, 3
506, 0
507, 0
508, 3
509, 0
510, 0
511, 4
512, 3
513, 0
514, 4
515, 2
516, 3
517, 4
518, 0
519, 0
520, 1
521, 4
522, 3
523, 4
524, 1
525, 3
526, 0
527, 1
528, 2
529, 4
530, 1
531, 0
532, 0
533, 2
534, 4
535, 1
536, 1
537, 1
538, 0
539, 1
540, 3
541, 3
542, 0
543, 2
544, 4
545, 1
546, 0
547, 0
548, 2
549, 4
550, 1
551, 4
552, 3
553, 0
554, 0
555, 2
556, 3
557, 3
558, 3
559, 0
560, 4
561, 1
562, 0
563, 3
564, 4
565, 3
566, 4
567, 3
568, 0
569, 0
570, 3
571, 3
572, 0
573, 4
574, 0
575, 3
576, 0
577, 4
578, 0
579, 4
580, 0
581, 3
582, 4
583, 3
584, 3
585, 1
586, 3
587, 3
588, 1
589, 4
590, 2
591, 2
592, 2
593, 0
594, 1
595, 4
596, 0
597, 3
598, 3
599, 1
600, 0
601, 2
602, 3
603, 3
604, 0
605, 1
606, 2
607, 3
608, 0
609, 4
610, 0
611, 3
612, 4
613, 1
614, 3
615, 0
616, 2
617, 3
618, 0
619, 3
620, 0
621, 0
622, 1
623, 0
624, 4
625, 0
626, 0
627, 0
628, 1
629, 0
630, 0
631, 0
632, 0
633, 1
634, 2
635, 0
636, 2
637, 2
638, 0
639, 0
640, 0
641, 3
642, 0
643, 0
644, 1
645, 2
646, 0
647, 4
648, 0
649, 0
650, 0
651, 0
652, 0
653, 4
654, 1
655, 2
656, 1
657, 3
658, 1
659, 3
660, 1
661, 0
662, 0
663, 0
664, 1
665, 0
666, 0
667, 0
668, 4
669, 0
670, 0
671, 4
672, 0
673, 3
674, 3
675, 3
676, 3
677, 0
678, 3
679, 1
680, 3
681, 0
682, 0
683, 0
684, 0
685, 4
686, 4
687, 4
688, 3
689, 0
690, 1
691, 0
692, 2
693, 3
694, 0
695, 0
696, 4
697, 0
698, 0
699, 3
700, 3
701, 1
702, 0
703, 3
704, 3
705, 0
706, 0
707, 4
708, 4
709, 0
710, 0
711, 1
712, 4
713, 2
714, 0
715, 0
716, 4
717, 3
718, 0
719, 4
720, 1
721, 1
722, 0
723, 0
724, 1
725, 4
726, 0
727, 1
728, 0
729, 3
730, 0
731, 3
732, 1
733, 4
734, 4
735, 3
736, 0
737, 0
738, 4
739, 3
740, 3
741, 4
742, 2
743, 3
744, 0
745, 4
746, 3
747, 3
748, 1
749, 1
750, 2
751, 0
752, 0
753, 0
754, 0
755, 0
756, 0
757, 4
758, 0
759, 1
760, 1
761, 0
762, 4
763, 4
764, 4
765, 0
766, 0
767, 0
768, 0
769, 4
770, 3
771, 4
772, 0
773, 1
774, 3
775, 4
776, 3
777, 4
778, 0
779, 3
780, 0
781, 1
782, 3
783, 3
784, 3
785, 0
786, 4
787, 3
788, 3
789, 0
790, 1
791, 0
792, 3
793, 0
794, 1
795, 1
796, 3
797, 0
798, 4
799, 1
800, 0
801, 1
802, 3
803, 4
804, 3
805, 2
806, 0
807, 0
808, 0
809, 3
810, 3
811, 0
812, 0
813, 3
814, 0
815, 0
816, 3
817, 0
818, 4
819, 0
820, 4
821, 4
822, 0
823, 0
824, 3
825, 4
826, 0
827, 0
828, 0
829, 1
830, 1
831, 0
832, 1
833, 1
834, 1
835, 0
836, 4
837, 1
838, 3
839, 0
840, 0
841, 0
842, 1
843, 3
844, 1
845, 0
846, 4
847, 1
848, 2
849, 1
850, 1
851, 4
852, 0
853, 3
854, 0
855, 0
856, 4
857, 3
858, 1
859, 0
860, 0
861, 0
862, 0
863, 0
864, 3
865, 3
866, 3
867, 0
868, 1
869, 0
870, 4
871, 1
872, 4
873, 0
874, 1
875, 1
876, 3
877, 0
878, 1
879, 0
880, 0
881, 4
882, 0
883, 1
884, 2
885, 0
886, 0
887, 4
888, 1
889, 4
890, 0
891, 3
892, 0
893, 4
894, 3
895, 3
896, 0
897, 3
898, 0
899, 1
900, 2
901, 2
902, 2
903, 3
904, 3
905, 1
906, 0
907, 3
908, 0
909, 3
910, 2
911, 0
912, 0
913, 1
914, 0
915, 1
916, 0
917, 0
918, 0
919, 3
920, 1
921, 0
922, 0
923, 0
924, 3
925, 1
926, 0
927, 4
928, 1
929, 0
930, 1
931, 3
932, 0
933, 0
934, 0
935, 1
936, 0
937, 2
938, 2
939, 1
940, 1
941, 3
942, 1
943, 3
944, 0
945, 1
946, 1
947, 0
948, 1
949, 1
950, 3
951, 0
952, 0
953, 0
954, 3
955, 0
956, 0
957, 3
958, 3
959, 0
960, 1
961, 4
962, 3
963, 3
964, 0
965, 3
966, 0
967, 3
968, 1
969, 0
970, 0
971, 3
972, 0
973, 0
974, 3
975, 0
976, 0
977, 0
978, 1
979, 1
980, 3
981, 0
982, 3
983, 3
984, 0
985, 3
986, 2
987, 3
988, 3
989, 4
990, 4
991, 1
992, 0
993, 1
994, 4
995, 4
996, 0
997, 0
998, 3
999, 0
1000, 4
1001, 2
1002, 1
1003, 0
1004, 0
1005, 3
1006, 3
1007, 0
1008, 0
1009, 0
1010, 4
1011, 1
1012, 0
1013, 0
1014, 3
1015, 0
1016, 0
1017, 1
1018, 3
1019, 0
1020, 0
1021, 0
1022, 0
1023, 1
1024, 0
1025, 3
1026, 3
1027, 0
1028, 0
1029, 0
1030, 1
1031, 1
1032, 1
1033, 0
1034, 0
1035, 1
1036, 0
1037, 3
1038, 0
1039, 0
1040, 0
1041, 3
1042, 1
1043, 3
1044, 3
1045, 3
1046, 3
1047, 0
1048, 1
1049, 1
1050, 0
1051, 4
1052, 4
1053, 0
1054, 0
1055, 3
1056, 3
1057, 1
1058, 4
1059, 3
1060, 1
1061, 0
1062, 0
1063, 1
1064, 1
1065, 0
1066, 4
1067, 0
1068, 0
1069, 1
1070, 0
1071, 4
1072, 0
1073, 4
1074, 4
1075, 1
1076, 3
1077, 3
1078, 0
1079, 3
1080, 4
1081, 0
1082, 0
1083, 0
1084, 3
1085, 2
1086, 1
1087, 2
1088, 1
1089, 0
1090, 0
1091, 3
1092, 3
1093, 0
1094, 4
1095, 0
1096, 0
1097, 0
1098, 0
1099, 1
1100, 4
1101, 0
1102, 3
1103, 4
1104, 0
1105, 0
1106, 0
1107, 0
1108, 0
1109, 4
1110, 0
1111, 1
1112, 1
1113, 0
1114, 1
1115, 2
1116, 0
1117, 3
1118, 1
1119, 2
1120, 0
1121, 4
1122, 3
1123, 2
1124, 0
1125, 1
1126, 3
1127, 0
1128, 0
1129, 0
1130, 0
1131, 0
1132, 3
1133, 0
1134, 0
1135, 3
1136, 4
1137, 0
1138, 0
1139, 4
1140, 1
1141, 2
1142, 2
1143, 2
1144, 0
1145, 1
1146, 1
1147, 1
1148, 0
1149, 4
1150, 3
1151, 1
1152, 2
1153, 0
1154, 1
1155, 0
1156, 3
1157, 1
1158, 4
1159, 1
1160, 0
1161, 4
1162, 0
1163, 1
1164, 3
1165, 1
1166, 4
1167, 0
1168, 0
1169, 4
1170, 0
1171, 0
1172, 3
1173, 3
1174, 0
1175, 0
1176, 0
1177, 3
1178, 3
1179, 3
1180, 3
1181, 0
1182, 0
1183, 0
1184, 2
1185, 0
1186, 1
1187, 1
1188, 3
1189, 4
1190, 0
1191, 3
1192, 0
1193, 1
1194, 3
1195, 0
1196, 0
1197, 3
1198, 0
1199, 1
1200, 0
1201, 3
1202, 0
1203, 3
1204, 1
1205, 3
1206, 3
1207, 1
1208, 3
1209, 0
1210, 0
1211, 1
1212, 1
1213, 0
1214, 3
1215, 4
1216, 0
1217, 0
1218, 3
1219, 0
1220, 0
1221, 3
1222, 1
1223, 0
1224, 3
1225, 1
1226, 4
1227, 3
1228, 0
1229, 4
1230, 1
1231, 1
1232, 0
1233, 4
1234, 2
1235, 3
1236, 0
1237, 3
1238, 0
1239, 0
1240, 0
1241, 1
1242, 0
1243, 0
1244, 0
1245, 3
1246, 0
1247, 2
1248, 2
1249, 4
1250, 0
1251, 3
1252, 0
1253, 0
1254, 4
1255, 3
1256, 3
1257, 0
1258, 3
1259, 1
1260, 2
1261, 0
1262, 0
1263, 3
1264, 0
1265, 0
1266, 0
1267, 0
1268, 4
1269, 3
1270, 0
1271, 2
1272, 3
1273, 4
1274, 4
1275, 0
1276, 3
1277, 0
1278, 1
1279, 3
1280, 1
1281, 0
1282, 0
1283, 1
1284, 4
1285, 0
1286, 1
1287, 0
1288, 0
1289, 1
1290, 1
1291, 0
1292, 0
1293, 0
1294, 3
1295, 0
1296, 0
1297, 0
1298, 0
1299, 0
1300, 1
1301, 0
1302, 1
1303, 3
1304, 1
1305, 3
1306, 0
1307, 4
1308, 3
1309, 1
1310, 1
1311, 0
1312, 2
1313, 4
1314, 1
1315, 0
1316, 0
1317, 1
1318, 0
1319, 4
1320, 4
1321, 1
1322, 0
1323, 0
1324, 4
1325, 0
1326, 3
1327, 2
1328, 0
1329, 2
1330, 3
1331, 3
1332, 3
1333, 0
1334, 4
1335, 0
1336, 3
1337, 3
1338, 3
1339, 3
1340, 1
1341, 4
1342, 0
1343, 3
1344, 3
1345, 4
1346, 0
1347, 0
1348, 0
1349, 0
1350, 0
1351, 0
1352, 2
1353, 4
1354, 3
1355, 0
1356, 0
1357, 0
1358, 1
1359, 0
1360, 0
1361, 3
1362, 1
1363, 0
1364, 1
1365, 3
1366, 4
1367, 4
1368, 0
1369, 2
1370, 4
1371, 0
1372, 0
1373, 3
1374, 3
1375, 0
1376, 1
1377, 0
1378, 4
1379, 0
1380, 0
1381, 0
1382, 0
1383, 0
1384, 0
1385, 0
1386, 4
1387, 2
1388, 4
1389, 0
1390, 2
1391, 0
1392, 2
1393, 0
1394, 0
1395, 1
1396, 0
1397, 0
1398, 1
1399, 3
1400, 0
1401, 3
1402, 3
1403, 2
1404, 2
1405, 4
1406, 0
1407, 1
1408, 0
1409, 0
1410, 1
1411, 0
1412, 4
1413, 0
1414, 1
1415, 1
1416, 0
1417, 2
1418, 0
1419, 4
1420, 1
1421, 0
1422, 0
1423, 3
1424, 0
1425, 4
1426, 1
1427, 0
1428, 0
1429, 0
1430, 1
1431, 0
1432, 0
1433, 1
1434, 2
1435, 4
1436, 0
1437, 0
1438, 0
1439, 1
1440, 1
1441, 4
1442, 0
1443, 0
1444, 0
1445, 3
1446, 3
1447, 0
1448, 0
1449, 0
1450, 1
1451, 4
1452, 1
1453, 0
1454, 3
1455, 1
1456, 0
1457, 0
1458, 0
1459, 0
1460, 1
1461, 3
1462, 3
1463, 1
1464, 3
1465, 0
1466, 1
1467, 0
1468, 3
1469, 0
1470, 2
1471, 0
1472, 0
1473, 0
1474, 4
1475, 2
1476, 0
1477, 2
1478, 2
1479, 4
1480, 0
1481, 1
1482, 0
1483, 2
1484, 0
1485, 0
1486, 0
1487, 0
1488, 2
1489, 3
1490, 3
1491, 2
1492, 0
1493, 0
1494, 3
1495, 0
1496, 0
1497, 3
1498, 0
1499, 0
1500, 4
1501, 0
1502, 0
1503, 4
1504, 3
1505, 2
1506, 0
1507, 0
1508, 1
1509, 0
1510, 1
1511, 1
1512, 1
1513, 0
1514, 3
1515, 0
1516, 0
1517, 0
1518, 0
1519, 0
1520, 2
1521, 2
1522, 0
1523, 3
1524, 0
1525, 0
1526, 1
1527, 2
1528, 0
1529, 0
1530, 4
1531, 2
1532, 0
1533, 1
1534, 0
1535, 0
1536, 3
1537, 3
1538, 0
1539, 1
1540, 0
1541, 0
1542, 0
1543, 3
1544, 0
1545, 1
1546, 0
1547, 2
1548, 1
1549, 4
1550, 2
1551, 0
1552, 0
1553, 0
1554, 2
1555, 1
1556, 0
1557, 3
1558, 0
1559, 0
1560, 1
1561, 3
1562, 0
1563, 0
1564, 1
1565, 0
1566, 0
1567, 0
1568, 1
1569, 1
1570, 0
1571, 0
1572, 1
1573, 3
1574, 4
1575, 0
1576, 0
1577, 0
1578, 1
1579, 3
1580, 0
1581, 3
1582, 3
1583, 0
1584, 4
1585, 4
1586, 3
1587, 0
1588, 0
1589, 0
1590, 0
1591, 0
1592, 3
1593, 1
1594, 0
1595, 1
1596, 0
1597, 0
1598, 0
1599, 1
1600, 0
1601, 4
1602, 0
1603, 0
1604, 0
1605, 3
1606, 3
1607, 0
1608, 3
1609, 0
1610, 0
1611, 3
1612, 3
1613, 3
1614, 0
1615, 1
1616, 3
1617, 4
1618, 0
1619, 0
1620, 0
1621, 4
1622, 0
1623, 1
1624, 1
1625, 0
1626, 0
1627, 0
1628, 3
1629, 1
1630, 0
1631, 1
1632, 0
1633, 0
1634, 1
1635, 0
1636, 0
1637, 0
1638, 3
1639, 0
1640, 3
1641, 0
1642, 0
1643, 2
1644, 2
1645, 3
1646, 3
1647, 3
1648, 4
1649, 1
1650, 0
1651, 4
1652, 1
1653, 4
1654, 4
1655, 2
1656, 1
1657, 3
1658, 0
1659, 0
1660, 4
1661, 0
1662, 0
1663, 4
1664, 0
1665, 1
1666, 4
1667, 4
1668, 0
1669, 0
1670, 0
1671, 0
1672, 0
1673, 4
1674, 2
1675, 0
1676, 0
1677, 3
1678, 1
1679, 4
1680, 0
1681, 3
1682, 3
1683, 0
1684, 0
1685, 0
1686, 1
1687, 0
1688, 0
1689, 4
1690, 0
1691, 4
1692, 0
1693, 3
1694, 4
1695, 0
1696, 0
1697, 4
1698, 0
1699, 0
1700, 4
1701, 1
1702, 0
1703, 0
1704, 0
1705, 0
1706, 4
1707, 2
1708, 0
1709, 1
1710, 0
1711, 0
1712, 3
1713, 3
1714, 4
1715, 1
1716, 0
1717, 0
1718, 0
1719, 1
1720, 0
1721, 1
1722, 1
1723, 0
1724, 2
1725, 0
1726, 3
1727, 0
1728, 1
1729, 4
1730, 1
1731, 0
1732, 3
1733, 3
1734, 0
1735, 3
1736, 0
1737, 0
1738, 0
1739, 3
1740, 4
1741, 4
1742, 1
1743, 0
1744, 1
1745, 1
1746, 4
1747, 3
1748, 0
1749, 0
1750, 0
1751, 0
1752, 0
1753, 2
1754, 4
1755, 0
1756, 0
1757, 2
1758, 0
1759, 1
1760, 0
1761, 0
1762, 0
1763, 0
1764, 1
1765, 3
1766, 4
1767, 1
1768, 0
1769, 0
1770, 0
1771, 1
1772, 0
1773, 0
1774, 0
1775, 0
1776, 0
1777, 0
1778, 0
1779, 1
1780, 4
1781, 1
1782, 4
1783, 0
1784, 0
1785, 2
1786, 1
1787, 0
1788, 4
1789, 0
1790, 1
1791, 3
1792, 3
1793, 3
1794, 2
1795, 0
1796, 2
1797, 0
1798, 1
1799, 1
1800, 0
1801, 0
1802, 0
1803, 3
1804, 4
1805, 0
1806, 3
1807, 3
1808, 2
1809, 2
1810, 0
1811, 0
1812, 0
1813, 0
1814, 0
1815, 0
1816, 1
1817, 0
1818, 4
1819, 4
1820, 0
1821, 0
1822, 0
1823, 0
1824, 1
1825, 4
1826, 4
1827, 4
1828, 1
1829, 1
1830, 3
1831, 0
1832, 4
1833, 1
1834, 3
1835, 4
1836, 0
1837, 0
1838, 4
1839, 1
1840, 4
1841, 4
1842, 0
1843, 3
1844, 0
1845, 2
1846, 3
1847, 0
1848, 0
1849, 3
1850, 0
1851, 4
1852, 4
1853, 1
1854, 1
1855, 3
1856, 0
1857, 2
1858, 0
1859, 0
1860, 0
1861, 0
1862, 1
1863, 0
1864, 3
1865, 1
1866, 1
1867, 2
1868, 0
1869, 0
1870, 0
1871, 2
1872, 0
1873, 0
1874, 1
1875, 0
1876, 0
1877, 3
1878, 0
1879, 4
1880, 4
1881, 0
1882, 4
1883, 0
1884, 3
1885, 0
1886, 3
1887, 0
1888, 3
1889, 0
1890, 4
1891, 4
1892, 1
1893, 1
1894, 0
1895, 0
1896, 0
1897, 1
1898, 1
1899, 0
1900, 0
1901, 0
1902, 3
1903, 4
1904, 3
1905, 4
1906, 4
1907, 3
1908, 0
1909, 3
1910, 2
1911, 0
1912, 3
1913, 1
1914, 0
1915, 0
1916, 0
1917, 0
1918, 0
1919, 3
1920, 0
1921, 3
1922, 0
1923, 0
1924, 0
1925, 3
1926, 4
1927, 0
1928, 0
1929, 1
1930, 4
1931, 4
1932, 0
1933, 4
1934, 1
1935, 3
1936, 0
1937, 0
1938, 1
1939, 0
1940, 2
1941, 0
1942, 2
1943, 0
1944, 0
1945, 0
1946, 0
1947, 0
1948, 0
1949, 0
1950, 1
1951, 1
1952, 0
1953, 0
1954, 0
1955, 0
1956, 4
1957, 0
1958, 0
1959, 0
1960, 1
1961, 0
1962, 4
1963, 0
1964, 1
1965, 4
1966, 0
1967, 0
1968, 0
1969, 0
1970, 3
1971, 0
1972, 0
1973, 0
1974, 1
1975, 3
1976, 3
1977, 0
1978, 0
1979, 1
1980, 0
1981, 2
1982, 1
1983, 3
1984, 1
1985, 0
1986, 4
1987, 1
1988, 2
1989, 4
1990, 1
1991, 0
1992, 0
1993, 4
1994, 0
1995, 0
1996, 0
1997, 0
1998, 2
1999, 4
2000, 1
2001, 4
2002, 1
2003, 0
2004, 0
2005, 0
2006, 2
2007, 0
2008, 0
2009, 3
2010, 0
2011, 0
2012, 4
2013, 4
2014, 4
2015, 0
2016, 0
2017, 0
2018, 2
2019, 3
2020, 0
2021, 2
2022, 0
2023, 0
2024, 1
2025, 1
2026, 2
2027, 1
2028, 0
2029, 0
2030, 0
2031, 0
2032, 0
2033, 3
2034, 2
2035, 4
2036, 0
2037, 1
2038, 3
2039, 2
2040, 4
2041, 3
2042, 0
2043, 0
2044, 3
2045, 0
2046, 0
2047, 3
2048, 2
2049, 0
2050, 0
2051, 0
2052, 0
2053, 3
2054, 0
2055, 3
2056, 0
2057, 0
2058, 0
2059, 2
2060, 0
2061, 0
2062, 3
2063, 0
2064, 0
2065, 3
2066, 3
2067, 4
2068, 3
2069, 3
2070, 2
2071, 0
2072, 4
2073, 0
2074, 1
2075, 0
2076, 0
2077, 3
2078, 0
2079, 1
2080, 0
2081, 0
2082, 0
2083, 4
2084, 0
2085, 3
2086, 0
2087, 0
2088, 0
2089, 3
2090, 0
2091, 2
2092, 0
2093, 0
2094, 2
2095, 1
2096, 3
2097, 0
2098, 0
2099, 2
2100, 1
2101, 1
2102, 1
2103, 4
2104, 0
2105, 0
2106, 4
2107, 1
2108, 1
2109, 0
2110, 1
2111, 0
2112, 0
2113, 1
2114, 2
2115, 4
2116, 1
2117, 0
2118, 0
2119, 3
2120, 0
2121, 2
2122, 0
2123, 3
2124, 3
2125, 3
2126, 0
2127, 4
2128, 0
2129, 0
2130, 3
2131, 4
2132, 3
2133, 0
2134, 4
2135, 3
2136, 0
2137, 0
2138, 1
2139, 0
2140, 0
2141, 0
2142, 4
2143, 1
2144, 1
2145, 4
2146, 1
2147, 3
2148, 4
2149, 0
2150, 3
2151, 4
2152, 3
2153, 3
2154, 0
2155, 1
2156, 3
2157, 3
2158, 0
2159, 1
2160, 0
2161, 3
2162, 0
2163, 0
2164, 0
2165, 0
2166, 3
2167, 0
2168, 4
2169, 1
2170, 2
2171, 0
2172, 2
2173, 0
2174, 0
2175, 0
2176, 0
2177, 0
2178, 0
2179, 1
2180, 0
2181, 1
2182, 0
2183, 2
2184, 1
2185, 4
2186, 0
2187, 0
2188, 4
2189, 2
2190, 3
2191, 0
2192, 0
2193, 2
2194, 1
2195, 1
2196, 1
2197, 3
2198, 0
2199, 0
2200, 1
2201, 0
2202, 0
2203, 0
2204, 0
2205, 0
2206, 0
2207, 0
2208, 4
2209, 0
2210, 2
2211, 2
2212, 4
2213, 1
2214, 3
2215, 1
2216, 0
2217, 1
2218, 3
2219, 1
2220, 0
2221, 0
2222, 0
2223, 4
2224, 3
2225, 0
2226, 4
2227, 4
2228, 1
2229, 1
2230, 0
2231, 3
2232, 4
2233, 0
2234, 1
2235, 0
2236, 0
2237, 2
2238, 3
2239, 0
2240, 0
2241, 0
2242, 2
2243, 1
2244, 0
2245, 2
2246, 0
2247, 0
2248, 3
2249, 0
2250, 3
2251, 3
2252, 0
2253, 0
2254, 0
2255, 0
2256, 0
2257, 0
2258, 0
2259, 1
2260, 3
2261, 0
2262, 3
2263, 3
2264, 3
2265, 0
2266, 0
2267, 0
2268, 3
2269, 1
2270, 0
2271, 4
2272, 3
2273, 0
2274, 0
2275, 0
2276, 2
2277, 1
2278, 0
2279, 0
2280, 0
2281, 3
2282, 3
2283, 0
2284, 0
2285, 0
2286, 1
2287, 0
2288, 0
2289, 0
2290, 3
2291, 3
2292, 4
2293, 0
2294, 0
2295, 0
2296, 2
2297, 0
2298, 0
2299, 0
2300, 0
2301, 0
2302, 0
2303, 0
2304, 0
2305, 0
2306, 3
2307, 2
2308, 2
2309, 2
2310, 0
2311, 4
2312, 0
2313, 4
2314, 3
2315, 0
2316, 1
2317, 4
2318, 2
2319, 1
2320, 4
2321, 0
2322, 0
2323, 4
2324, 0
2325, 0
2326, 3
2327, 1
2328, 0
2329, 0
2330, 0
2331, 0
2332, 3
2333, 0
2334, 0
2335, 0
2336, 4
2337, 0
2338, 3
2339, 4
2340, 3
2341, 4
2342, 3
2343, 0
2344, 3
2345, 3
2346, 1
2347, 0
2348, 1
2349, 3
2350, 2
2351, 3
2352, 0
2353, 1
2354, 1
2355, 2
2356, 0
2357, 0
2358, 4
2359, 0
2360, 3
2361, 2
2362, 0
2363, 0
2364, 0
2365, 4
2366, 0
2367, 1
2368, 3
2369, 2
2370, 1
2371, 0
2372, 2
2373, 2
2374, 0
2375, 2
2376, 1
2377, 0
2378, 4
2379, 4
2380, 1
2381, 0
2382, 4
2383, 0
2384, 0
2385, 0
2386, 2
2387, 3
2388, 0
2389, 1
2390, 4
2391, 2
2392, 0
2393, 4
2394, 3
2395, 1
2396, 3
2397, 0
2398, 1
2399, 0
2400, 0
2401, 2
2402, 0
2403, 0
2404, 0
2405, 0
2406, 0
2407, 2
2408, 4
2409, 1
2410, 1
2411, 3
2412, 3
2413, 3
2414, 0
2415, 1
2416, 0
2417, 0
2418, 1
2419, 4
2420, 0
2421, 0
2422, 0
2423, 4
2424, 4
2425, 2
2426, 3
2427, 1
2428, 0
2429, 1
2430, 0
2431, 2
2432, 3
2433, 4
2434, 2
2435, 0
2436, 1
2437, 3
2438, 0
2439, 3
2440, 0
2441, 2
2442, 2
2443, 0
2444, 0
2445, 0
2446, 1
2447, 1
2448, 3
2449, 0
2450, 0
2451, 3
2452, 0
2453, 3
2454, 0
2455, 3
2456, 0
2457, 1
2458, 3
2459, 0
2460, 0
2461, 1
2462, 1
2463, 0
2464, 3
2465, 0
2466, 0
2467, 4
2468, 0
2469, 3
2470, 1
2471, 1
2472, 0
2473, 1
2474, 0
2475, 0
2476, 0
2477, 0
2478, 0
2479, 0
2480, 3
2481, 0
2482, 0
2483, 0
2484, 4
2485, 0
2486, 1
2487, 0
2488, 3
2489, 1
2490, 0
2491, 1
2492, 4
2493, 4
2494, 0
2495, 0
2496, 4
2497, 0
2498, 4
2499, 1
2500, 4
2501, 1
2502, 3
2503, 3
2504, 1
2505, 1
2506, 0
2507, 0
2508, 4
2509, 0
2510, 4
2511, 0
2512, 0
2513, 0
2514, 4
2515, 3
2516, 3
2517, 1
2518, 1
2519, 3
2520, 3
2521, 0
2522, 1
2523, 0
2524, 0
2525, 0
2526, 3
2527, 0
2528, 0
2529, 3
2530, 4
2531, 4
2532, 2
2533, 3
2534, 1
2535, 0
2536, 0
2537, 1
2538, 1
2539, 2
2540, 2
2541, 0
2542, 4
2543, 0
2544, 0
2545, 0
2546, 0
2547, 3
2548, 0
2549, 3
2550, 2
2551, 1
2552, 0
2553, 4
2554, 0
2555, 0
2556, 0
2557, 4
2558, 3
2559, 3
2560, 3
2561, 0
2562, 0
2563, 4
2564, 0
2565, 0
2566, 1
2567, 2
2568, 0
2569, 3
2570, 2
2571, 0
2572, 2
2573, 0
2574, 1
2575, 3
2576, 1
2577, 0
2578, 4
2579, 0
2580, 3
2581, 3
2582, 0
2583, 0
2584, 3
2585, 1
2586, 4
2587, 0
2588, 2
2589, 0
2590, 1
2591, 4
2592, 1
2593, 4
2594, 3
2595, 0
2596, 3
2597, 0
2598, 0
2599, 0
2600, 1
2601, 3
2602, 0
2603, 0
2604, 1
2605, 1
2606, 0
2607, 0
2608, 1
2609, 0
2610, 3
2611, 3
2612, 0
2613, 3
2614, 2
2615, 0
2616, 0
2617, 0
2618, 0
2619, 3
2620, 2
2621, 3
2622, 3
2623, 0
2624, 0
2625, 0
2626, 0
2627, 0
2628, 3
2629, 0
2630, 1
2631, 0
2632, 1
2633, 0
2634, 1
2635, 3
2636, 0
2637, 0
2638, 0
2639, 0
2640, 0
2641, 0
2642, 0
2643, 1
2644, 0
2645, 0
2646, 2
2647, 0
2648, 4
2649, 0
2650, 3
2651, 3
2652, 1
2653, 1
2654, 3
2655, 4
2656, 0
2657, 4
2658, 1
2659, 4
2660, 0
2661, 0
2662, 1
2663, 1
2664, 4
2665, 0
2666, 0
2667, 1
2668, 4
2669, 0
2670, 3
2671, 0
2672, 0
2673, 1
2674, 3
2675, 1
2676, 1
2677, 0
2678, 4
2679, 3
2680, 1
2681, 3
2682, 3
2683, 0
2684, 2
2685, 3
2686, 1
2687, 0
2688, 0
2689, 0
2690, 0
2691, 4
2692, 0
2693, 0
2694, 0
2695, 1
2696, 0
2697, 4
2698, 3
2699, 4
2700, 0
2701, 0
2702, 0
2703, 1
2704, 0
2705, 0
2706, 4
2707, 4
2708, 3
2709, 1
2710, 3
2711, 3
2712, 1
2713, 0
2714, 1
2715, 1
2716, 4
2717, 3
2718, 0
2719, 0
2720, 0
2721, 1
2722, 4
2723, 1
2724, 2
2725, 3
2726, 0
2727, 4
2728, 4
2729, 1
2730, 0
2731, 0
2732, 0
2733, 1
2734, 2
2735, 0
2736, 4
2737, 3
2738, 1
2739, 0
2740, 4
2741, 4
2742, 4
2743, 0
2744, 3
2745, 0
2746, 1
2747, 0
2748, 0
2749, 0
2750, 2
2751, 0
2752, 1
2753, 0
2754, 1
2755, 0
2756, 0
2757, 3
2758, 4
2759, 2
2760, 0
2761, 1
2762, 1
2763, 0
2764, 1
2765, 1
2766, 3
2767, 2
2768, 4
2769, 3
2770, 0
2771, 0
2772, 3
2773, 2
2774, 4
2775, 0
2776, 0
2777, 1
2778, 0
2779, 0
2780, 0
2781, 0
2782, 0
2783, 3
2784, 3
2785, 0
2786, 0
2787, 0
2788, 0
2789, 0
2790, 0
2791, 3
2792, 1
2793, 3
2794, 0
2795, 2
2796, 0
2797, 3
2798, 0
2799, 4
2800, 3
2801, 2
2802, 3
2803, 1
2804, 1
2805, 1
2806, 0
2807, 0
2808, 4
2809, 2
2810, 4
2811, 0
2812, 1
2813, 0
2814, 0
2815, 3
2816, 1
2817, 4
2818, 1
2819, 1
2820, 0
2821, 4
2822, 0
2823, 1
2824, 0
2825, 1
2826, 3
2827, 3
2828, 3
2829, 4
2830, 4
2831, 1
2832, 4
2833, 3
2834, 3
2835, 0
2836, 4
2837, 0
2838, 2
2839, 0
2840, 3
2841, 0
2842, 3
2843, 0
2844, 0
2845, 1
2846, 3
2847, 0
2848, 0
2849, 3
2850, 3
2851, 0
2852, 0
2853, 3
2854, 3
2855, 3
2856, 1
2857, 3
2858, 0
2859, 4
2860, 1
2861, 3
2862, 3
2863, 0
2864, 1
2865, 3
2866, 4
2867, 0
2868, 3
2869, 1
2870, 4
2871, 2
2872, 3
2873, 0
2874, 0
2875, 4
2876, 1
2877, 1
2878, 0
2879, 0
2880, 0
2881, 0
2882, 4
2883, 1
2884, 2
2885, 0
2886, 1
2887, 0
2888, 3
2889, 4
2890, 1
2891, 3
2892, 0
2893, 3
2894, 4
2895, 3
2896, 4
2897, 0
2898, 0
2899, 4
2900, 1
2901, 0
2902, 3
2903, 0
2904, 0
2905, 3
2906, 3
2907, 0
2908, 4
2909, 0
2910, 1
2911, 0
2912, 0
2913, 4
2914, 0
2915, 0
2916, 4
2917, 1
2918, 0
2919, 0
2920, 0
2921, 3
2922, 3
2923, 1
2924, 3
2925, 0
2926, 1
2927, 0
2928, 2
2929, 0
2930, 0
2931, 0
2932, 0
2933, 0
2934, 1
2935, 0
2936, 0
2937, 0
2938, 2
2939, 3
2940, 0
2941, 1
2942, 0
2943, 0
2944, 3
2945, 0
2946, 3
2947, 1
2948, 3
2949, 3
2950, 0
2951, 4
2952, 1
2953, 4
2954, 1
2955, 0
2956, 0
2957, 0
2958, 0
2959, 1
2960, 0
2961, 0
2962, 0
2963, 0
2964, 0
2965, 0
2966, 1
2967, 0
2968, 1
2969, 0
2970, 1
2971, 0
2972, 4
2973, 0
2974, 0
2975, 0
2976, 0
2977, 1
2978, 3
2979, 1
2980, 3
2981, 1
2982, 0
2983, 0
2984, 1
2985, 0
2986, 0
2987, 1
2988, 0
2989, 0
2990, 0
2991, 0
2992, 1
2993, 1
2994, 0
2995, 1
2996, 3
2997, 1
2998, 1
2999, 1
3000, 1
3001, 1
3002, 4
3003, 0
3004, 0
3005, 0
3006, 4
3007, 0
3008, 1
3009, 4
3010, 1
3011, 0
3012, 4
3013, 0
3014, 1
3015, 0
3016, 0
3017, 0
3018, 0
3019, 0
3020, 1
3021, 0
3022, 0
3023, 2
3024, 0
3025, 0
3026, 0
3027, 0
3028, 0
3029, 1
3030, 0
3031, 1
3032, 0
3033, 0
3034, 0
3035, 1
3036, 1
3037, 0
3038, 1
3039, 0
3040, 0
3041, 1
3042, 0
3043, 3
3044, 3
3045, 4
3046, 1
3047, 4
3048, 1
3049, 0
3050, 4
3051, 3
3052, 1
3053, 4
3054, 1
3055, 0
3056, 4
3057, 4
3058, 3
3059, 0
3060, 0
3061, 0
3062, 1
3063, 3
3064, 4
3065, 4
3066, 0
3067, 1
3068, 0
3069, 0
3070, 0
3071, 0
3072, 0
3073, 4
3074, 3
3075, 0
3076, 1
3077, 2
3078, 4
3079, 2
3080, 0
3081, 0
3082, 0
3083, 1
3084, 0
3085, 3
3086, 1
3087, 0
3088, 4
3089, 3
3090, 0
3091, 1
3092, 4
3093, 0
3094, 0
3095, 1
3096, 0
3097, 0
3098, 1
3099, 0
3100, 1
3101, 3
3102, 0
3103, 0
3104, 3
3105, 0
3106, 0
3107, 0
3108, 4
3109, 3
3110, 2
3111, 0
3112, 0
3113, 0
3114, 0
3115, 0
3116, 0
3117, 0
3118, 1
3119, 2
3120, 1
3121, 3
3122, 4
3123, 0
3124, 1
3125, 4
3126, 3
3127, 0
3128, 0
3129, 1
3130, 1
3131, 3
3132, 0
3133, 0
3134, 3
3135, 3
3136, 1
3137, 0
3138, 0
3139, 1
3140, 1
3141, 3
3142, 3
3143, 2
3144, 1
3145, 0
3146, 0
3147, 4
3148, 0
3149, 0
3150, 1
3151, 0
3152, 1
3153, 1
3154, 3
3155, 0
3156, 1
3157, 1
3158, 1
3159, 1
3160, 0
3161, 0
3162, 2
3163, 0
3164, 0
3165, 0
3166, 2
3167, 1
3168, 0
3169, 4
3170, 0
3171, 0
3172, 0
3173, 0
3174, 1
3175, 0
3176, 1
3177, 4
3178, 4
3179, 3
3180, 1
3181, 0
3182, 1
3183, 0
3184, 1
3185, 2
3186, 0
3187, 0
3188, 0
3189, 0
3190, 1
3191, 0
3192, 3
3193, 1
3194, 0
3195, 2
3196, 0
3197, 3
3198, 0
3199, 0
3200, 0
3201, 4
3202, 4
3203, 4
3204, 0
3205, 1
3206, 3
3207, 0
3208, 4
3209, 3
3210, 0
3211, 4
3212, 3
3213, 1
3214, 0
3215, 2
3216, 0
3217, 0
3218, 0
3219, 0
3220, 1
3221, 0
3222, 0
3223, 2
3224, 0
3225, 3
3226, 4
3227, 3
3228, 1
3229, 0
3230, 3
3231, 0
3232, 4
3233, 0
3234, 1
3235, 0
3236, 4
3237, 1
3238, 4
3239, 1
3240, 1
3241, 0
3242, 0
3243, 3
3244, 0
3245, 3
3246, 0
3247, 2
3248, 0
3249, 4
3250, 3
3251, 3
3252, 1
3253, 1
3254, 1
3255, 3
3256, 0
3257, 3
3258, 1
3259, 0
3260, 0
3261, 3
3262, 0
3263, 0
3264, 1
3265, 0
3266, 4
3267, 0
3268, 4
3269, 4
3270, 1
3271, 3
3272, 1
3273, 2
3274, 0
3275, 0
3276, 0
3277, 0
3278, 0
3279, 0
3280, 0
3281, 1
3282, 4
3283, 0
3284, 0
3285, 3
3286, 3
3287, 1
3288, 0
3289, 4
3290, 0
3291, 0
3292, 2
3293, 0
3294, 2
3295, 4
3296, 4
3297, 1
3298, 0
3299, 0
3300, 4
3301, 0
3302, 4
3303, 4
3304, 1
3305, 0
3306, 0
3307, 3
3308, 3
3309, 0
3310, 4
3311, 1
3312, 0
3313, 3
3314, 4
3315, 3
3316, 4
3317, 1
3318, 4
3319, 2
3320, 3
3321, 0
3322, 0
3323, 2
3324, 1
3325, 3
3326, 3
3327, 1
3328, 1
3329, 0
3330, 0
3331, 4
3332, 0
3333, 3
3334, 0
3335, 4
3336, 3
3337, 3
3338, 1
3339, 0
3340, 1
3341, 0
3342, 1
3343, 3
3344, 0
3345, 0
3346, 3
3347, 4
3348, 4
3349, 3
3350, 0
3351, 0
3352, 3
3353, 3
3354, 0
3355, 0
3356, 1
3357, 3
3358, 1
3359, 3
3360, 1
3361, 0
3362, 0
3363, 1
3364, 0
3365, 0
3366, 1
3367, 3
3368, 1
3369, 0
3370, 3
3371, 0
3372, 1
3373, 1
3374, 3
3375, 3
3376, 2
3377, 0
3378, 3
3379, 0
3380, 0
3381, 0
3382, 1
3383, 1
3384, 3
3385, 3
3386, 0
3387, 0
3388, 0
3389, 0
3390, 0
3391, 1
3392, 0
3393, 1
3394, 4
3395, 3
3396, 3
3397, 1
3398, 3
3399, 0
3400, 1
3401, 1
3402, 1
3403, 3
3404, 0
3405, 0
3406, 1
3407, 3
3408, 3
3409, 0
3410, 0
3411, 0
3412, 2
3413, 1
3414, 1
3415, 3
3416, 0
3417, 0
3418, 3
3419, 1
3420, 0
3421, 2
3422, 3
3423, 3
3424, 3
3425, 0
3426, 0
3427, 0
3428, 4
3429, 0
3430, 3
3431, 0
3432, 4
3433, 4
3434, 0
3435, 0
3436, 0
3437, 3
3438, 3
3439, 3
3440, 1
3441, 1
3442, 0
3443, 3
3444, 0
3445, 3
3446, 0
3447, 0
3448, 2
3449, 1
3450, 0
3451, 0
3452, 4
3453, 0
3454, 1
3455, 0
3456, 0
3457, 0
3458, 0
3459, 3
3460, 4
3461, 3
3462, 1
3463, 0
3464, 0
3465, 1
3466, 1
3467, 0
3468, 4
3469, 3
3470, 2
3471, 4
3472, 0
3473, 3
3474, 0
3475, 3
3476, 0
3477, 2
3478, 0
3479, 3
3480, 1
3481, 3
3482, 0
3483, 2
3484, 0
3485, 1
3486, 0
3487, 0
3488, 1
3489, 0
3490, 1
3491, 0
3492, 4
3493, 1
3494, 4
3495, 2
3496, 2
3497, 3
3498, 3
3499, 1
3500, 1
3501, 1
3502, 0
3503, 1
3504, 0
3505, 0
3506, 0
3507, 0
3508, 3
3509, 0
3510, 0
3511, 1
3512, 4
3513, 3
3514, 3
3515, 0
3516, 0
3517, 0
3518, 0
3519, 0
3520, 0
3521, 3
3522, 0
3523, 0
3524, 0
3525, 0
3526, 1
3527, 3
3528, 0
3529, 0
3530, 1
3531, 0
3532, 0
3533, 0
3534, 4
3535, 3
3536, 3
3537, 0
3538, 2
3539, 4
3540, 1
3541, 0
3542, 3
3543, 4
3544, 1
3545, 3
3546, 4
3547, 0
3548, 0
3549, 3
3550, 0
3551, 0
3552, 0
3553, 1
3554, 2
3555, 4
3556, 4
3557, 2
3558, 2
3559, 2
3560, 0
3561, 2
3562, 3
3563, 2
3564, 4
3565, 4
3566, 0
3567, 2
3568, 3
3569, 4
3570, 4
3571, 0
3572, 1
3573, 0
3574, 2
3575, 3
3576, 3
3577, 0
3578, 2
3579, 0
3580, 2
3581, 0
3582, 0
3583, 4
3584, 0
3585, 0
3586, 0
3587, 0
3588, 0
3589, 0
3590, 1
3591, 0
3592, 1
3593, 0
3594, 0
3595, 3
3596, 0
3597, 3
3598, 0
3599, 0
3600, 0
3601, 0
3602, 1
3603, 3
3604, 0
3605, 3
3606, 1
3607, 3
3608, 2
3609, 0
3610, 0
3611, 3
3612, 0
3613, 0
3614, 0
3615, 0
3616, 1
3617, 0
3618, 0
3619, 0
3620, 0
3621, 0
3622, 3
3623, 3
3624, 3
3625, 0
3626, 3
3627, 1
3628, 0
3629, 0
3630, 0
3631, 3
3632, 4
3633, 2
3634, 1
3635, 0
3636, 0
3637, 0
3638, 2
3639, 2
3640, 1
3641, 3
3642, 2
3643, 0
3644, 0
3645, 1
3646, 0
3647, 4
3648, 4
3649, 2
3650, 1
3651, 3
3652, 0
3653, 3
3654, 4
3655, 0
3656, 1
3657, 3
3658, 4
3659, 1
3660, 0
3661, 0
3662, 0
3663, 0
3664, 1
3665, 3
3666, 0
3667, 1
3668, 3
3669, 0
3670, 1
3671, 4
3672, 0
3673, 0
3674, 1
3675, 3
3676, 3
3677, 3
3678, 2
3679, 3
3680, 0
3681, 0
3682, 0
3683, 0
3684, 1
3685, 0
3686, 4
3687, 0
3688, 0
3689, 1
3690, 4
3691, 4
3692, 0
3693, 0
3694, 1
3695, 2
3696, 4
3697, 0
3698, 1
3699, 0
3700, 0
3701, 2
3702, 0
3703, 0
3704, 0
3705, 0
3706, 4
3707, 0
3708, 4
3709, 0
3710, 0
3711, 1
3712, 3
3713, 0
3714, 0
3715, 3
3716, 0
3717, 1
3718, 4
3719, 2
3720, 0
3721, 1
3722, 4
3723, 3
3724, 3
3725, 0
3726, 0
3727, 2
3728, 1
3729, 0
3730, 0
3731, 0
3732, 1
3733, 0
3734, 2
3735, 3
3736, 2
3737, 1
3738, 3
3739, 0
3740, 0
3741, 1
3742, 3
3743, 1
3744, 1
3745, 3
3746, 0
3747, 1
3748, 2
3749, 0
3750, 0
3751, 4
3752, 1
3753, 0
3754, 0
3755, 0
3756, 1
3757, 0
3758, 0
3759, 0
3760, 0
3761, 3
3762, 0
3763, 1
3764, 0
3765, 0
3766, 0
3767, 4
3768, 2
3769, 0
3770, 0
3771, 0
3772, 3
3773, 1
3774, 1
3775, 0
3776, 0
3777, 3
3778, 0
3779, 4
3780, 0
3781, 1
3782, 0
3783, 0
3784, 0
3785, 0
3786, 2
3787, 2
3788, 2
3789, 4
3790, 3
3791, 0
3792, 0
3793, 0
3794, 0
3795, 3
3796, 0
3797, 0
3798, 0
3799, 3
3800, 1
3801, 1
3802, 0
3803, 3
3804, 1
3805, 1
3806, 0
3807, 1
3808, 3
3809, 3
3810, 0
3811, 1
3812, 4
3813, 3
3814, 1
3815, 3
3816, 0
3817, 0
3818, 3
3819, 3
3820, 0
3821, 0
3822, 0
3823, 4
3824, 3
3825, 4
3826, 0
3827, 0
3828, 1
3829, 0
3830, 1
3831, 3
3832, 2
3833, 3
3834, 2
3835, 0
3836, 0
3837, 1
3838, 1
3839, 3
3840, 3
3841, 4
3842, 0
3843, 1
3844, 0
3845, 0
3846, 0
3847, 0
3848, 1
3849, 4
3850, 1
3851, 4
3852, 1
3853, 0
3854, 3
3855, 3
3856, 0
3857, 0
3858, 1
3859, 1
3860, 3
3861, 4
3862, 4
3863, 3
3864, 1
3865, 0
3866, 1
3867, 0
3868, 0
3869, 0
3870, 3
3871, 3
3872, 0
3873, 0
3874, 0
3875, 0
3876, 0
3877, 0
3878, 0
3879, 3
3880, 0
3881, 1
3882, 3
3883, 0
3884, 0
3885, 2
3886, 0
3887, 4
3888, 1
3889, 3
3890, 1
3891, 1
3892, 0
3893, 2
3894, 2
3895, 0
3896, 0
3897, 1
3898, 0
3899, 0
3900, 1
3901, 0
3902, 0
3903, 0
3904, 0
3905, 0
3906, 4
3907, 0
3908, 4
3909, 4
3910, 3
3911, 0
3912, 0
3913, 2
3914, 2
3915, 0
3916, 1
3917, 0
3918, 0
3919, 1
3920, 0
3921, 0
3922, 0
3923, 0
3924, 0
3925, 0
3926, 0
3927, 1
3928, 0
3929, 1
3930, 3
3931, 0
3932, 2
3933, 2
3934, 0
3935, 0
3936, 0
3937, 0
3938, 4
3939, 0
3940, 0
3941, 0
3942, 3
3943, 0
3944, 3
3945, 0
3946, 3
3947, 3
3948, 0
3949, 0
3950, 0
3951, 4
3952, 3
3953, 0
3954, 1
3955, 0
3956, 4
3957, 4
3958, 0
3959, 1
3960, 3
3961, 4
3962, 3
3963, 0
3964, 0
3965, 0
3966, 0
3967, 4
3968, 0
3969, 3
3970, 0
3971, 4
3972, 3
3973, 0
3974, 0
3975, 0
3976, 4
3977, 3
3978, 0
3979, 0
3980, 3
3981, 0
3982, 1
3983, 4
3984, 1
3985, 4
3986, 4
3987, 1
3988, 1
3989, 1
3990, 4
3991, 0
3992, 0
3993, 1
3994, 0
3995, 4
3996, 0
3997, 0
3998, 1
3999, 1
4000, 3
4001, 0
4002, 0
4003, 3
4004, 0
4005, 0
4006, 0
4007, 0
4008, 0
4009, 4
4010, 0
4011, 0
4012, 3
4013, 0
4014, 1
4015, 0
4016, 0
4017, 0
4018, 3
4019, 4
4020, 0
4021, 4
4022, 2
4023, 0
4024, 2
4025, 0
4026, 0
4027, 0
4028, 4
4029, 0
4030, 2
4031, 0
4032, 4
4033, 1
4034, 1
4035, 3
4036, 0
4037, 0
4038, 0
4039, 0
4040, 0
4041, 1
4042, 4
4043, 0
4044, 0
4045, 0
4046, 0
4047, 0
4048, 0
4049, 1
4050, 4
4051, 4
4052, 0
4053, 0
4054, 3
4055, 0
4056, 1
4057, 0
4058, 0
4059, 1
4060, 4
4061, 1
4062, 0
4063, 3
4064, 0
4065, 3
4066, 0
4067, 3
4068, 1
4069, 3
4070, 0
4071, 0
4072, 0
4073, 0
4074, 0
4075, 1
4076, 0
4077, 4
4078, 0
4079, 4
4080, 1
4081, 3
4082, 0
4083, 0
4084, 3
4085, 3
4086, 1
4087, 3
4088, 3
4089, 0
4090, 1
4091, 0
4092, 0
4093, 2
4094, 0
4095, 1
4096, 1
4097, 0
4098, 1
4099, 0
4100, 0
4101, 0
4102, 3
4103, 0
4104, 4
4105, 4
4106, 4
4107, 0
4108, 0
4109, 3
4110, 0
4111, 0
4112, 0
4113, 0
4114, 0
4115, 0
4116, 3
4117, 2
4118, 1
4119, 0
4120, 0
4121, 0
4122, 2
4123, 0
4124, 0
4125, 0
4126, 3
4127, 3
4128, 1
4129, 1
4130, 3
4131, 3
4132, 0
4133, 1
4134, 0
4135, 0
4136, 0
4137, 0
4138, 4
4139, 1
4140, 1
4141, 3
4142, 3
4143, 0
4144, 0
4145, 1
4146, 1
4147, 4
4148, 0
4149, 0
4150, 0
4151, 0
4152, 1
4153, 2
4154, 0
4155, 0
4156, 1
4157, 0
4158, 0
4159, 3
4160, 3
4161, 0
4162, 0
4163, 0
4164, 0
4165, 3
4166, 0
4167, 3
4168, 4
4169, 2
4170, 0
4171, 4
4172, 0
4173, 0
4174, 0
4175, 0
4176, 0
4177, 0
4178, 4
4179, 0
4180, 3
4181, 4
4182, 0
4183, 0
4184, 0
4185, 0
4186, 1
4187, 1
4188, 0
4189, 0
4190, 3
4191, 3
4192, 0
4193, 2
4194, 0
4195, 0
4196, 0
4197, 0
4198, 0
4199, 0
4200, 1
4201, 2
4202, 1
4203, 0
4204, 1
4205, 0
4206, 1
4207, 1
4208, 0
4209, 0
4210, 0
4211, 4
4212, 1
4213, 1
4214, 3
4215, 4
4216, 4
4217, 0
4218, 0
4219, 1
4220, 1
4221, 4
4222, 0
4223, 0
4224, 3
4225, 0
4226, 4
4227, 0
4228, 0
4229, 1
4230, 0
4231, 0
4232, 0
4233, 3
4234, 4
4235, 1
4236, 1
4237, 0
4238, 0
4239, 1
4240, 0
4241, 0
4242, 1
4243, 0
4244, 1
4245, 1
4246, 0
4247, 1
4248, 4
4249, 4
4250, 4
4251, 0
4252, 1
4253, 2
4254, 1
4255, 3
4256, 0
4257, 1
4258, 0
4259, 2
4260, 0
4261, 0
4262, 0
4263, 0
4264, 0
4265, 1
4266, 0
4267, 3
4268, 1
4269, 4
4270, 0
4271, 4
4272, 4
4273, 4
4274, 3
4275, 0
4276, 0
4277, 4
4278, 1
4279, 1
4280, 0
4281, 1
4282, 1
4283, 3
4284, 0
4285, 0
4286, 0
4287, 4
4288, 0
4289, 3
4290, 3
4291, 3
4292, 0
4293, 0
4294, 1
4295, 1
4296, 0
4297, 2
4298, 3
4299, 2
4300, 0
4301, 0
4302, 4
4303, 0
4304, 0
4305, 0
4306, 4
4307, 3
4308, 2
4309, 0
4310, 1
4311, 0
4312, 3
4313, 0
4314, 0
4315, 1
4316, 0
4317, 1
4318, 3
4319, 0
4320, 0
4321, 0
4322, 0
4323, 2
4324, 4
4325, 1
4326, 0
4327, 3
4328, 4
4329, 0
4330, 4
4331, 2
4332, 4
4333, 0
4334, 1
4335, 0
4336, 4
4337, 0
4338, 0
4339, 1
4340, 0
4341, 0
4342, 3
4343, 1
4344, 3
4345, 0
4346, 0
4347, 0
4348, 4
4349, 4
4350, 0
4351, 0
4352, 0
4353, 0
4354, 3
4355, 1
4356, 0
4357, 0
4358, 0
4359, 1
4360, 1
4361, 3
4362, 3
4363, 0
4364, 4
4365, 3
4366, 1
4367, 3
4368, 0
4369, 1
4370, 0
4371, 4
4372, 0
4373, 4
4374, 4
4375, 0
4376, 0
4377, 1
4378, 1
4379, 0
4380, 0
4381, 0
4382, 0
4383, 1
4384, 0
4385, 0
4386, 0
4387, 0
4388, 1
4389, 1
4390, 0
4391, 0
4392, 0
4393, 0
4394, 0
4395, 0
4396, 0
4397, 1
4398, 0
4399, 4
4400, 0
4401, 4
4402, 4
4403, 0
4404, 1
4405, 0
4406, 0
4407, 3
4408, 0
4409, 0
4410, 4
4411, 2
4412, 3
4413, 1
4414, 0
4415, 0
4416, 0
4417, 0
4418, 4
4419, 4
4420, 3
4421, 3
4422, 4
4423, 4
4424, 2
4425, 0
4426, 0
4427, 0
4428, 1
4429, 4
4430, 1
4431, 0
4432, 0
4433, 1
4434, 1
4435, 0
4436, 1
4437, 0
4438, 3
4439, 0
4440, 0
4441, 0
4442, 1
4443, 0
4444, 0
4445, 4
4446, 2
4447, 4
4448, 0
4449, 1
4450, 3
4451, 4
4452, 3
4453, 3
4454, 1
4455, 0
4456, 4
4457, 0
4458, 0
4459, 3
4460, 4
4461, 1
4462, 4
4463, 1
4464, 4
4465, 0
4466, 0
4467, 0
4468, 1
4469, 0
4470, 0
4471, 0
4472, 0
4473, 0
4474, 4
4475, 0
4476, 3
4477, 4
4478, 1
4479, 0
4480, 3
4481, 0
4482, 0
4483, 0
4484, 0
4485, 1
4486, 0
4487, 0
4488, 2
4489, 0
4490, 3
4491, 1
4492, 3
4493, 0
4494, 1
4495, 4
4496, 3
4497, 0
4498, 0
4499, 0
4500, 3
4501, 3
4502, 1
4503, 3
4504, 3
4505, 0
4506, 0
4507, 0
4508, 4
4509, 3
4510, 0
4511, 0
4512, 1
4513, 4
4514, 0
4515, 0
4516, 0
4517, 0
4518, 1
4519, 0
4520, 1
4521, 0
4522, 1
4523, 0
4524, 1
4525, 0
4526, 0
4527, 1
4528, 1
4529, 0
4530, 0
4531, 1
4532, 0
4533, 0
4534, 0
4535, 3
4536, 2
4537, 0
4538, 4
4539, 0
4540, 0
4541, 0
4542, 0
4543, 0
4544, 1
4545, 0
4546, 1
4547, 1
4548, 3
4549, 1
4550, 0
4551, 0
4552, 1
4553, 3
4554, 0
4555, 4
4556, 1
4557, 0
4558, 0
4559, 0
4560, 0
4561, 1
4562, 2
4563, 1
4564, 3
4565, 4
4566, 0
4567, 4
4568, 1
4569, 0
4570, 1
4571, 0
4572, 3
4573, 2
4574, 0
4575, 3
4576, 4
4577, 0
4578, 3
4579, 0
4580, 4
4581, 1
4582, 1
4583, 3
4584, 3
4585, 0
4586, 4
4587, 0
4588, 2
4589, 0
4590, 0
4591, 1
4592, 0
4593, 3
4594, 0
4595, 4
4596, 0
4597, 0
4598, 3
4599, 2
4600, 4
4601, 4
4602, 1
4603, 0
4604, 0
4605, 4
4606, 1
4607, 0
4608, 4
4609, 0
4610, 3
4611, 1
4612, 0
4613, 1
4614, 3
4615, 1
4616, 4
4617, 4
4618, 0
4619, 0
4620, 0
4621, 1
4622, 0
4623, 1
4624, 3
4625, 0
4626, 0
4627, 3
4628, 0
4629, 1
4630, 1
4631, 0
4632, 3
4633, 4
4634, 0
4635, 0
4636, 0
4637, 0
4638, 0
4639, 0
4640, 1
4641, 1
4642, 0
4643, 1
4644, 1
4645, 3
4646, 0
4647, 1
4648, 1
4649, 0
4650, 3
4651, 3
4652, 4
4653, 3
4654, 0
4655, 4
4656, 3
4657, 0
4658, 0
4659, 0
4660, 0
4661, 3
4662, 4
4663, 4
4664, 2
4665, 3
4666, 4
4667, 3
4668, 1
4669, 1
4670, 0
4671, 4
4672, 1
4673, 1
4674, 0
4675, 2
4676, 0
4677, 1
4678, 3
4679, 2
4680, 0
4681, 3
4682, 0
4683, 0
4684, 0
4685, 1
4686, 3
4687, 4
4688, 4
4689, 3
4690, 0
4691, 3
4692, 0
4693, 0
4694, 0
4695, 1
4696, 2
4697, 4
4698, 1
4699, 3
4700, 0
4701, 0
4702, 0
4703, 0
4704, 0
4705, 3
4706, 0
4707, 2
4708, 4
4709, 1
4710, 0
4711, 0
4712, 0
4713, 0
4714, 2
4715, 0
4716, 4
4717, 0
4718, 0
4719, 4
4720, 1
4721, 1
4722, 0
4723, 3
4724, 3
4725, 0
4726, 0
4727, 3
4728, 0
4729, 0
4730, 1
4731, 0
4732, 2
4733, 0
4734, 0
4735, 0
4736, 3
4737, 0
4738, 0
4739, 0
4740, 0
4741, 4
4742, 4
4743, 0
4744, 0
4745, 1
4746, 0
4747, 3
4748, 1
4749, 0
4750, 3
4751, 0
4752, 0
4753, 3
4754, 0
4755, 4
4756, 0
4757, 1
4758, 0
4759, 0
4760, 1
4761, 1
4762, 0
4763, 4
4764, 3
4765, 0
4766, 1
4767, 3
4768, 1
4769, 3
4770, 0
4771, 4
4772, 0
4773, 1
4774, 1
4775, 1
4776, 0
4777, 0
4778, 2
4779, 4
4780, 4
4781, 0
4782, 3
4783, 1
4784, 3
4785, 0
4786, 0
4787, 3
4788, 0
4789, 0
4790, 0
4791, 0
4792, 3
4793, 3
4794, 0
4795, 4
4796, 3
4797, 3
4798, 0
4799, 0
4800, 1
4801, 0
4802, 0
4803, 0
4804, 0
4805, 0
4806, 0
4807, 1
4808, 0
4809, 3
4810, 0
4811, 2
4812, 1
4813, 1
4814, 0
4815, 0
4816, 1
4817, 3
4818, 3
4819, 1
4820, 0
4821, 3
4822, 4
4823, 3
4824, 0
4825, 3
4826, 0
4827, 0
4828, 0
4829, 0
4830, 0
4831, 0
4832, 0
4833, 1
4834, 0
4835, 4
4836, 0
4837, 0
4838, 0
4839, 3
4840, 0
4841, 1
4842, 0
4843, 0
4844, 0
4845, 1
4846, 1
4847, 1
4848, 0
4849, 3
4850, 1
4851, 3
4852, 3
4853, 0
4854, 0
4855, 2
4856, 3
4857, 1
4858, 0
4859, 3
4860, 3
4861, 0
4862, 4
4863, 1
4864, 0
4865, 0
4866, 0
4867, 0
4868, 0
4869, 4
4870, 0
4871, 3
4872, 0
4873, 0
4874, 0
4875, 1
4876, 3
4877, 0
4878, 4
4879, 3
4880, 4
4881, 4
4882, 0
4883, 0
4884, 0
4885, 0
4886, 0
4887, 3
4888, 1
4889, 1
4890, 4
4891, 3
4892, 2
4893, 2
4894, 0
4895, 0
4896, 3
4897, 0
4898, 0
4899, 0
4900, 1
4901, 0
4902, 0
4903, 0
4904, 1
4905, 0
4906, 0
4907, 0
4908, 1
4909, 0
4910, 1
4911, 1
4912, 0
4913, 1
4914, 0
4915, 0
4916, 4
4917, 3
4918, 1
4919, 0
4920, 0
4921, 1
4922, 1
4923, 1
4924, 0
4925, 0
4926, 4
4927, 0
4928, 0
4929, 0
4930, 3
4931, 1
4932, 1
4933, 0
4934, 4
4935, 0
4936, 0
4937, 0
4938, 0
4939, 1
4940, 0
4941, 4
4942, 0
4943, 3
4944, 0
4945, 0
4946, 0
4947, 0
4948, 0
4949, 0
4950, 0
4951, 0
4952, 3
4953, 2
4954, 3
4955, 0
4956, 0
4957, 1
4958, 1
4959, 0
4960, 0
4961, 0
4962, 3
4963, 2
4964, 1
4965, 1
4966, 1
4967, 1
4968, 4
4969, 0
4970, 0
4971, 0
4972, 1
4973, 3
4974, 0
4975, 0
4976, 1
4977, 1
4978, 1
4979, 0
4980, 0
4981, 0
4982, 3
4983, 0
4984, 1
4985, 3
4986, 1
4987, 1
4988, 0
4989, 1
4990, 2
4991, 0
4992, 0
4993, 4
4994, 0
4995, 0
4996, 1
4997, 0
4998, 4
4999, 0
5000, 1
5001, 3
5002, 0
5003, 0
5004, 0
5005, 4
5006, 0
5007, 0
5008, 3
5009, 1
5010, 4
5011, 2
5012, 2
5013, 0
5014, 4
5015, 0
5016, 0
5017, 3
5018, 1
5019, 3
5020, 3
5021, 0
5022, 0
5023, 4
5024, 0
5025, 4
5026, 4
5027, 0
5028, 0
5029, 1
5030, 4
5031, 0
5032, 0
5033, 0
5034, 0
5035, 1
5036, 0
5037, 0
5038, 0
5039, 0
5040, 1
5041, 0
5042, 0
5043, 0
5044, 0
5045, 0
5046, 0
5047, 0
5048, 1
5049, 0
5050, 0
5051, 0
5052, 1
5053, 0
5054, 1
5055, 0
5056, 1
5057, 3
5058, 1
5059, 0
5060, 3
5061, 0
5062, 0
5063, 0
5064, 2
5065, 0
5066, 0
5067, 3
5068, 0
5069, 0
5070, 0
5071, 1
5072, 1
5073, 1
5074, 2
5075, 2
5076, 0
5077, 2
5078, 2
5079, 4
5080, 3
5081, 0
5082, 3
5083, 0
5084, 0
5085, 0
5086, 1
5087, 4
5088, 0
5089, 1
5090, 1
5091, 0
5092, 2
5093, 3
5094, 0
5095, 0
5096, 0
5097, 1
5098, 2
5099, 0
5100, 0
5101, 0
5102, 0
5103, 2
5104, 4
5105, 2
5106, 0
5107, 0
5108, 1
5109, 0
5110, 3
5111, 2
5112, 1
5113, 1
5114, 0
5115, 4
5116, 0
5117, 3
5118, 1
5119, 1
5120, 0
5121, 3
5122, 1
5123, 0
5124, 2
5125, 3
5126, 0
5127, 1
5128, 0
5129, 0
5130, 0
5131, 0
5132, 0
5133, 0
5134, 0
5135, 0
5136, 0
5137, 1
5138, 0
5139, 0
5140, 3
5141, 0
5142, 1
5143, 0
5144, 0
5145, 4
5146, 4
5147, 3
5148, 0
5149, 0
5150, 0
5151, 0
5152, 4
5153, 0
5154, 0
5155, 2
5156, 1
5157, 0
5158, 0
5159, 0
5160, 3
5161, 4
5162, 0
5163, 3
5164, 1
5165, 0
5166, 3
5167, 1
5168, 0
5169, 3
5170, 4
5171, 4
5172, 0
5173, 3
5174, 0
5175, 0
5176, 0
5177, 0
5178, 2
5179, 3
5180, 0
5181, 0
5182, 1
5183, 0
5184, 0
5185, 0
5186, 1
5187, 3
5188, 1
5189, 3
5190, 0
5191, 3
5192, 1
5193, 0
5194, 2
5195, 0
5196, 4
5197, 0
5198, 0
5199, 3
5200, 1
5201, 1
5202, 0
5203, 4
5204, 2
5205, 4
5206, 0
5207, 0
5208, 0
5209, 1
5210, 0
5211, 3
5212, 2
5213, 2
5214, 3
5215, 2
5216, 2
5217, 1
5218, 1
5219, 1
5220, 0
5221, 0
5222, 1
5223, 1
5224, 0
5225, 1
5226, 0
5227, 4
5228, 0
5229, 3
5230, 0
5231, 1
5232, 0
5233, 0
5234, 3
5235, 0
5236, 0
5237, 0
5238, 1
5239, 0
5240, 1
5241, 3
5242, 1
5243, 0
5244, 0
5245, 1
5246, 0
5247, 0
5248, 1
5249, 4
5250, 0
5251, 0
5252, 1
5253, 3
5254, 4
5255, 0
5256, 2
5257, 1
5258, 4
5259, 0
5260, 0
5261, 0
5262, 3
5263, 4
5264, 4
5265, 2
5266, 3
5267, 0
5268, 3
5269, 1
5270, 1
5271, 3
5272, 0
5273, 0
5274, 3
5275, 0
5276, 0
5277, 4
5278, 0
5279, 1
5280, 2
5281, 0
5282, 4
5283, 2
5284, 2
5285, 0
5286, 1
5287, 1
5288, 4
5289, 0
5290, 0
5291, 4
5292, 3
5293, 0
5294, 3
5295, 4
5296, 1
5297, 4
5298, 1
5299, 0
5300, 1
5301, 0
5302, 0
5303, 1
5304, 3
5305, 1
5306, 0
5307, 1
5308, 0
5309, 1
5310, 0
5311, 1
5312, 3
5313, 0
5314, 0
5315, 0
5316, 0
5317, 0
5318, 2
5319, 0
5320, 0
5321, 2
5322, 1
5323, 4
5324, 0
5325, 1
5326, 0
5327, 0
5328, 0
5329, 0
5330, 4
5331, 4
5332, 0
5333, 2
5334, 0
5335, 3
5336, 1
5337, 0
5338, 3
5339, 0
5340, 0
5341, 3
5342, 3
5343, 1
5344, 1
5345, 3
5346, 0
5347, 0
5348, 1
5349, 0
5350, 2
5351, 0
5352, 1
5353, 0
5354, 2
5355, 1
5356, 1
5357, 3
5358, 1
5359, 0
5360, 0
5361, 0
5362, 0
5363, 4
5364, 3
5365, 1
5366, 0
5367, 1
5368, 0
5369, 0
5370, 0
5371, 4
5372, 0
5373, 4
5374, 4
5375, 0
5376, 0
5377, 3
5378, 0
5379, 0
5380, 1
5381, 4
5382, 1
5383, 0
5384, 0
5385, 3
5386, 3
5387, 0
5388, 0
5389, 0
5390, 0
5391, 4
5392, 3
5393, 3
5394, 0
5395, 0
5396, 2
5397, 1
5398, 2
5399, 0
5400, 1
5401, 0
5402, 0
5403, 0
5404, 1
5405, 4
5406, 0
5407, 4
5408, 0
5409, 4
5410, 0
5411, 1
5412, 0
5413, 0
5414, 0
5415, 1
5416, 0
5417, 0
5418, 1
5419, 4
5420, 0
5421, 3
5422, 0
5423, 3
5424, 0
5425, 0
5426, 0
5427, 0
5428, 0
5429, 4
5430, 1
5431, 0
5432, 4
5433, 0
5434, 0
5435, 0
5436, 0
5437, 0
5438, 0
5439, 1
5440, 0
5441, 0
5442, 1
5443, 0
5444, 0
5445, 0
5446, 0
5447, 2
5448, 3
5449, 4
5450, 0
5451, 0
5452, 3
5453, 3
5454, 1
5455, 0
5456, 3
5457, 0
5458, 2
5459, 1
5460, 0
5461, 0
5462, 0
5463, 0
5464, 1
5465, 0
5466, 0
5467, 0
5468, 2
5469, 2
5470, 0
5471, 0
5472, 1
5473, 3
5474, 3
5475, 3
5476, 0
5477, 4
5478, 4
5479, 0
5480, 0
5481, 1
5482, 3
5483, 4
5484, 1
5485, 0
5486, 0
5487, 1
5488, 0
5489, 3
5490, 1
5491, 0
5492, 4
5493, 2
5494, 2
5495, 0
5496, 0
5497, 0
5498, 0
5499, 4
5500, 1
5501, 0
5502, 1
5503, 0
5504, 4
5505, 3
5506, 0
5507, 0
5508, 1
5509, 1
5510, 0
5511, 4
5512, 0
5513, 0
5514, 0
5515, 0
5516, 3
5517, 3
5518, 3
5519, 2
5520, 3
5521, 1
5522, 1
5523, 4
5524, 0
5525, 4
5526, 1
5527, 1
5528, 0
5529, 1
5530, 3
5531, 0
5532, 0
5533, 3
5534, 2
5535, 4
5536, 0
5537, 0
5538, 0
5539, 0
5540, 0
5541, 0
5542, 0
5543, 0
5544, 0
5545, 1
5546, 1
5547, 1
5548, 0
5549, 0
5550, 0
5551, 3
5552, 0
5553, 1
5554, 1
5555, 0
5556, 0
5557, 0
5558, 0
5559, 2
5560, 4
5561, 3
5562, 3
5563, 0
5564, 3
5565, 0
5566, 1
5567, 3
5568, 0
5569, 1
5570, 0
5571, 0
5572, 0
5573, 0
5574, 3
5575, 1
5576, 0
5577, 0
5578, 0
5579, 0
5580, 4
5581, 0
5582, 2
5583, 1
5584, 0
5585, 0
5586, 0
5587, 0
5588, 0
5589, 1
5590, 0
5591, 0
5592, 0
5593, 1
5594, 0
5595, 0
5596, 1
5597, 0
5598, 0
5599, 4
5600, 4
5601, 4
5602, 0
5603, 3
5604, 0
5605, 1
5606, 2
5607, 0
5608, 0
5609, 0
5610, 2
5611, 1
5612, 0
5613, 3
5614, 4
5615, 1
5616, 0
5617, 1
5618, 3
5619, 3
5620, 3
5621, 0
5622, 1
5623, 0
5624, 0
5625, 0
5626, 1
5627, 0
5628, 0
5629, 0
5630, 0
5631, 1
5632, 0
5633, 0
5634, 3
5635, 0
5636, 0
5637, 2
5638, 2
5639, 0
5640, 2
5641, 0
5642, 0
5643, 1
5644, 3
5645, 0
5646, 3
5647, 0
5648, 1
5649, 0
5650, 1
5651, 0
5652, 1
5653, 1
5654, 4
5655, 0
5656, 4
5657, 1
5658, 1
5659, 0
5660, 0
5661, 3
5662, 0
5663, 0
5664, 4
5665, 1
5666, 1
5667, 1
5668, 0
5669, 3
5670, 0
5671, 0
5672, 0
5673, 1
5674, 0
5675, 0
5676, 0
5677, 4
5678, 0
5679, 4
5680, 0
5681, 4
5682, 0
5683, 0
5684, 3
5685, 1
5686, 0
5687, 2
5688, 4
5689, 4
5690, 0
5691, 3
5692, 1
5693, 0
5694, 1
5695, 4
5696, 4
5697, 0
5698, 1
5699, 4
5700, 0
5701, 0
5702, 0
5703, 0
5704, 2
5705, 0
5706, 2
5707, 2
5708, 1
5709, 2
5710, 2
5711, 3
5712, 0
5713, 0
5714, 4
5715, 0
5716, 0
5717, 1
5718, 0
5719, 1
5720, 4
5721, 0
5722, 1
5723, 0
5724, 1
5725, 3
5726, 1
5727, 3
5728, 3
5729, 0
5730, 3
5731, 3
5732, 3
5733, 2
5734, 0
5735, 0
5736, 0
5737, 0
5738, 1
5739, 0
5740, 1
5741, 1
5742, 0
5743, 1
5744, 3
5745, 4
5746, 3
5747, 1
5748, 3
5749, 0
5750, 3
5751, 4
5752, 3
5753, 4
5754, 0
5755, 0
5756, 1
5757, 0
5758, 0
5759, 2
5760, 1
5761, 0
5762, 0
5763, 1
5764, 1
5765, 4
5766, 0
5767, 0
5768, 0
5769, 0
5770, 3
5771, 1
5772, 1
5773, 0
5774, 1
5775, 0
5776, 0
5777, 2
5778, 3
5779, 1
5780, 1
5781, 0
5782, 1
5783, 0
5784, 3
5785, 3
5786, 3
5787, 0
5788, 0
5789, 0
5790, 1
5791, 1
5792, 0
5793, 4
5794, 2
5795, 1
5796, 0
5797, 3
5798, 0
5799, 0
5800, 0
5801, 0
5802, 1
5803, 3
5804, 1
5805, 0
5806, 0
5807, 1
5808, 1
5809, 0
5810, 0
5811, 0
5812, 0
5813, 0
5814, 3
5815, 4
5816, 4
5817, 0
5818, 1
5819, 4
5820, 0
5821, 3
5822, 0
5823, 0
5824, 0
5825, 0
5826, 3
5827, 0
5828, 1
5829, 0
5830, 1
5831, 4
5832, 0
5833, 4
5834, 0
5835, 0
5836, 4
5837, 1
5838, 1
5839, 2
5840, 0
5841, 4
5842, 3
5843, 2
5844, 0
5845, 0
5846, 1
5847, 4
5848, 0
5849, 0
5850, 3
5851, 1
5852, 0
5853, 0
5854, 0
5855, 3
5856, 0
5857, 1
5858, 1
5859, 1
5860, 0
5861, 3
5862, 0
5863, 0
5864, 1
5865, 0
5866, 1
5867, 3
5868, 0
5869, 1
5870, 1
5871, 0
5872, 4
5873, 1
5874, 0
5875, 1
5876, 1
5877, 0
5878, 0
5879, 0
5880, 1
5881, 3
5882, 0
5883, 4
5884, 0
5885, 0
5886, 1
5887, 1
5888, 0
5889, 0
5890, 0
5891, 1
5892, 1
5893, 0
5894, 0
5895, 1
5896, 0
5897, 1
5898, 0
5899, 0
5900, 0
5901, 0
5902, 1
5903, 0
5904, 0
5905, 0
5906, 1
5907, 3
5908, 3
5909, 4
5910, 0
5911, 0
5912, 0
5913, 1
5914, 0
5915, 0
5916, 0
5917, 4
5918, 4
5919, 2
5920, 0
5921, 2
5922, 0
5923, 0
5924, 3
5925, 0
5926, 1
5927, 1
5928, 4
5929, 0
5930, 4
5931, 4
5932, 1
5933, 0
5934, 1
5935, 0
5936, 0
5937, 0
5938, 4
5939, 2
5940, 4
5941, 3
5942, 0
5943, 3
5944, 0
5945, 4
5946, 0
5947, 0
5948, 0
5949, 0
5950, 0
5951, 3
5952, 1
5953, 4
5954, 1
5955, 4
5956, 4
5957, 4
5958, 0
5959, 2
5960, 4
5961, 1
5962, 0
5963, 0
5964, 3
5965, 4
5966, 3
5967, 0
5968, 0
5969, 0
5970, 4
5971, 4
5972, 0
5973, 3
5974, 1
5975, 1
5976, 0
5977, 2
5978, 2
5979, 1
5980, 0
5981, 1
5982, 0
5983, 0
5984, 3
5985, 0
5986, 3
5987, 1
5988, 3
5989, 1
5990, 3
5991, 0
5992, 1
5993, 0
5994, 3
5995, 1
5996, 1
5997, 0
5998, 0
5999, 0
6000, 4
6001, 0
6002, 0
6003, 0
6004, 1
6005, 0
6006, 0
6007, 1
6008, 0
6009, 1
6010, 4
6011, 0
6012, 3
6013, 0
6014, 0
6015, 4
6016, 4
6017, 0
6018, 4
6019, 4
6020, 3
6021, 4
6022, 3
6023, 3
6024, 1
6025, 1
6026, 0
6027, 0
6028, 0
6029, 0
6030, 4
6031, 0
6032, 1
6033, 4
6034, 3
6035, 0
6036, 0
6037, 4
6038, 3
6039, 2
6040, 0
6041, 1
6042, 0
6043, 0
6044, 1
6045, 1
6046, 3
6047, 0
6048, 0
6049, 0
6050, 0
6051, 4
6052, 0
6053, 0
6054, 0
6055, 2
6056, 3
6057, 0
6058, 0
6059, 0
6060, 1
6061, 4
6062, 3
6063, 1
6064, 0
6065, 0
6066, 0
6067, 0
6068, 0
6069, 0
6070, 3
6071, 1
6072, 0
6073, 0
6074, 1
6075, 0
6076, 0
6077, 1
6078, 0
6079, 0
6080, 0
6081, 0
6082, 0
6083, 3
6084, 0
6085, 1
6086, 3
6087, 4
6088, 0
6089, 3
6090, 2
6091, 0
6092, 4
6093, 0
6094, 1
6095, 4
6096, 1
6097, 1
6098, 2
6099, 0
6100, 4
6101, 0
6102, 0
6103, 0
6104, 1
6105, 3
6106, 0
6107, 0
6108, 0
6109, 4
6110, 2
6111, 4
6112, 2
6113, 3
6114, 0
6115, 4
6116, 1
6117, 0
6118, 1
6119, 3
6120, 1
6121, 0
6122, 0
6123, 4
6124, 0
6125, 0
6126, 1
6127, 3
6128, 0
6129, 0
6130, 4
6131, 4
6132, 4
6133, 1
6134, 4
6135, 0
6136, 4
6137, 1
6138, 0
6139, 0
6140, 1
6141, 1
6142, 1
6143, 0
6144, 1
6145, 0
6146, 1
6147, 3
6148, 1
6149, 3
6150, 1
6151, 0
6152, 0
6153, 1
6154, 0
6155, 1
6156, 1
6157, 0
6158, 1
6159, 0
6160, 1
6161, 0
6162, 0
6163, 0
6164, 0
6165, 2
6166, 3
6167, 1
6168, 0
6169, 3
6170, 1
6171, 0
6172, 0
6173, 0
6174, 0
6175, 4
6176, 3
6177, 0
6178, 0
6179, 3
6180, 1
6181, 0
6182, 1
6183, 0
6184, 4
6185, 4
6186, 4
6187, 2
6188, 0
6189, 4
6190, 0
6191, 3
6192, 0
6193, 2
6194, 1
6195, 0
6196, 3
6197, 0
6198, 0
6199, 0
6200, 4
6201, 4
6202, 1
6203, 0
6204, 0
6205, 0
6206, 0
6207, 0
6208, 0
6209, 3
6210, 0
6211, 0
6212, 3
6213, 3
6214, 1
6215, 2
6216, 2
6217, 0
6218, 1
6219, 2
6220, 3
6221, 4
6222, 1
6223, 1
6224, 0
6225, 0
6226, 0
6227, 0
6228, 1
6229, 1
6230, 1
6231, 0
6232, 1
6233, 1
6234, 0
6235, 0
6236, 0
6237, 1
6238, 4
6239, 3
6240, 1
6241, 0
6242, 1
6243, 0
6244, 0
6245, 1
6246, 1
6247, 3
6248, 0
6249, 3
6250, 0
6251, 3
6252, 0
6253, 3
6254, 2
6255, 0
6256, 0
6257, 1
6258, 3
6259, 4
6260, 0
6261, 0
6262, 0
6263, 3
6264, 4
6265, 4
6266, 0
6267, 0
6268, 1
6269, 1
6270, 0
6271, 0
6272, 0
6273, 0
6274, 1
6275, 1
6276, 1
6277, 4
6278, 4
6279, 0
6280, 0
6281, 1
6282, 0
6283, 1
6284, 0
6285, 0
6286, 0
6287, 1
6288, 4
6289, 1
6290, 4
6291, 0
6292, 0
6293, 0
6294, 0
6295, 0
6296, 0
6297, 4
6298, 0
6299, 0
6300, 0
6301, 0
6302, 0
6303, 0
6304, 0
6305, 2
6306, 0
6307, 1
6308, 2
6309, 0
6310, 0
6311, 3
6312, 0
6313, 0
6314, 0
6315, 1
6316, 0
6317, 1
6318, 3
6319, 0
6320, 0
6321, 0
6322, 0
6323, 0
6324, 0
6325, 0
6326, 0
6327, 0
6328, 0
6329, 1
6330, 4
6331, 4
6332, 2
6333, 0
6334, 1
6335, 4
6336, 0
6337, 0
6338, 0
6339, 3
6340, 0
6341, 1
6342, 0
6343, 1
6344, 3
6345, 3
6346, 3
6347, 1
6348, 1
6349, 4
6350, 0
6351, 0
6352, 0
6353, 3
6354, 3
6355, 2
6356, 1
6357, 1
6358, 1
6359, 3
6360, 0
6361, 0
6362, 1
6363, 3
6364, 0
6365, 3
6366, 0
6367, 3
6368, 0
6369, 1
6370, 3
6371, 0
6372, 0
6373, 0
6374, 0
6375, 0
6376, 4
6377, 0
6378, 0
6379, 1
6380, 0
6381, 3
6382, 0
6383, 0
6384, 1
6385, 0
6386, 0
6387, 0
6388, 0
6389, 0
6390, 0
6391, 0
6392, 4
6393, 1
6394, 1
6395, 0
6396, 0
6397, 0
6398, 1
6399, 1
6400, 0
6401, 3
6402, 3
6403, 3
6404, 0
6405, 0
6406, 0
6407, 0
6408, 0
6409, 0
6410, 4
6411, 1
6412, 1
6413, 0
6414, 1
6415, 4
6416, 1
6417, 0
6418, 0
6419, 3
6420, 0
6421, 0
6422, 1
6423, 1
6424, 1
6425, 1
6426, 3
6427, 0
6428, 0
6429, 0
6430, 1
6431, 4
6432, 4
6433, 1
6434, 0
6435, 0
6436, 4
6437, 4
6438, 1
6439, 0
6440, 4
6441, 2
6442, 0
6443, 1
6444, 0
6445, 1
6446, 1
6447, 2
6448, 3
6449, 2
6450, 4
6451, 3
6452, 0
6453, 1
6454, 0
6455, 4
6456, 0
6457, 0
6458, 0
6459, 0
6460, 0
6461, 3
6462, 2
6463, 0
6464, 0
6465, 3
6466, 2
6467, 0
6468, 3
6469, 0
6470, 4
6471, 3
6472, 1
6473, 1
6474, 0
6475, 3
6476, 0
6477, 1
6478, 0
6479, 1
6480, 0
6481, 0
6482, 1
6483, 0
6484, 0
6485, 0
6486, 1
6487, 2
6488, 0
6489, 3
6490, 3
6491, 4
6492, 0
6493, 4
6494, 0
6495, 3
6496, 1
6497, 0
6498, 1
6499, 0
6500, 0
6501, 0
6502, 3
6503, 1
6504, 0
6505, 2
6506, 1
6507, 4
6508, 1
6509, 4
6510, 4
6511, 1
6512, 0
6513, 3
6514, 1
6515, 4
6516, 1
6517, 2
6518, 0
6519, 3
6520, 1
6521, 2
6522, 4
6523, 1
6524, 0
6525, 3
6526, 0
6527, 0
6528, 0
6529, 1
6530, 0
6531, 1
6532, 4
6533, 0
6534, 0
6535, 4
6536, 0
6537, 3
6538, 0
6539, 4
6540, 1
6541, 0
6542, 0
6543, 2
6544, 2
6545, 0
6546, 0
6547, 4
6548, 4
6549, 3
6550, 1
6551, 4
6552, 0
6553, 0
6554, 0
6555, 4
6556, 3
6557, 0
6558, 0
6559, 0
6560, 0
6561, 4
6562, 1
6563, 0
6564, 1
6565, 0
6566, 1
6567, 1
6568, 1
6569, 0
6570, 1
6571, 0
6572, 2
6573, 4
6574, 2
6575, 3
6576, 3
6577, 3
6578, 1
6579, 2
6580, 0
6581, 4
6582, 1
6583, 0
6584, 3
6585, 0
6586, 3
6587, 0
6588, 0
6589, 0
6590, 1
6591, 0
6592, 3
6593, 3
6594, 1
6595, 0
6596, 0
6597, 1
6598, 0
6599, 3
6600, 1
6601, 0
6602, 0
6603, 0
6604, 1
6605, 1
6606, 4
6607, 1
6608, 0
6609, 0
6610, 3
6611, 0
6612, 3
6613, 0
6614, 0
6615, 4
6616, 0
6617, 1
6618, 0
6619, 4
6620, 1
6621, 0
6622, 4
6623, 3
6624, 3
6625, 0
6626, 1
6627, 4
6628, 3
6629, 1
6630, 0
6631, 0
6632, 0
6633, 1
6634, 4
6635, 2
6636, 2
6637, 2
6638, 3
6639, 0
6640, 2
6641, 1
6642, 3
6643, 2
6644, 0
6645, 0
6646, 1
6647, 0
6648, 0
6649, 0
6650, 3
6651, 0
6652, 1
6653, 3
6654, 1
6655, 4
6656, 3
6657, 1
6658, 1
6659, 0
6660, 3
6661, 0
6662, 1
6663, 3
6664, 0
6665, 0
6666, 1
6667, 0
6668, 0
6669, 0
6670, 1
6671, 0
6672, 0
6673, 1
6674, 1
6675, 4
6676, 1
6677, 0
6678, 0
6679, 1
6680, 1
6681, 1
6682, 3
6683, 0
6684, 2
6685, 3
6686, 1
6687, 1
6688, 0
6689, 0
6690, 1
6691, 3
6692, 0
6693, 1
6694, 0
6695, 0
6696, 1
6697, 0
6698, 0
6699, 0
6700, 3
6701, 1
6702, 0
6703, 1
6704, 1
6705, 0
6706, 0
6707, 0
6708, 0
6709, 1
6710, 4
6711, 4
6712, 1
6713, 0
6714, 0
6715, 1
6716, 0
6717, 3
6718, 1
6719, 0
6720, 4
6721, 0
6722, 0
6723, 4
6724, 3
6725, 0
6726, 2
6727, 1
6728, 0
6729, 0
6730, 0
6731, 4
6732, 4
6733, 0
6734, 1
6735, 0
6736, 0
6737, 3
6738, 0
6739, 0
6740, 3
6741, 0
6742, 0
6743, 4
6744, 0
6745, 4
6746, 2
6747, 0
6748, 0
6749, 1
6750, 0
6751, 1
6752, 0
6753, 0
6754, 3
6755, 0
6756, 4
6757, 0
6758, 4
6759, 0
6760, 4
6761, 0
6762, 0
6763, 0
6764, 4
6765, 3
6766, 1
6767, 0
6768, 4
6769, 2
6770, 0
6771, 0
6772, 0
6773, 0
6774, 1
6775, 1
6776, 2
6777, 0
6778, 1
6779, 0
6780, 0
6781, 0
6782, 0
6783, 1
6784, 1
6785, 3
6786, 0
6787, 2
6788, 0
6789, 2
6790, 4
6791, 2
6792, 1
6793, 2
6794, 0
6795, 0
6796, 3
6797, 3
6798, 0
6799, 1
6800, 1
6801, 0
6802, 0
6803, 0
6804, 3
6805, 0
6806, 1
6807, 0
6808, 0
6809, 0
6810, 3
6811, 3
6812, 4
6813, 0
6814, 3
6815, 3
6816, 3
6817, 4
6818, 3
6819, 4
6820, 0
6821, 0
6822, 0
6823, 1
6824, 1
6825, 1
6826, 1
6827, 0
6828, 1
6829, 0
6830, 0
6831, 1
6832, 0
6833, 3
6834, 1
6835, 0
6836, 3
6837, 1
6838, 0
6839, 1
6840, 0
6841, 1
6842, 1
6843, 1
6844, 1
6845, 3
6846, 0
6847, 3
6848, 0
6849, 0
6850, 4
6851, 1
6852, 3
6853, 0
6854, 0
6855, 1
6856, 1
6857, 4
6858, 2
6859, 0
6860, 4
6861, 1
6862, 2
6863, 0
6864, 0
6865, 1
6866, 1
6867, 0
6868, 0
6869, 4
6870, 1
6871, 0
6872, 1
6873, 0
6874, 1
6875, 0
6876, 4
6877, 4
6878, 0
6879, 0
6880, 3
6881, 1
6882, 3
6883, 4
6884, 4
6885, 0
6886, 2
6887, 3
6888, 0
6889, 0
6890, 3
6891, 0
6892, 0
6893, 0
6894, 0
6895, 0
6896, 3
6897, 1
6898, 0
6899, 1
6900, 3
6901, 0
6902, 4
6903, 0
6904, 4
6905, 3
6906, 4
6907, 1
6908, 0
6909, 4
6910, 1
6911, 0
6912, 2
6913, 4
6914, 0
6915, 0
6916, 0
6917, 0
6918, 0
6919, 0
6920, 4
6921, 3
6922, 0
6923, 4
6924, 3
6925, 0
6926, 0
6927, 0
6928, 1
6929, 1
6930, 4
6931, 0
6932, 0
6933, 0
6934, 3
6935, 0
6936, 1
6937, 0
6938, 0
6939, 0
6940, 3
6941, 0
6942, 0
6943, 4
6944, 3
6945, 4
6946, 4
6947, 3
6948, 0
6949, 4
6950, 0
6951, 3
6952, 0
6953, 2
6954, 0
6955, 0
6956, 0
6957, 1
6958, 3
6959, 4
6960, 0
6961, 0
6962, 0
6963, 0
6964, 1
6965, 0
6966, 0
6967, 0
6968, 0
6969, 0
6970, 3
6971, 1
6972, 0
6973, 4
6974, 4
6975, 0
6976, 0
6977, 3
6978, 0
6979, 0
6980, 3
6981, 0
6982, 0
6983, 1
6984, 0
6985, 0
6986, 0
6987, 1
6988, 0
6989, 0
6990, 1
6991, 1
6992, 1
6993, 0
6994, 0
6995, 4
6996, 1
6997, 4
6998, 0
6999, 1
7000, 1
7001, 1
7002, 0
7003, 0
7004, 0
7005, 4
7006, 0
7007, 3
7008, 0
7009, 1
7010, 0
7011, 3
7012, 0
7013, 0
7014, 4
7015, 4
7016, 0
7017, 1
7018, 1
7019, 0
7020, 2
7021, 0
7022, 1
7023, 0
7024, 0
7025, 0
7026, 0
7027, 0
7028, 0
7029, 1
7030, 0
7031, 0
7032, 1
7033, 0
7034, 1
7035, 0
7036, 0
7037, 4
7038, 4
7039, 0
7040, 3
7041, 2
7042, 2
7043, 0
7044, 1
7045, 0
7046, 3
7047, 1
7048, 1
7049, 0
7050, 1
7051, 4
7052, 1
7053, 3
7054, 4
7055, 3
7056, 0
7057, 0
7058, 3
7059, 0
7060, 3
7061, 4
7062, 2
7063, 0
7064, 4
7065, 3
7066, 0
7067, 0
7068, 0
7069, 3
7070, 2
7071, 3
7072, 0
7073, 0
7074, 0
7075, 0
7076, 0
7077, 1
7078, 0
7079, 4
7080, 1
7081, 3
7082, 3
7083, 2
7084, 4
7085, 3
7086, 1
7087, 0
7088, 0
7089, 1
7090, 0
7091, 0
7092, 4
7093, 0
7094, 1
7095, 0
7096, 0
7097, 1
7098, 1
7099, 1
7100, 1
7101, 4
7102, 0
7103, 2
7104, 2
7105, 4
7106, 4
7107, 4
7108, 0
7109, 1
7110, 0
7111, 0
7112, 0
7113, 1
7114, 4
7115, 1
7116, 3
7117, 1
7118, 1
7119, 0
7120, 4
7121, 2
7122, 1
7123, 3
7124, 0
7125, 0
7126, 2
7127, 0
7128, 3
7129, 3
7130, 2
7131, 0
7132, 0
7133, 0
7134, 3
7135, 0
7136, 0
7137, 4
7138, 1
7139, 0
7140, 1
7141, 2
7142, 0
7143, 3
7144, 1
7145, 0
7146, 0
7147, 1
7148, 1
7149, 1
7150, 1
7151, 3
7152, 0
7153, 0
7154, 0
7155, 0
7156, 1
7157, 0
7158, 1
7159, 0
7160, 4
7161, 0
7162, 3
7163, 3
7164, 4
7165, 4
7166, 2
7167, 0
7168, 2
7169, 2
7170, 2
7171, 1
7172, 0
7173, 0
7174, 0
7175, 0
7176, 0
7177, 1
7178, 0
7179, 1
7180, 1
7181, 1
7182, 0
7183, 3
7184, 1
7185, 0
7186, 2
7187, 3
7188, 3
7189, 2
7190, 2
7191, 0
7192, 1
7193, 3
7194, 0
7195, 1
7196, 0
7197, 3
7198, 0
7199, 4
7200, 0
7201, 0
7202, 1
7203, 0
7204, 1
7205, 0
7206, 0
7207, 0
7208, 0
7209, 0
7210, 0
7211, 0
7212, 2
7213, 0
7214, 1
7215, 0
7216, 3
7217, 0
7218, 3
7219, 4
7220, 0
7221, 4
7222, 2
7223, 0
7224, 1
7225, 2
7226, 4
7227, 1
7228, 0
7229, 0
7230, 3
7231, 1
7232, 0
7233, 4
7234, 3
7235, 1
7236, 1
7237, 1
7238, 0
7239, 0
7240, 0
7241, 0
7242, 0
7243, 0
7244, 3
7245, 4
7246, 3
7247, 0
7248, 0
7249, 1
7250, 4
7251, 3
7252, 0
7253, 0
7254, 1
7255, 1
7256, 4
7257, 4
7258, 3
7259, 2
7260, 3
7261, 1
7262, 2
7263, 1
7264, 0
7265, 3
7266, 0
7267, 4
7268, 3
7269, 3
7270, 0
7271, 0
7272, 0
7273, 0
7274, 0
7275, 0
7276, 4
7277, 0
7278, 1
7279, 1
7280, 1
7281, 0
7282, 3
7283, 1
7284, 1
7285, 1
7286, 0
7287, 0
7288, 1
7289, 0
7290, 1
7291, 0
7292, 1
7293, 0
7294, 0
7295, 1
7296, 2
7297, 0
7298, 0
7299, 0
7300, 0
7301, 0
7302, 1
7303, 0
7304, 0
7305, 3
7306, 2
7307, 0
7308, 0
7309, 0
7310, 1
7311, 0
7312, 1
7313, 1
7314, 1
7315, 1
7316, 0
7317, 0
7318, 1
7319, 1
7320, 0
7321, 0
7322, 1
7323, 0
7324, 1
7325, 0
7326, 0
7327, 3
7328, 1
7329, 1
7330, 4
7331, 2
7332, 0
7333, 0
7334, 4
7335, 0
7336, 3
7337, 1
7338, 0
7339, 0
7340, 0
7341, 1
7342, 0
7343, 0
7344, 1
7345, 4
7346, 0
7347, 0
7348, 0
7349, 4
7350, 0
7351, 4
7352, 4
7353, 3
7354, 0
7355, 0
7356, 0
7357, 2
7358, 1
7359, 0
7360, 3
7361, 3
7362, 1
7363, 1
7364, 0
7365, 1
7366, 0
7367, 4
7368, 0
7369, 0
7370, 1
7371, 1
7372, 3
7373, 0
7374, 0
7375, 1
7376, 0
7377, 1
7378, 0
7379, 1
7380, 0
7381, 0
7382, 1
7383, 0
7384, 1
7385, 0
7386, 1
7387, 0
7388, 0
7389, 1
7390, 0
7391, 0
7392, 0
7393, 0
7394, 0
7395, 1
7396, 0
7397, 3
7398, 0
7399, 0
7400, 3
7401, 1
7402, 0
7403, 0
7404, 0
7405, 0
7406, 0
7407, 0
7408, 3
7409, 3
7410, 0
7411, 0
7412, 3
7413, 2
7414, 0
7415, 1
7416, 4
7417, 1
7418, 0
7419, 1
7420, 1
7421, 1
7422, 1
7423, 0
7424, 1
7425, 1
7426, 0
7427, 3
7428, 1
7429, 0
7430, 1
7431, 3
7432, 1
7433, 3
7434, 0
7435, 3
7436, 0
7437, 1
7438, 1
7439, 0
7440, 0
7441, 1
7442, 0
7443, 4
7444, 1
7445, 0
7446, 1
7447, 3
7448, 0
7449, 2
7450, 0
7451, 0
7452, 0
7453, 0
7454, 2
7455, 0
7456, 0
7457, 1
7458, 0
7459, 1
7460, 0
7461, 0
7462, 1
7463, 4
7464, 3
7465, 1
7466, 3
7467, 1
7468, 1
7469, 4
7470, 4
7471, 3
7472, 0
7473, 0
7474, 2
7475, 1
7476, 0
7477, 0
7478, 1
7479, 1
7480, 1
7481, 2
7482, 3
7483, 3
7484, 0
7485, 0
7486, 0
7487, 0
7488, 3
7489, 0
7490, 3
7491, 4
7492, 1
7493, 0
7494, 0
7495, 0
7496, 0
7497, 0
7498, 0
7499, 3
7500, 1
7501, 4
7502, 2
7503, 2
7504, 4
7505, 0
7506, 3
7507, 0
7508, 0
7509, 4
7510, 1
7511, 0
7512, 0
7513, 0
7514, 1
7515, 0
7516, 1
7517, 1
7518, 2
7519, 2
7520, 1
7521, 0
7522, 3
7523, 1
7524, 4
7525, 4
7526, 0
7527, 0
7528, 1
7529, 4
7530, 3
7531, 0
7532, 2
7533, 0
7534, 4
7535, 0
7536, 1
7537, 1
7538, 1
7539, 4
7540, 0
7541, 0
7542, 3
7543, 1
7544, 0
7545, 4
7546, 4
7547, 3
7548, 0
7549, 0
7550, 0
7551, 3
7552, 2
7553, 0
7554, 0
7555, 0
7556, 1
7557, 0
7558, 4
7559, 1
7560, 1
7561, 1
7562, 1
7563, 0
7564, 0
7565, 0
7566, 0
7567, 0
7568, 0
7569, 0
7570, 2
7571, 3
7572, 0
7573, 4
7574, 0
7575, 0
7576, 4
7577, 1
7578, 1
7579, 0
7580, 4
7581, 3
7582, 4
7583, 2
7584, 3
7585, 0
7586, 0
7587, 0
7588, 1
7589, 0
7590, 0
7591, 0
7592, 1
7593, 1
7594, 1
7595, 0
7596, 1
7597, 1
7598, 0
7599, 4
7600, 0
7601, 0
7602, 1
7603, 0
7604, 3
7605, 0
7606, 3
7607, 1
7608, 0
7609, 1
7610, 3
7611, 0
7612, 0
7613, 0
7614, 2
7615, 0
7616, 0
7617, 1
7618, 2
7619, 3
7620, 4
7621, 0
7622, 3
7623, 0
7624, 4
7625, 1
7626, 2
7627, 4
7628, 0
7629, 0
7630, 1
7631, 1
7632, 1
7633, 0
7634, 0
7635, 3
7636, 0
7637, 1
7638, 1
7639, 0
7640, 0
7641, 0
7642, 4
7643, 2
7644, 0
7645, 0
7646, 0
7647, 3
7648, 1
7649, 0
7650, 2
7651, 0
7652, 3
7653, 1
7654, 0
7655, 1
7656, 1
7657, 2
7658, 0
7659, 0
7660, 0
7661, 0
7662, 1
7663, 3
7664, 1
7665, 3
7666, 1
7667, 0
7668, 1
7669, 0
7670, 0
7671, 3
7672, 0
7673, 0
7674, 0
7675, 1
7676, 3
7677, 0
7678, 2
7679, 2
7680, 4
7681, 2
7682, 0
7683, 0
7684, 2
7685, 0
7686, 0
7687, 0
7688, 3
7689, 2
7690, 0
7691, 1
7692, 0
7693, 1
7694, 3
7695, 0
7696, 0
7697, 1
7698, 0
7699, 0
7700, 1
7701, 1
7702, 1
7703, 0
7704, 0
7705, 0
7706, 1
7707, 1
7708, 1
7709, 0
7710, 0
7711, 2
7712, 1
7713, 0
7714, 3
7715, 2
7716, 0
7717, 0
7718, 0
7719, 1
7720, 0
7721, 1
7722, 0
7723, 1
7724, 3
7725, 3
7726, 0
7727, 0
7728, 1
7729, 0
7730, 1
7731, 4
7732, 0
7733, 0
7734, 1
7735, 3
7736, 3
7737, 1
7738, 1
7739, 1
7740, 1
7741, 4
7742, 0
7743, 1
7744, 0
7745, 3
7746, 1
7747, 0
7748, 1
7749, 2
7750, 0
7751, 1
7752, 1
7753, 0
7754, 0
7755, 1
7756, 0
7757, 1
7758, 0
7759, 3
7760, 4
7761, 1
7762, 1
7763, 0
7764, 1
7765, 0
7766, 0
7767, 0
7768, 1
7769, 0
7770, 0
7771, 0
7772, 1
7773, 0
7774, 0
7775, 1
7776, 4
7777, 0
7778, 1
7779, 0
7780, 0
7781, 3
7782, 1
7783, 0
7784, 0
7785, 1
7786, 1
7787, 0
7788, 0
7789, 3
7790, 0
7791, 0
7792, 1
7793, 0
7794, 0
7795, 0
7796, 0
7797, 0
7798, 1
7799, 0
7800, 0
7801, 0
7802, 4
7803, 0
7804, 3
7805, 0
7806, 2
7807, 3
7808, 0
7809, 3
7810, 0
7811, 0
7812, 0
7813, 0
7814, 0
7815, 3
7816, 1
7817, 0
7818, 4
7819, 1
7820, 0
7821, 0
7822, 0
7823, 0
7824, 0
7825, 1
7826, 0
7827, 1
7828, 0
7829, 1
7830, 0
7831, 0
7832, 1
7833, 3
7834, 1
7835, 0
7836, 1
7837, 1
7838, 0
7839, 0
7840, 0
7841, 1
7842, 0
7843, 0
7844, 1
7845, 2
7846, 0
7847, 0
7848, 0
7849, 0
7850, 0
7851, 3
7852, 0
7853, 0
7854, 0
7855, 0
7856, 0
7857, 0
7858, 3
7859, 0
7860, 0
7861, 0
7862, 1
7863, 0
7864, 0
7865, 0
7866, 4
7867, 0
7868, 0
7869, 0
7870, 0
7871, 0
7872, 2
7873, 3
7874, 4
7875, 0
7876, 1
7877, 0
7878, 3
7879, 1
7880, 0
7881, 2
7882, 0
7883, 1
7884, 3
7885, 0
7886, 1
7887, 3
7888, 1
7889, 0
7890, 0
7891, 3
7892, 1
7893, 0
7894, 1
7895, 1
7896, 0
7897, 1
7898, 1
7899, 0
7900, 0
7901, 1
7902, 3
7903, 3
7904, 0
7905, 1
7906, 2
7907, 1
7908, 0
7909, 2
7910, 1
7911, 1
7912, 3
7913, 3
7914, 0
7915, 2
7916, 4
7917, 0
7918, 0
7919, 3
7920, 3
7921, 0
7922, 4
7923, 0
7924, 1
7925, 0
7926, 0
7927, 0
7928, 1
7929, 3
7930, 3
7931, 1
7932, 4
7933, 1
7934, 0
7935, 0
7936, 3
7937, 1
7938, 0
7939, 3
7940, 1
7941, 0
7942, 1
7943, 0
7944, 1
7945, 0
7946, 2
7947, 2
7948, 2
7949, 3
7950, 3
7951, 0
7952, 0
7953, 0
7954, 3
7955, 2
7956, 3
7957, 0
7958, 0
7959, 0
7960, 4
7961, 0
7962, 1
7963, 0
7964, 0
7965, 0
7966, 0
7967, 0
7968, 0
7969, 1
7970, 0
7971, 3
7972, 4
7973, 3
7974, 4
7975, 2
7976, 3
7977, 1
7978, 2
7979, 1
7980, 3
7981, 3
7982, 4
7983, 3
7984, 4
7985, 0
7986, 2
7987, 0
7988, 0
7989, 3
7990, 0
7991, 0
7992, 1
7993, 4
7994, 0
7995, 3
7996, 3
7997, 0
7998, 1
7999, 3
8000, 0
8001, 1
8002, 0
8003, 1
8004, 1
8005, 4
8006, 0
8007, 0
8008, 4
8009, 2
8010, 2
8011, 0
8012, 1
8013, 3
8014, 1
8015, 4
8016, 3
8017, 0
8018, 0
8019, 1
8020, 2
8021, 0
8022, 0
8023, 1
8024, 0
8025, 0
8026, 0
8027, 0
8028, 0
8029, 0
8030, 1
8031, 1
8032, 3
8033, 3
8034, 1
8035, 1
8036, 1
8037, 1
8038, 0
8039, 1
8040, 1
8041, 4
8042, 2
8043, 3
8044, 4
8045, 4
8046, 1
8047, 4
8048, 4
8049, 0
8050, 4
8051, 0
8052, 1
8053, 0
8054, 4
8055, 1
8056, 1
8057, 0
8058, 0
8059, 0
8060, 1
8061, 3
8062, 0
8063, 3
8064, 4
8065, 2
8066, 3
8067, 3
8068, 0
8069, 1
8070, 3
8071, 0
8072, 1
8073, 1
8074, 3
8075, 3
8076, 0
8077, 3
8078, 0
8079, 3
8080, 0
8081, 1
8082, 4
8083, 0
8084, 0
8085, 1
8086, 0
8087, 3
8088, 0
8089, 1
8090, 3
8091, 3
8092, 1
8093, 3
8094, 0
8095, 0
8096, 0
8097, 1
8098, 1
8099, 4
8100, 1
8101, 4
8102, 1
8103, 2
8104, 3
8105, 3
8106, 0
8107, 2
8108, 3
8109, 3
8110, 4
8111, 3
8112, 3
8113, 1
8114, 2
8115, 2
8116, 0
8117, 0
8118, 1
8119, 0
8120, 4
8121, 0
8122, 1
8123, 1
8124, 0
8125, 1
8126, 3
8127, 0
8128, 0
8129, 3
8130, 1
8131, 0
8132, 0
8133, 1
8134, 0
8135, 4
8136, 0
8137, 0
8138, 0
8139, 0
8140, 1
8141, 1
8142, 3
8143, 1
8144, 0
8145, 4
8146, 0
8147, 1
8148, 2
8149, 1
8150, 4
8151, 0
8152, 3
8153, 4
8154, 1
8155, 4
8156, 2
8157, 4
8158, 0
8159, 4
8160, 0
8161, 0
8162, 1
8163, 4
8164, 4
8165, 4
8166, 2
8167, 0
8168, 0
8169, 3
8170, 0
8171, 0
8172, 0
8173, 0
8174, 0
8175, 0
8176, 0
8177, 3
8178, 3
8179, 4
8180, 0
8181, 1
8182, 0
8183, 4
8184, 1
8185, 0
8186, 4
8187, 0
8188, 1
8189, 0
8190, 1
8191, 1
8192, 1
8193, 1
8194, 0
8195, 0
8196, 1
8197, 1
8198, 3
8199, 1
8200, 0
8201, 0
8202, 1
8203, 3
8204, 1
8205, 1
8206, 0
8207, 0
8208, 0
8209, 0
8210, 2
8211, 0
8212, 1
8213, 3
8214, 0
8215, 1
8216, 1
8217, 3
8218, 1
8219, 0
8220, 0
8221, 3
8222, 0
8223, 0
8224, 1
8225, 0
8226, 1
8227, 0
8228, 3
8229, 0
8230, 0
8231, 4
8232, 3
8233, 0
8234, 0
8235, 1
8236, 1
8237, 1
8238, 0
8239, 0
8240, 0
8241, 0
8242, 0
8243, 1
8244, 1
8245, 3
8246, 0
8247, 0
8248, 0
8249, 1
8250, 0
8251, 0
8252, 0
8253, 0
8254, 0
8255, 1
8256, 1
8257, 0
8258, 0
8259, 0
8260, 0
8261, 0
8262, 1
8263, 1
8264, 1
8265, 0
8266, 0
8267, 0
8268, 3
8269, 0
8270, 0
8271, 1
8272, 0
8273, 1
8274, 0
8275, 1
8276, 0
8277, 0
8278, 3
8279, 1
8280, 0
8281, 1
8282, 0
8283, 3
8284, 0
8285, 0
8286, 4
8287, 1
8288, 0
8289, 0
8290, 0
8291, 0
8292, 0
8293, 0
8294, 0
8295, 1
8296, 0
8297, 0
8298, 4
8299, 0
8300, 0
8301, 3
8302, 1
8303, 0
8304, 0
8305, 0
8306, 0
8307, 0
8308, 0
8309, 0
8310, 0
8311, 3
8312, 0
8313, 0
8314, 1
8315, 0
8316, 0
8317, 0
8318, 1
8319, 0
8320, 0
8321, 4
8322, 1
8323, 0
8324, 0
8325, 0
8326, 0
8327, 0
8328, 1
8329, 0
8330, 0
8331, 2
8332, 4
8333, 1
8334, 3
8335, 3
8336, 1
8337, 0
8338, 4
8339, 1
8340, 1
8341, 0
8342, 1
8343, 2
8344, 4
8345, 0
8346, 0
8347, 0
8348, 3
8349, 0
8350, 0
8351, 0
8352, 2
8353, 2
8354, 3
8355, 0
8356, 3
8357, 0
8358, 2
8359, 4
8360, 0
8361, 0
8362, 0
8363, 3
8364, 0
8365, 0
8366, 3
8367, 3
8368, 0
8369, 0
8370, 0
8371, 1
8372, 1
8373, 1
8374, 1
8375, 0
8376, 0
8377, 1
8378, 1
8379, 1
8380, 0
8381, 0
8382, 1
8383, 0
8384, 4
8385, 2
8386, 2
8387, 2
8388, 2
8389, 3
8390, 3
8391, 4
8392, 3
8393, 0
8394, 1
8395, 4
8396, 3
8397, 2
8398, 0
8399, 0
8400, 0
8401, 1
8402, 1
8403, 1
8404, 1
8405, 1
8406, 3
8407, 2
8408, 0
8409, 0
8410, 3
8411, 2
8412, 2
8413, 1
8414, 3
8415, 2
8416, 0
8417, 2
8418, 1
8419, 0
8420, 3
8421, 0
8422, 3
8423, 1
8424, 1
8425, 0
8426, 0
8427, 0
8428, 1
8429, 0
8430, 3
8431, 0
8432, 0
8433, 0
8434, 1
8435, 4
8436, 2
8437, 3
8438, 3
8439, 0
8440, 2
8441, 0
8442, 0
8443, 0
8444, 4
8445, 4
8446, 0
8447, 0
8448, 1
8449, 3
8450, 3
8451, 1
8452, 0
8453, 1
8454, 0
8455, 4
8456, 0
8457, 0
8458, 1
8459, 0
8460, 1
8461, 1
8462, 0
8463, 0
8464, 0
8465, 1
8466, 1
8467, 1
8468, 0
8469, 2
8470, 3
8471, 3
8472, 3
8473, 3
8474, 1
8475, 0
8476, 2
8477, 3
8478, 2
8479, 0
8480, 4
8481, 1
8482, 1
8483, 1
8484, 0
8485, 1
8486, 4
8487, 0
8488, 0
8489, 1
8490, 0
8491, 3
8492, 4
8493, 2
8494, 0
8495, 0
8496, 2
8497, 0
8498, 2
8499, 1
8500, 0
8501, 2
8502, 1
8503, 0
8504, 0
8505, 0
8506, 0
8507, 4
8508, 1
8509, 4
8510, 1
8511, 1
8512, 3
8513, 0
8514, 1
8515, 3
8516, 1
8517, 0
8518, 1
8519, 1
8520, 1
8521, 0
8522, 3
8523, 3
8524, 0
8525, 4
8526, 0
8527, 0
8528, 3
8529, 3
8530, 1
8531, 0
8532, 0
8533, 3
8534, 4
8535, 2
8536, 2
8537, 1
8538, 2
8539, 3
8540, 1
8541, 0
8542, 0
8543, 2
8544, 1
8545, 0
8546, 4
8547, 0
8548, 1
8549, 0
8550, 1
8551, 4
8552, 1
8553, 1
8554, 0
8555, 0
8556, 3
8557, 3
8558, 1
8559, 0
8560, 4
8561, 1
8562, 1
8563, 0
8564, 1
8565, 0
8566, 0
8567, 0
8568, 1
8569, 3
8570, 2
8571, 4
8572, 4
8573, 4
8574, 1
8575, 0
8576, 0
8577, 0
8578, 0
8579, 0
8580, 1
8581, 3
8582, 2
8583, 0
8584, 0
8585, 1
8586, 0
8587, 3
8588, 0
8589, 0
8590, 0
8591, 0
8592, 0
8593, 0
8594, 0
8595, 1
8596, 3
8597, 1
8598, 1
8599, 3
8600, 0
8601, 1
8602, 3
8603, 1
8604, 1
8605, 0
8606, 0
8607, 3
8608, 0
8609, 0
8610, 1
8611, 3
8612, 3
8613, 0
8614, 1
8615, 1
8616, 0
8617, 3
8618, 0
8619, 1
8620, 2
8621, 0
8622, 2
8623, 4
8624, 3
8625, 2
8626, 0
8627, 1
8628, 1
8629, 4
8630, 3
8631, 1
8632, 1
8633, 0
8634, 1
8635, 0
8636, 1
8637, 0
8638, 1
8639, 0
8640, 0
8641, 1
8642, 0
8643, 3
8644, 0
8645, 0
8646, 1
8647, 0
8648, 0
8649, 0
8650, 0
8651, 0
8652, 0
8653, 0
8654, 1
8655, 1
8656, 0
8657, 1
8658, 1
8659, 1
8660, 0
8661, 0
8662, 4
8663, 0
8664, 2
8665, 3
8666, 0
8667, 0
8668, 1
8669, 0
8670, 0
8671, 1
8672, 3
8673, 3
8674, 1
8675, 4
8676, 3
8677, 0
8678, 4
8679, 1
8680, 0
8681, 0
8682, 0
8683, 0
8684, 0
8685, 0
8686, 4
8687, 1
8688, 3
8689, 0
8690, 0
8691, 3
8692, 0
8693, 0
8694, 4
8695, 2
8696, 0
8697, 1
8698, 0
8699, 4
8700, 3
8701, 3
8702, 3
8703, 1
8704, 0
8705, 3
8706, 0
8707, 0
8708, 2
8709, 1
8710, 0
8711, 1
8712, 1
8713, 3
8714, 1
8715, 0
8716, 3
8717, 0
8718, 3
8719, 0
8720, 4
8721, 3
8722, 1
8723, 2
8724, 0
8725, 0
8726, 1
8727, 0
8728, 4
8729, 3
8730, 0
8731, 0
8732, 0
8733, 0
8734, 1
8735, 0
8736, 1
8737, 0
8738, 0
8739, 0
8740, 1
8741, 1
8742, 3
8743, 2
8744, 0
8745, 0
8746, 0
8747, 0
8748, 0
8749, 3
8750, 0
8751, 0
8752, 3
8753, 0
8754, 1
8755, 3
8756, 3
8757, 0
8758, 0
8759, 0
8760, 0
8761, 0
8762, 1
8763, 0
8764, 0
8765, 1
8766, 3
8767, 1
8768, 1
8769, 0
8770, 0
8771, 0
8772, 0
8773, 1
8774, 3
8775, 0
8776, 1
8777, 4
8778, 1
8779, 3
8780, 0
8781, 1
8782, 0
8783, 1
8784, 3
8785, 0
8786, 0
8787, 3
8788, 3
8789, 0
8790, 0
8791, 1
8792, 0
8793, 2
8794, 3
8795, 1
8796, 0
8797, 0
8798, 0
8799, 0
8800, 3
8801, 0
8802, 0
8803, 0
8804, 0
8805, 0
8806, 1
8807, 2
8808, 0
8809, 2
8810, 2
8811, 0
8812, 1
8813, 0
8814, 0
8815, 0
8816, 3
8817, 0
8818, 0
8819, 4
8820, 0
8821, 4
8822, 0
8823, 0
8824, 3
8825, 1
8826, 0
8827, 2
8828, 2
8829, 0
8830, 3
8831, 2
8832, 2
8833, 2
8834, 2
8835, 0
8836, 0
8837, 2
8838, 0
8839, 2
8840, 1
8841, 0
8842, 3
8843, 4
8844, 1
8845, 1
8846, 0
8847, 3
8848, 0
8849, 0
8850, 0
8851, 3
8852, 1
8853, 1
8854, 0
8855, 3
8856, 0
8857, 4
8858, 0
8859, 3
8860, 2
8861, 2
8862, 2
8863, 4
8864, 0
8865, 0
8866, 1
8867, 0
8868, 2
8869, 0
8870, 4
8871, 2
8872, 0
8873, 0
8874, 1
8875, 2
8876, 1
8877, 0
8878, 1
8879, 0
8880, 4
8881, 0
8882, 3
8883, 1
8884, 1
8885, 0
8886, 4
8887, 3
8888, 0
8889, 0
8890, 4
8891, 0
8892, 0
8893, 0
8894, 3
8895, 1
8896, 3
8897, 1
8898, 2
8899, 1
8900, 2
8901, 4
8902, 4
8903, 0
8904, 2
8905, 0
8906, 3
8907, 0
8908, 0
8909, 0
8910, 0
8911, 1
8912, 1
8913, 0
8914, 0
8915, 3
8916, 0
8917, 1
8918, 0
8919, 1
8920, 1
8921, 1
8922, 2
8923, 1
8924, 1
8925, 1
8926, 0
8927, 3
8928, 4
8929, 3
8930, 0
8931, 0
8932, 2
8933, 3
8934, 1
8935, 3
8936, 4
8937, 0
8938, 2
8939, 3
8940, 1
8941, 0
8942, 0
8943, 3
8944, 1
8945, 0
8946, 1
8947, 0
8948, 3
8949, 0
8950, 0
8951, 1
8952, 0
8953, 3
8954, 1
8955, 4
8956, 3
8957, 3
8958, 1
8959, 4
8960, 0
8961, 3
8962, 3
8963, 1
8964, 1
8965, 0
8966, 3
8967, 1
8968, 0
8969, 0
8970, 1
8971, 1
8972, 3
8973, 0
8974, 3
8975, 4
8976, 2
8977, 3
8978, 0
8979, 1
8980, 1
8981, 4
8982, 0
8983, 0
8984, 3
8985, 1
8986, 0
8987, 4
8988, 0
8989, 4
8990, 1
8991, 3
8992, 0
8993, 0
8994, 1
8995, 0
8996, 1
8997, 0
8998, 1
8999, 1
9000, 1
9001, 0
9002, 1
9003, 0
9004, 1
9005, 0
9006, 2
9007, 3
9008, 0
9009, 2
9010, 0
9011, 0
9012, 4
9013, 2
9014, 0
9015, 3
9016, 2
9017, 4
9018, 0
9019, 1
9020, 1
9021, 4
9022, 4
9023, 1
9024, 2
9025, 0
9026, 3
9027, 0
9028, 0
9029, 1
9030, 0
9031, 0
9032, 0
9033, 1
9034, 0
9035, 4
9036, 0
9037, 1
9038, 0
9039, 1
9040, 3
9041, 3
9042, 0
9043, 1
9044, 3
9045, 1
9046, 0
9047, 0
9048, 1
9049, 0
9050, 0
9051, 1
9052, 0
9053, 0
9054, 2
9055, 2
9056, 2
9057, 0
9058, 0
9059, 4
9060, 2
9061, 1
9062, 0
9063, 0
9064, 2
9065, 2
9066, 4
9067, 3
9068, 3
9069, 3
9070, 1
9071, 1
9072, 4
9073, 4
9074, 0
9075, 2
9076, 1
9077, 2
9078, 0
9079, 2
9080, 1
9081, 0
9082, 1
9083, 1
9084, 0
9085, 0
9086, 0
9087, 4
9088, 0
9089, 0
9090, 0
9091, 0
9092, 3
9093, 1
9094, 4
9095, 1
9096, 0
9097, 0
9098, 1
9099, 1
9100, 0
9101, 1
9102, 0
9103, 3
9104, 0
9105, 1
9106, 2
9107, 4
9108, 2
9109, 2
9110, 4
9111, 3
9112, 2
9113, 1
9114, 2
9115, 3
9116, 1
9117, 3
9118, 0
9119, 0
9120, 0
9121, 1
9122, 1
9123, 0
9124, 1
9125, 0
9126, 0
9127, 4
9128, 1
9129, 0
9130, 0
9131, 0
9132, 0
9133, 4
9134, 1
9135, 0
9136, 2
9137, 0
9138, 0
9139, 3
9140, 0
9141, 1
9142, 0
9143, 0
9144, 0
9145, 1
9146, 0
9147, 4
9148, 1
9149, 2
9150, 3
9151, 3
9152, 3
9153, 2
9154, 1
9155, 3
9156, 0
9157, 1
9158, 0
9159, 0
9160, 3
9161, 2
9162, 4
9163, 3
9164, 3
9165, 2
9166, 3
9167, 0
9168, 4
9169, 0
9170, 3
9171, 0
9172, 1
9173, 0
9174, 0
9175, 1
9176, 0
9177, 2
9178, 2
9179, 3
9180, 0
9181, 0
9182, 1
9183, 0
9184, 3
9185, 0
9186, 0
9187, 0
9188, 4
9189, 0
9190, 0
9191, 0
9192, 0
9193, 1
9194, 1
9195, 0
9196, 1
9197, 0
9198, 0
9199, 0
9200, 0
9201, 0
9202, 0
9203, 0
9204, 0
9205, 3
9206, 0
9207, 1
9208, 0
9209, 0
9210, 1
9211, 0
9212, 1
9213, 1
9214, 2
9215, 2
9216, 4
9217, 1
9218, 0
9219, 2
9220, 1
9221, 4
9222, 2
9223, 1
9224, 0
9225, 1
9226, 0
9227, 1
9228, 1
9229, 0
9230, 0
9231, 0
9232, 0
9233, 0
9234, 3
9235, 0
9236, 0
9237, 0
9238, 1
9239, 0
9240, 4
9241, 0
9242, 4
9243, 1
9244, 0
9245, 1
9246, 1
9247, 1
9248, 0
9249, 0
9250, 1
9251, 1
9252, 3
9253, 3
9254, 1
9255, 1
9256, 0
9257, 1
9258, 1
9259, 3
9260, 1
9261, 0
9262, 0
9263, 1
9264, 1
9265, 2
9266, 1
9267, 0
9268, 2
9269, 3
9270, 0
9271, 0
9272, 3
9273, 0
9274, 0
9275, 3
9276, 0
9277, 1
9278, 3
9279, 0
9280, 0
9281, 1
9282, 0
9283, 0
9284, 0
9285, 0
9286, 1
9287, 0
9288, 1
9289, 0
9290, 0
9291, 1
9292, 1
9293, 0
9294, 0
9295, 0
9296, 1
9297, 3
9298, 3
9299, 1
9300, 1
9301, 0
9302, 1
9303, 1
9304, 1
9305, 1
9306, 0
9307, 1
9308, 1
9309, 0
9310, 0
9311, 0
9312, 0
9313, 0
9314, 1
9315, 4
9316, 0
9317, 4
9318, 4
9319, 0
9320, 2
9321, 0
9322, 0
9323, 0
9324, 1
9325, 0
9326, 0
9327, 1
9328, 0
9329, 3
9330, 0
9331, 0
9332, 3
9333, 1
9334, 3
9335, 0
9336, 0
9337, 1
9338, 1
9339, 1
9340, 0
9341, 2
9342, 0
9343, 1
9344, 1
9345, 4
9346, 0
9347, 0
9348, 4
9349, 1
9350, 1
9351, 0
9352, 0
9353, 0
9354, 0
9355, 1
9356, 0
9357, 3
9358, 0
9359, 1
9360, 1
9361, 1
9362, 0
9363, 0
9364, 0
9365, 0
9366, 0
9367, 0
9368, 0
9369, 0
9370, 0
9371, 0
9372, 1
9373, 1
9374, 1
9375, 3
9376, 0
9377, 1
9378, 1
9379, 0
9380, 1
9381, 0
9382, 1
9383, 0
9384, 0
9385, 0
9386, 0
9387, 0
9388, 1
9389, 4
9390, 4
9391, 2
9392, 4
9393, 4
9394, 0
9395, 2
9396, 2
9397, 0
9398, 3
9399, 0
9400, 0
9401, 1
9402, 4
9403, 0
9404, 3
9405, 0
9406, 3
9407, 3
9408, 0
9409, 0
9410, 1
9411, 0
9412, 1
9413, 3
9414, 3
9415, 2
9416, 0
9417, 0
9418, 4
9419, 2
9420, 2
9421, 0
9422, 3
9423, 0
9424, 4
9425, 1
9426, 2
9427, 0
9428, 0
9429, 0
9430, 0
9431, 2
9432, 3
9433, 3
9434, 4
9435, 3
9436, 0
9437, 0
9438, 0
9439, 3
9440, 0
9441, 1
9442, 3
9443, 0
9444, 3
9445, 0
9446, 1
9447, 1
9448, 1
9449, 1
9450, 3
9451, 2
9452, 2
9453, 1
9454, 4
9455, 0
9456, 0
9457, 4
9458, 4
9459, 0
9460, 3
9461, 0
9462, 0
9463, 0
9464, 0
9465, 0
9466, 1
9467, 4
9468, 3
9469, 0
9470, 3
9471, 2
9472, 1
9473, 1
9474, 1
9475, 0
9476, 1
9477, 0
9478, 0
9479, 0
9480, 0
9481, 1
9482, 1
9483, 1
9484, 1
9485, 0
9486, 0
9487, 0
9488, 0
9489, 1
9490, 4
9491, 2
9492, 3
9493, 4
9494, 2
9495, 4
9496, 0
9497, 3
9498, 0
9499, 4
9500, 1
9501, 3
9502, 3
9503, 3
9504, 0
9505, 4
9506, 2
9507, 0
9508, 1
9509, 1
9510, 1
9511, 0
9512, 0
9513, 0
9514, 0
9515, 1
9516, 3
9517, 3
9518, 0
9519, 3
9520, 0
9521, 1
9522, 1
9523, 1
9524, 0
9525, 3
9526, 3
9527, 0
9528, 3
9529, 0
9530, 2
9531, 1
9532, 1
9533, 2
9534, 0
9535, 0
9536, 4
9537, 0
9538, 0
9539, 1
9540, 0
9541, 1
9542, 0
9543, 0
9544, 1
9545, 1
9546, 1
9547, 1
9548, 0
9549, 0
9550, 2
9551, 2
9552, 0
9553, 0
9554, 2
9555, 1
9556, 1
9557, 4
9558, 1
9559, 3
9560, 3
9561, 1
9562, 0
9563, 0
9564, 0
9565, 1
9566, 3
9567, 3
9568, 2
9569, 1
9570, 4
9571, 0
9572, 0
9573, 0
9574, 1
9575, 0
9576, 3
9577, 0
9578, 0
9579, 2
9580, 1
9581, 0
9582, 0
9583, 1
9584, 1
9585, 2
9586, 1
9587, 3
9588, 0
9589, 4
9590, 1
9591, 2
9592, 2
9593, 2
9594, 4
9595, 0
9596, 2
9597, 2
9598, 2
9599, 1
9600, 1
9601, 1
9602, 0
9603, 2
9604, 1
9605, 3
9606, 0
9607, 3
9608, 1
9609, 1
9610, 3
9611, 4
9612, 4
9613, 4
9614, 2
9615, 3
9616, 3
9617, 3
9618, 0
9619, 0
9620, 1
9621, 1
9622, 1
9623, 1
9624, 1
9625, 3
9626, 4
9627, 1
9628, 1
9629, 0
9630, 1
9631, 4
9632, 3
9633, 0
9634, 1
9635, 0
9636, 2
9637, 3
9638, 4
9639, 3
9640, 3
9641, 3
9642, 4
9643, 0
9644, 3
9645, 1
9646, 3
9647, 1
9648, 0
9649, 1
9650, 1
9651, 3
9652, 1
9653, 4
9654, 1
9655, 1
9656, 0
9657, 0
9658, 1
9659, 0
9660, 1
9661, 4
9662, 0
9663, 2
9664, 1
9665, 3
9666, 0
9667, 1
9668, 3
9669, 3
9670, 1
9671, 1
9672, 3
9673, 3
9674, 0
9675, 1
9676, 0
9677, 4
9678, 1
9679, 2
9680, 4
9681, 0
9682, 3
9683, 0
9684, 2
9685, 3
9686, 3
9687, 1
9688, 3
9689, 3
9690, 0
9691, 1
9692, 0
9693, 0
9694, 3
9695, 4
9696, 1
9697, 0
9698, 0
9699, 1
9700, 1
9701, 1
9702, 2
9703, 1
9704, 1
9705, 0
9706, 0
9707, 0
9708, 3
9709, 0
9710, 1
9711, 2
9712, 1
9713, 0
9714, 1
9715, 0
9716, 0
9717, 0
9718, 2
9719, 0
9720, 0
9721, 1
9722, 4
9723, 0
9724, 0
9725, 1
9726, 4
9727, 0
9728, 0
9729, 0
9730, 2
9731, 2
9732, 2
9733, 2
9734, 2
9735, 4
9736, 2
9737, 1
9738, 2
9739, 2
9740, 4
9741, 1
9742, 1
9743, 0
9744, 3
9745, 3
9746, 4
9747, 2
9748, 1
9749, 0
9750, 3
9751, 2
9752, 0
9753, 3
9754, 4
9755, 1
9756, 0
9757, 1
9758, 3
9759, 3
9760, 1
9761, 1
9762, 1
9763, 0
9764, 0
9765, 0
9766, 0
9767, 0
9768, 4
9769, 1
9770, 0
9771, 0
9772, 0
9773, 3
9774, 1
9775, 0
9776, 0
9777, 3
9778, 0
9779, 3
9780, 1
9781, 0
9782, 0
9783, 0
9784, 0
9785, 0
9786, 0
9787, 3
9788, 1
9789, 0
9790, 0
9791, 0
9792, 3
9793, 3
9794, 0
9795, 1
9796, 0
9797, 3
9798, 0
9799, 1
9800, 0
9801, 1
9802, 0
9803, 0
9804, 2
9805, 1
9806, 1
9807, 0
9808, 0
9809, 0
9810, 1
9811, 0
9812, 3
9813, 0
9814, 2
9815, 0
9816, 3
9817, 0
9818, 0
9819, 1
9820, 0
9821, 4
9822, 0
9823, 4
9824, 1
9825, 2
9826, 3
9827, 1
9828, 1
9829, 1
9830, 0
9831, 0
9832, 1
9833, 3
9834, 1
9835, 2
9836, 1
9837, 1
9838, 4
9839, 0
9840, 0
9841, 3
9842, 0
9843, 0
9844, 3
9845, 1
9846, 2
9847, 0
9848, 1
9849, 1
9850, 1
9851, 0
9852, 0
9853, 0
9854, 1
9855, 0
9856, 0
9857, 1
9858, 0
9859, 4
9860, 0
9861, 2
9862, 0
9863, 0
9864, 0
9865, 0
9866, 1
9867, 3
9868, 0
9869, 0
9870, 1
9871, 0
9872, 1
9873, 0
9874, 1
9875, 0
9876, 0
9877, 3
9878, 2
9879, 0
9880, 1
9881, 1
9882, 0
9883, 1
9884, 1
9885, 4
9886, 0
9887, 0
9888, 3
9889, 2
9890, 1
9891, 0
9892, 3
9893, 1
9894, 0
9895, 0
9896, 1
9897, 1
9898, 0
9899, 0
9900, 0
9901, 1
9902, 0
9903, 0
9904, 0
9905, 3
9906, 1
9907, 0
9908, 0
9909, 0
9910, 0
9911, 0
9912, 2
9913, 0
9914, 3
9915, 1
9916, 1
9917, 0
9918, 2
9919, 3
9920, 3
9921, 3
9922, 3
9923, 3
9924, 1
9925, 0
9926, 3
9927, 4
9928, 4
9929, 0
9930, 1
9931, 0
9932, 1
9933, 1
9934, 0
9935, 1
9936, 3
9937, 1
9938, 4
9939, 0
9940, 0
9941, 1
9942, 0
9943, 0
9944, 0
9945, 0
9946, 1
9947, 0
9948, 0
9949, 0
9950, 4
9951, 1
9952, 0
9953, 1
9954, 1
9955, 3
9956, 0
9957, 1
9958, 0
9959, 0
9960, 1
9961, 0
9962, 0
9963, 0
9964, 0
9965, 0
9966, 0
9967, 0
9968, 0
9969, 1
9970, 0
9971, 0
9972, 0
9973, 0
9974, 4
9975, 0
9976, 0
9977, 0
9978, 0
9979, 1
9980, 0
9981, 0
9982, 0
9983, 1
9984, 3
9985, 0
9986, 0
9987, 4
9988, 1
9989, 0
9990, 0
9991, 1
9992, 0
9993, 0
9994, 0
9995, 3
9996, 0
9997, 0
9998, 1
9999, 3
10000, 1
10001, 1
10002, 2
10003, 3
10004, 0
10005, 0
10006, 2
10007, 0
10008, 2
10009, 4
10010, 1
10011, 1
10012, 1
10013, 0
10014, 0
10015, 0
10016, 1
10017, 4
10018, 0
10019, 4
10020, 0
10021, 2
10022, 0
10023, 0
10024, 4
10025, 3
10026, 1
10027, 1
10028, 4
10029, 0
10030, 0
10031, 0
10032, 0
10033, 3
10034, 0
10035, 0
10036, 3
10037, 2
10038, 1
10039, 4
10040, 0
10041, 1
10042, 2
10043, 1
10044, 0
10045, 1
10046, 0
10047, 1
10048, 1
10049, 0
10050, 0
10051, 1
10052, 1
10053, 0
10054, 1
10055, 0
10056, 0
10057, 2
10058, 1
10059, 1
10060, 0
10061, 0
10062, 0
10063, 2
10064, 2
10065, 1
10066, 4
10067, 2
10068, 4
10069, 0
10070, 3
10071, 0
10072, 4
10073, 2
10074, 0
10075, 3
10076, 0
10077, 3
10078, 0
10079, 0
10080, 4
10081, 3
10082, 1
10083, 0
10084, 0
10085, 1
10086, 0
10087, 0
10088, 0
10089, 0
10090, 0
10091, 1
10092, 0
10093, 0
10094, 1
10095, 1
10096, 0
10097, 0
10098, 1
10099, 1
10100, 2
10101, 2
10102, 4
10103, 3
10104, 2
10105, 2
10106, 2
10107, 2
10108, 4
10109, 2
10110, 0
10111, 3
10112, 0
10113, 4
10114, 0
10115, 0
10116, 3
10117, 1
10118, 1
10119, 0
10120, 1
10121, 0
10122, 0
10123, 0
10124, 1
10125, 0
10126, 1
10127, 1
10128, 4
10129, 0
10130, 0
10131, 1
10132, 3
10133, 3
10134, 0
10135, 0
10136, 3
10137, 2
10138, 2
10139, 4
10140, 4
10141, 4
10142, 2
10143, 0
10144, 2
10145, 2
10146, 4
10147, 4
10148, 3
10149, 0
10150, 3
10151, 2
10152, 3
10153, 3
10154, 1
10155, 0
10156, 1
10157, 0
10158, 0
10159, 0
10160, 1
10161, 0
10162, 4
10163, 3
10164, 2
10165, 0
10166, 3
10167, 4
10168, 0
10169, 2
10170, 1
10171, 3
10172, 4
10173, 0
10174, 2
10175, 4
10176, 2
10177, 0
10178, 4
10179, 4
10180, 4
10181, 0
10182, 0
10183, 2
10184, 0
10185, 0
10186, 3
10187, 1
10188, 4
10189, 1
10190, 2
10191, 2
10192, 2
10193, 1
10194, 0
10195, 0
10196, 0
10197, 0
10198, 1
10199, 0
10200, 0
10201, 0
10202, 0
10203, 0
10204, 0
10205, 3
10206, 0
10207, 0
10208, 1
10209, 0
10210, 2
10211, 1
10212, 0
10213, 3
10214, 2
10215, 4
10216, 4
10217, 2
10218, 3
10219, 3
10220, 2
10221, 3
10222, 4
10223, 3
10224, 2
10225, 2
10226, 4
10227, 0
10228, 3
10229, 0
10230, 0
10231, 1
10232, 3
10233, 1
10234, 0
10235, 0
10236, 0
10237, 0
10238, 0
10239, 4
10240, 0
10241, 1
10242, 0
10243, 1
10244, 1
10245, 0
10246, 0
10247, 0
10248, 4
10249, 1
10250, 1
10251, 3
10252, 3
10253, 0
10254, 1
10255, 3
10256, 2
10257, 4
10258, 0
10259, 2
10260, 2
10261, 4
10262, 2
10263, 2
10264, 4
10265, 2
10266, 1
10267, 4
10268, 4
10269, 3
10270, 2
10271, 4
10272, 0
10273, 2
10274, 1
10275, 4
10276, 3
10277, 3
10278, 0
10279, 2
10280, 1
10281, 1
10282, 1
10283, 0
10284, 0
10285, 0
10286, 1
10287, 0
10288, 0
10289, 0
10290, 4
10291, 1
10292, 1
10293, 1
10294, 3
10295, 1
10296, 0
10297, 3
10298, 3
10299, 1
10300, 0
10301, 4
10302, 2
10303, 3
10304, 3
10305, 1
10306, 3
10307, 0
10308, 2
10309, 2
10310, 0
10311, 0
10312, 4
10313, 0
10314, 3
10315, 1
10316, 3
10317, 1
10318, 3
10319, 1
10320, 2
10321, 1
10322, 1
10323, 2
10324, 2
10325, 3
10326, 0
10327, 1
10328, 1
10329, 0
10330, 0
10331, 0
10332, 0
10333, 4
10334, 0
10335, 1
10336, 0
10337, 0
10338, 0
10339, 0
10340, 2
10341, 4
10342, 1
10343, 3
10344, 0
10345, 0
10346, 0
10347, 4
10348, 0
10349, 0
10350, 0
10351, 0
10352, 1
10353, 4
10354, 1
10355, 0
10356, 4
10357, 1
10358, 2
10359, 4
10360, 4
10361, 2
10362, 3
10363, 4
10364, 0
10365, 4
10366, 2
10367, 2
10368, 0
10369, 4
10370, 1
10371, 2
10372, 2
10373, 4
10374, 2
10375, 1
10376, 0
10377, 0
10378, 1
10379, 2
10380, 3
10381, 2
10382, 0
10383, 0
10384, 3
10385, 2
10386, 1
10387, 2
10388, 1
10389, 0
10390, 1
10391, 4
10392, 4
10393, 4
10394, 0
10395, 4
10396, 4
10397, 1
10398, 0
10399, 3
10400, 0
10401, 0
10402, 0
10403, 0
10404, 0
10405, 0
10406, 0
10407, 0
10408, 0
10409, 1
10410, 0
10411, 0
10412, 0
10413, 4
10414, 1
10415, 0
10416, 4
10417, 0
10418, 1
10419, 0
10420, 2
10421, 3
10422, 0
10423, 0
10424, 4
10425, 4
10426, 4
10427, 4
10428, 0
10429, 4
10430, 0
10431, 1
10432, 2
10433, 0
10434, 3
10435, 0
10436, 0
10437, 0
10438, 0
10439, 0
10440, 1
10441, 3
10442, 2
10443, 0
10444, 3
10445, 1
10446, 3
10447, 3
10448, 1
10449, 3
10450, 0
10451, 0
10452, 3
10453, 1
10454, 1
10455, 2
10456, 1
10457, 1
10458, 1
10459, 0
10460, 1
10461, 2
10462, 1
10463, 0
10464, 1
10465, 0
10466, 1
10467, 1
10468, 1
10469, 1
10470, 0
10471, 1
10472, 3
10473, 2
10474, 0
10475, 3
10476, 0
10477, 4
10478, 0
10479, 0
10480, 3
10481, 1
10482, 1
10483, 0
10484, 2
10485, 0
10486, 0
10487, 4
10488, 1
10489, 3
10490, 1
10491, 0
10492, 1
10493, 1
10494, 0
10495, 1
10496, 1
10497, 0
10498, 0
10499, 0
10500, 3
10501, 1
10502, 4
10503, 0
10504, 0
10505, 0
10506, 0
10507, 0
10508, 0
10509, 0
10510, 0
10511, 1
10512, 0
10513, 0
10514, 1
10515, 0
10516, 3
10517, 0
10518, 0
10519, 0
10520, 0
10521, 0
10522, 0
10523, 0
10524, 0
10525, 4
10526, 0
10527, 0
10528, 1
10529, 4
10530, 1
10531, 1
10532, 1
10533, 0
10534, 0
10535, 1
10536, 1
10537, 0
10538, 0
10539, 3
10540, 0
10541, 1
10542, 0
10543, 0
10544, 0
10545, 1
10546, 1
10547, 0
10548, 2
10549, 1
10550, 1
10551, 1
10552, 1
10553, 2
10554, 1
10555, 0
10556, 0
10557, 0
10558, 1
10559, 0
10560, 1
10561, 1
10562, 1
10563, 0
10564, 0
10565, 0
10566, 0
10567, 1
10568, 1
10569, 1
10570, 1
10571, 1
10572, 1
10573, 0
10574, 0
10575, 2
10576, 1
10577, 0
10578, 1
10579, 1
10580, 1
10581, 0
10582, 2
10583, 0
10584, 2
10585, 0
10586, 3
10587, 1
10588, 0
10589, 1
10590, 2
10591, 0
10592, 1
10593, 0
10594, 0
10595, 0
10596, 1
10597, 0
10598, 2
10599, 0
10600, 1
10601, 0
10602, 0
10603, 0
10604, 1
10605, 4
10606, 0
10607, 0
10608, 1
10609, 0
10610, 1
10611, 0
10612, 1
10613, 3
10614, 3
10615, 0
10616, 1
10617, 1
10618, 0
10619, 1
10620, 1
10621, 1
10622, 1
10623, 4
10624, 0
10625, 1
10626, 0
10627, 1
10628, 1
10629, 0
10630, 0
10631, 0
10632, 2
10633, 0
10634, 1
10635, 3
10636, 0
10637, 4
10638, 0
10639, 3
10640, 0
10641, 1
10642, 1
10643, 4
10644, 1
10645, 1
10646, 1
10647, 0
10648, 1
10649, 3
10650, 0
10651, 0
10652, 0
10653, 1
10654, 3
10655, 1
10656, 0
10657, 1
10658, 0
10659, 3
10660, 1
10661, 1
10662, 0
10663, 3
10664, 1
10665, 0
10666, 1
10667, 1
10668, 0
10669, 1
10670, 0
10671, 1
10672, 1
10673, 1
10674, 1
10675, 2
10676, 0
10677, 2
10678, 4
10679, 2
10680, 2
10681, 2
10682, 3
10683, 3
10684, 0
10685, 2
10686, 2
10687, 0
10688, 3
10689, 2
10690, 4
10691, 3
10692, 0
10693, 3
10694, 1
10695, 2
10696, 0
10697, 4
10698, 1
10699, 1
10700, 0
10701, 4
10702, 0
10703, 0
10704, 4
10705, 1
10706, 1
10707, 2
10708, 0
10709, 3
10710, 2
10711, 2
10712, 3
10713, 1
10714, 0
10715, 0
10716, 0
10717, 1
10718, 0
10719, 0
10720, 3
10721, 0
10722, 1
10723, 1
10724, 0
10725, 2
10726, 0
10727, 0
10728, 3
10729, 2
10730, 3
10731, 4
10732, 4
10733, 3
10734, 4
10735, 3
10736, 1
10737, 3
10738, 1
10739, 2
10740, 0
10741, 0
10742, 3
10743, 3
10744, 1
10745, 0
10746, 2
10747, 2
10748, 3
10749, 1
10750, 1
10751, 0
10752, 1
10753, 0
10754, 1
10755, 1
10756, 0
10757, 0
10758, 0
10759, 0
10760, 0
10761, 0
10762, 1
10763, 4
10764, 1
10765, 3
10766, 3
10767, 2
10768, 2
10769, 1
10770, 2
10771, 1
10772, 4
10773, 0
10774, 3
10775, 2
10776, 3
10777, 0
10778, 4
10779, 1
10780, 2
10781, 2
10782, 3
10783, 3
10784, 0
10785, 3
10786, 2
10787, 0
10788, 3
10789, 0
10790, 0
10791, 0
10792, 0
10793, 1
10794, 1
10795, 0
10796, 1
10797, 0
10798, 0
10799, 1
10800, 0
10801, 0
10802, 3
10803, 1
10804, 3
10805, 0
10806, 0
10807, 3
10808, 3
10809, 1
10810, 1
10811, 2
10812, 3
10813, 0
10814, 1
10815, 2
10816, 0
10817, 3
10818, 4
10819, 4
10820, 4
10821, 3
10822, 2
10823, 0
10824, 4
10825, 2
10826, 0
10827, 2
10828, 3
10829, 2
10830, 0
10831, 2
10832, 2
10833, 1
10834, 1
10835, 0
10836, 2
10837, 1
10838, 0
10839, 3
10840, 3
10841, 0
10842, 0
10843, 3
10844, 0
10845, 0
10846, 4
10847, 1
10848, 3
10849, 1
10850, 4
10851, 0
10852, 1
10853, 1
10854, 0
10855, 0
10856, 3
10857, 1
10858, 0
10859, 3
10860, 0
10861, 0
10862, 1
10863, 1
10864, 0
10865, 3
10866, 4
10867, 4
10868, 0
10869, 1
10870, 2
10871, 3
10872, 2
10873, 3
10874, 2
10875, 2
10876, 2
10877, 2
10878, 4
10879, 1
10880, 3
10881, 3
10882, 3
10883, 0
10884, 1
10885, 0
10886, 0
10887, 0
10888, 1
10889, 1
10890, 1
10891, 3
10892, 1
10893, 0
10894, 1
10895, 2
10896, 1
10897, 1
10898, 0
10899, 0
10900, 0
10901, 2
10902, 3
10903, 3
10904, 3
10905, 3
10906, 0
10907, 4
10908, 2
10909, 2
10910, 0
10911, 1
10912, 3
10913, 2
10914, 4
10915, 2
10916, 2
10917, 3
10918, 1
10919, 2
10920, 0
10921, 3
10922, 1
10923, 0
10924, 3
10925, 3
10926, 3
10927, 0
10928, 1
10929, 0
10930, 0
10931, 0
10932, 0
10933, 1
10934, 2
10935, 0
10936, 1
10937, 1
10938, 0
10939, 0
10940, 1
10941, 0
10942, 0
10943, 0
10944, 0
10945, 1
10946, 2
10947, 0
10948, 3
10949, 0
10950, 3
10951, 0
10952, 2
10953, 0
10954, 3
10955, 1
10956, 0
10957, 3
10958, 0
10959, 4
10960, 1
10961, 2
10962, 3
10963, 0
10964, 3
10965, 2
10966, 4
10967, 4
10968, 3
10969, 3
10970, 2
10971, 0
10972, 0
10973, 3
10974, 0
10975, 0
10976, 3
10977, 4
10978, 1
10979, 1
10980, 1
10981, 0
10982, 3
10983, 1
10984, 0
10985, 0
10986, 1
10987, 1
10988, 0
10989, 2
10990, 0
10991, 0
10992, 0
10993, 1
10994, 1
10995, 1
10996, 1
10997, 3
10998, 2
10999, 1
11000, 2
11001, 0
11002, 1
11003, 3
11004, 1
11005, 1
11006, 3
11007, 0
11008, 3
11009, 3
11010, 3
11011, 0
11012, 0
11013, 0
11014, 0
11015, 3
11016, 0
11017, 4
11018, 2
11019, 1
11020, 0
11021, 0
11022, 4
11023, 0
11024, 2
11025, 3
11026, 1
11027, 4
11028, 1
11029, 4
11030, 1
11031, 1
11032, 1
11033, 1
11034, 1
11035, 1
11036, 0
11037, 0
11038, 0
11039, 3
11040, 0
11041, 3
11042, 0
11043, 1
11044, 1
11045, 1
11046, 0
11047, 0
11048, 0
11049, 0
11050, 3
11051, 1
11052, 0
11053, 2
11054, 3
11055, 2
11056, 0
11057, 0
11058, 0
11059, 0
11060, 3
11061, 2
11062, 3
11063, 3
11064, 1
11065, 0
11066, 2
11067, 4
11068, 1
11069, 0
11070, 0
11071, 3
11072, 4
11073, 1
11074, 4
11075, 3
11076, 2
11077, 3
11078, 4
11079, 0
11080, 1
11081, 1
11082, 1
11083, 1
11084, 1
11085, 1
11086, 1
11087, 2
11088, 2
11089, 2
11090, 0
11091, 2
11092, 0
11093, 1
11094, 3
11095, 3
11096, 1
11097, 1
11098, 0
11099, 0
11100, 3
11101, 3
11102, 1
11103, 1
11104, 1
11105, 0
11106, 1
11107, 0
11108, 1
11109, 1
11110, 1
11111, 1
11112, 0
11113, 1
11114, 0
11115, 0
11116, 0
11117, 0
11118, 1
11119, 1
11120, 1
11121, 0
11122, 0
11123, 0
11124, 1
11125, 1
11126, 0
11127, 1
11128, 1
11129, 1
11130, 1
11131, 1
11132, 0
11133, 4
11134, 0
11135, 1
11136, 1
11137, 1
11138, 1
11139, 3
11140, 0
11141, 0
11142, 0
11143, 3
11144, 0
11145, 0
11146, 0
11147, 0
11148, 0
11149, 3
11150, 3
11151, 0
11152, 0
11153, 0
11154, 1
11155, 0
11156, 0
11157, 1
11158, 0
11159, 0
11160, 2
11161, 0
11162, 0
11163, 1
11164, 2
11165, 1
11166, 1
11167, 0
11168, 1
11169, 3
11170, 1
11171, 1
11172, 0
11173, 0
11174, 0
11175, 2
11176, 3
11177, 1
11178, 0
11179, 3
11180, 1
11181, 0
11182, 3
11183, 0
11184, 1
11185, 2
11186, 2
11187, 0
11188, 1
11189, 4
11190, 1
11191, 1
11192, 2
11193, 4
11194, 1
11195, 1
11196, 1
11197, 2
11198, 3
11199, 1
11200, 2
11201, 0
11202, 0
11203, 1
11204, 1
11205, 0
11206, 0
11207, 1
11208, 1
11209, 0
11210, 0
11211, 2
11212, 3
11213, 2
11214, 0
11215, 0
11216, 2
11217, 0
11218, 4
11219, 0
11220, 0
11221, 3
11222, 1
11223, 4
11224, 3
11225, 0
11226, 0
11227, 1
11228, 2
11229, 4
11230, 0
11231, 0
11232, 0
11233, 4
11234, 1
11235, 1
11236, 1
11237, 0
11238, 0
11239, 0
11240, 4
11241, 1
11242, 4
11243, 1
11244, 4
11245, 1
11246, 4
11247, 2
11248, 3
11249, 1
11250, 0
11251, 3
11252, 1
11253, 0
11254, 0
11255, 3
11256, 1
11257, 4
11258, 0
11259, 4
11260, 0
11261, 3
11262, 0
11263, 0
11264, 2
11265, 0
11266, 0
11267, 0
11268, 0
11269, 0
11270, 3
11271, 0
11272, 1
11273, 0
11274, 1
11275, 1
11276, 0
11277, 0
11278, 0
11279, 0
11280, 3
11281, 0
11282, 1
11283, 0
11284, 1
11285, 1
11286, 0
11287, 0
11288, 1
11289, 0
11290, 0
11291, 0
11292, 1
11293, 0
11294, 0
11295, 0
11296, 0
11297, 2
11298, 0
11299, 1
11300, 1
11301, 0
11302, 1
11303, 0
11304, 0
11305, 0
11306, 0
11307, 0
11308, 2
11309, 2
11310, 1
11311, 4
11312, 0
11313, 1
11314, 0
11315, 0
11316, 1
11317, 0
11318, 2
11319, 2
11320, 0
11321, 0
11322, 2
11323, 3
11324, 0
11325, 2
11326, 1
11327, 2
11328, 0
11329, 3
11330, 0
11331, 0
11332, 0
11333, 3
11334, 0
11335, 2
11336, 3
11337, 1
11338, 1
11339, 1
11340, 0
11341, 1
11342, 0
11343, 1
11344, 3
11345, 1
11346, 2
11347, 0
11348, 0
11349, 2
11350, 4
11351, 0
11352, 2
11353, 0
11354, 0
11355, 0
11356, 2
11357, 2
11358, 3
11359, 1
11360, 0
11361, 0
11362, 2
11363, 0
11364, 2
11365, 0
11366, 0
11367, 2
11368, 2
11369, 1
11370, 3
11371, 0
11372, 0
11373, 3
11374, 0
11375, 0
11376, 0
11377, 3
11378, 1
11379, 1
11380, 1
11381, 1
11382, 1
11383, 0
11384, 0
11385, 1
11386, 1
11387, 0
11388, 1
11389, 1
11390, 0
11391, 0
11392, 1
11393, 3
11394, 0
11395, 1
11396, 3
11397, 1
11398, 1
11399, 1
11400, 0
11401, 1
11402, 3
11403, 0
11404, 1
11405, 1
11406, 0
11407, 3
11408, 1
11409, 2
11410, 1
11411, 3
11412, 1
11413, 4
11414, 0
11415, 0
11416, 0
11417, 1
11418, 1
11419, 4
11420, 1
11421, 4
11422, 3
11423, 0
11424, 4
11425, 1
11426, 2
11427, 1
11428, 2
11429, 1
11430, 1
11431, 1
11432, 1
11433, 1
11434, 0
11435, 1
11436, 0
11437, 0
11438, 1
11439, 2
11440, 4
11441, 3
11442, 2
11443, 2
11444, 3
11445, 0
11446, 3
11447, 2
11448, 1
11449, 4
11450, 2
11451, 3
11452, 1
11453, 1
11454, 0
11455, 2
11456, 2
11457, 2
11458, 1
11459, 3
11460, 1
11461, 0
11462, 4
11463, 3
11464, 0
11465, 1
11466, 2
11467, 0
11468, 0
11469, 3
11470, 1
11471, 2
11472, 1
11473, 3
11474, 2
11475, 1
11476, 0
11477, 2
11478, 2
11479, 3
11480, 2
11481, 0
11482, 2
11483, 4
11484, 4
11485, 2
11486, 4
11487, 0
11488, 2
11489, 0
11490, 0
11491, 0
11492, 2
11493, 2
11494, 3
11495, 3
11496, 2
11497, 4
11498, 2
11499, 2
11500, 3
11501, 1
11502, 3
11503, 1
11504, 1
11505, 3
11506, 1
11507, 1
11508, 0
11509, 0
11510, 0
11511, 3
11512, 3
11513, 1
11514, 0
11515, 1
11516, 2
11517, 1
11518, 4
11519, 4
11520, 1
11521, 2
11522, 2
11523, 3
11524, 2
11525, 4
11526, 4
11527, 2
11528, 2
11529, 3
11530, 3
11531, 2
11532, 4
11533, 4
11534, 2
11535, 2
11536, 1
11537, 2
11538, 1
11539, 2
11540, 4
11541, 1
11542, 0
11543, 1
11544, 2
11545, 0
11546, 1
11547, 3
11548, 2
11549, 1
11550, 3
11551, 0
11552, 0
11553, 1
11554, 2
11555, 4
11556, 1
11557, 1
11558, 3
11559, 3
11560, 1
11561, 1
11562, 1
11563, 4
11564, 3
11565, 3
11566, 1
11567, 2
11568, 0
11569, 2
11570, 2
11571, 0
11572, 2
11573, 3
11574, 3
11575, 0
11576, 2
11577, 0
11578, 2
11579, 2
11580, 2
11581, 0
11582, 3
11583, 4
11584, 3
11585, 0
11586, 3
11587, 0
11588, 0
11589, 0
11590, 4
11591, 3
11592, 0
11593, 3
11594, 1
11595, 0
11596, 0
11597, 1
11598, 0
11599, 0
11600, 3
11601, 4
11602, 1
11603, 1
11604, 4
11605, 2
11606, 0
11607, 4
11608, 1
11609, 2
11610, 0
11611, 2
11612, 4
11613, 3
11614, 4
11615, 4
11616, 1
11617, 1
11618, 2
11619, 2
11620, 4
11621, 4
11622, 0
11623, 1
11624, 0
11625, 2
11626, 0
11627, 1
11628, 1
11629, 0
11630, 0
11631, 0
11632, 1
11633, 1
11634, 0
11635, 2
11636, 0
11637, 1
11638, 1
11639, 0
11640, 0
11641, 0
11642, 1
11643, 0
11644, 3
11645, 3
11646, 1
11647, 1
11648, 4
11649, 1
11650, 3
11651, 0
11652, 4
11653, 3
11654, 2
11655, 2
11656, 4
11657, 2
11658, 2
11659, 0
11660, 1
11661, 2
11662, 3
11663, 4
11664, 3
11665, 2
11666, 0
11667, 0
11668, 4
11669, 4
11670, 0
11671, 3
11672, 3
11673, 2
11674, 3
11675, 1
11676, 4
11677, 0
11678, 3
11679, 3
11680, 3
11681, 0
11682, 1
11683, 0
11684, 3
11685, 1
11686, 0
11687, 0
11688, 0
11689, 1
11690, 1
11691, 1
11692, 0
11693, 0
11694, 1
11695, 1
11696, 1
11697, 1
11698, 0
11699, 0
11700, 3
11701, 3
11702, 3
11703, 1
11704, 1
11705, 3
11706, 3
11707, 3
11708, 3
11709, 4
11710, 2
11711, 2
11712, 2
11713, 2
11714, 3
11715, 1
11716, 1
11717, 3
11718, 1
11719, 4
11720, 1
11721, 2
11722, 2
11723, 2
11724, 2
11725, 1
11726, 0
11727, 3
11728, 4
11729, 0
11730, 4
11731, 1
11732, 3
11733, 0
11734, 1
11735, 0
11736, 2
11737, 0
11738, 1
11739, 1
11740, 0
11741, 3
11742, 4
11743, 1
11744, 0
11745, 0
11746, 0
11747, 4
11748, 2
11749, 3
11750, 1
11751, 1
11752, 0
11753, 0
11754, 0
11755, 1
11756, 0
11757, 1
11758, 0
11759, 1
11760, 1
11761, 0
11762, 0
11763, 3
11764, 1
11765, 4
11766, 0
11767, 1
11768, 2
11769, 1
11770, 0
11771, 3
11772, 3
11773, 1
11774, 3
11775, 1
11776, 0
11777, 3
11778, 2
11779, 1
11780, 3
11781, 2
11782, 4
11783, 2
11784, 4
11785, 2
11786, 2
11787, 4
11788, 3
11789, 3
11790, 2
11791, 3
11792, 0
11793, 2
11794, 3
11795, 1
11796, 3
11797, 3
11798, 3
11799, 0
11800, 1
11801, 0
11802, 0
11803, 1
11804, 1
11805, 4
11806, 0
11807, 1
11808, 1
11809, 1
11810, 0
11811, 1
11812, 1
11813, 1
11814, 2
11815, 0
11816, 0
11817, 0
11818, 0
11819, 0
11820, 0
11821, 0
11822, 0
11823, 1
11824, 0
11825, 3
11826, 0
11827, 0
11828, 1
11829, 1
11830, 1
11831, 0
11832, 2
11833, 2
11834, 3
11835, 4
11836, 3
11837, 2
11838, 4
11839, 1
11840, 2
11841, 1
11842, 0
11843, 2
11844, 4
11845, 2
11846, 2
11847, 3
11848, 0
11849, 3
11850, 4
11851, 4
11852, 0
11853, 3
11854, 3
11855, 4
11856, 1
11857, 2
11858, 0
11859, 0
11860, 0
11861, 0
11862, 2
11863, 0
11864, 1
11865, 0
11866, 0
11867, 0
11868, 0
11869, 1
11870, 1
11871, 3
11872, 0
11873, 0
11874, 0
11875, 1
11876, 0
11877, 0
11878, 1
11879, 1
11880, 1
11881, 2
11882, 1
11883, 2
11884, 2
11885, 1
11886, 3
11887, 1
11888, 2
11889, 0
11890, 1
11891, 4
11892, 2
11893, 0
11894, 1
11895, 0
11896, 1
11897, 0
11898, 1
11899, 0
11900, 0
11901, 4
11902, 4
11903, 2
11904, 2
11905, 2
11906, 2
11907, 3
11908, 2
11909, 0
11910, 2
11911, 2
11912, 2
11913, 2
11914, 1
11915, 2
11916, 2
11917, 4
11918, 4
11919, 2
11920, 2
11921, 3
11922, 1
11923, 2
11924, 2
11925, 2
11926, 4
11927, 2
11928, 2
11929, 3
11930, 2
11931, 0
11932, 2
11933, 0
11934, 0
11935, 3
11936, 2
11937, 1
11938, 4
11939, 4
11940, 3
11941, 4
11942, 3
11943, 2
11944, 0
11945, 3
11946, 3
11947, 0
11948, 3
11949, 3
11950, 3
11951, 3
11952, 4
11953, 4
11954, 3
11955, 0
11956, 3
11957, 3
11958, 0
11959, 0
11960, 0
11961, 0
11962, 0
11963, 0
11964, 4
11965, 0
11966, 0
11967, 0
11968, 2
11969, 4
11970, 0
11971, 0
11972, 0
11973, 1
11974, 1
11975, 0
11976, 0
11977, 0
11978, 0
11979, 1
11980, 3
11981, 0
11982, 0
11983, 0
11984, 0
11985, 2
11986, 1
11987, 3
11988, 1
11989, 1
11990, 0
11991, 3
11992, 3
11993, 1
11994, 0
11995, 0
11996, 0
11997, 0
11998, 4
11999, 4
12000, 1
12001, 0
12002, 0
12003, 1
12004, 0
12005, 0
12006, 4
12007, 0
12008, 1
12009, 1
12010, 1
12011, 0
12012, 1
12013, 1
12014, 3
12015, 4
12016, 0
12017, 0
12018, 1
12019, 1
12020, 4
12021, 1
12022, 3
12023, 1
12024, 0
12025, 0
12026, 1
12027, 3
12028, 0
12029, 4
12030, 2
12031, 3
12032, 1
12033, 1
12034, 4
12035, 3
12036, 0
12037, 0
12038, 1
12039, 3
12040, 0
12041, 0
12042, 1
12043, 0
12044, 1
12045, 1
12046, 1
12047, 1
12048, 1
12049, 0
12050, 3
12051, 1
12052, 4
12053, 2
12054, 3
12055, 3
12056, 0
12057, 3
12058, 1
12059, 0
12060, 3
12061, 1
12062, 3
12063, 0
12064, 0
12065, 1
12066, 1
12067, 2
12068, 3
12069, 2
12070, 4
12071, 0
12072, 1
12073, 1
12074, 1
12075, 1
12076, 1
12077, 1
12078, 1
12079, 3
12080, 2
12081, 4
12082, 1
12083, 1
12084, 2
12085, 2
12086, 2
12087, 1
12088, 1
12089, 1
12090, 4
12091, 4
12092, 2
12093, 2
12094, 4
12095, 3
12096, 3
12097, 0
12098, 2
12099, 3
12100, 0
12101, 0
12102, 0
12103, 4
12104, 0
12105, 4
12106, 0
12107, 0
12108, 0
12109, 0
12110, 3
12111, 0
12112, 3
12113, 0
12114, 0
12115, 0
12116, 0
12117, 2
12118, 0
12119, 1
12120, 4
12121, 0
12122, 2
12123, 0
12124, 2
12125, 1
12126, 2
12127, 2
12128, 1
12129, 2
12130, 3
12131, 3
12132, 1
12133, 1
12134, 0
12135, 1
12136, 0
12137, 4
12138, 3
12139, 0
12140, 1
12141, 0
12142, 3
12143, 4
12144, 1
12145, 1
12146, 1
12147, 2
12148, 0
12149, 0
12150, 4
12151, 4
12152, 0
12153, 0
12154, 0
12155, 0
12156, 4
12157, 0
12158, 0
12159, 1
12160, 4
12161, 1
12162, 0
12163, 0
12164, 0
12165, 0
12166, 4
12167, 1
12168, 1
12169, 0
12170, 3
12171, 1
12172, 0
12173, 1
12174, 1
12175, 1
12176, 3
12177, 2
12178, 3
12179, 0
12180, 0
12181, 0
12182, 0
12183, 1
12184, 2
12185, 4
12186, 0
12187, 3
12188, 0
12189, 0
12190, 1
12191, 1
12192, 1
12193, 2
12194, 1
12195, 2
12196, 0
12197, 0
12198, 3
12199, 2
12200, 3
12201, 0
12202, 0
12203, 1
12204, 3
12205, 2
12206, 1
12207, 3
12208, 2
12209, 1
12210, 3
12211, 3
12212, 2
12213, 0
12214, 1
12215, 0
12216, 3
12217, 1
12218, 3
12219, 3
12220, 2
12221, 1
12222, 3
12223, 0
12224, 4
12225, 3
12226, 3
12227, 3
12228, 1
12229, 0
12230, 2
12231, 1
12232, 0
12233, 1
12234, 0
12235, 0
12236, 0
12237, 0
12238, 1
12239, 2
12240, 1
12241, 0
12242, 1
12243, 2
12244, 1
12245, 4
12246, 3
12247, 3
12248, 3
12249, 2
12250, 0
12251, 2
12252, 3
12253, 4
12254, 0
12255, 1
12256, 1
12257, 0
12258, 3
12259, 3
12260, 2
12261, 4
12262, 2
12263, 0
12264, 0
12265, 2
12266, 2
12267, 3
12268, 1
12269, 2
12270, 2
12271, 3
12272, 3
12273, 0
12274, 0
12275, 3
12276, 0
12277, 3
12278, 0
12279, 2
12280, 0
12281, 3
12282, 4
12283, 0
12284, 4
12285, 3
12286, 0
12287, 0
12288, 0
12289, 3
12290, 3
12291, 3
12292, 0
12293, 0
12294, 4
12295, 0
12296, 0
12297, 0
12298, 0
12299, 0
12300, 3
12301, 0
12302, 0
12303, 0
12304, 3
12305, 1
12306, 0
12307, 1
12308, 1
12309, 3
12310, 1
12311, 0
12312, 0
12313, 1
12314, 1
12315, 0
12316, 0
12317, 1
12318, 3
12319, 1
12320, 2
12321, 4
12322, 1
12323, 1
12324, 0
12325, 0
12326, 1
12327, 0
12328, 0
12329, 1
12330, 4
12331, 0
12332, 3
12333, 1
12334, 0
12335, 0
12336, 0
12337, 3
12338, 1
12339, 0
12340, 1
12341, 1
12342, 0
12343, 0
12344, 0
12345, 1
12346, 1
12347, 1
12348, 1
12349, 4
12350, 1
12351, 0
12352, 1
12353, 0
12354, 4
12355, 0
12356, 1
12357, 0
12358, 4
12359, 1
12360, 3
12361, 2
12362, 3
12363, 2
12364, 2
12365, 3
12366, 4
12367, 2
12368, 4
12369, 4
12370, 1
12371, 4
12372, 4
12373, 1
12374, 4
12375, 0
12376, 1
12377, 4
12378, 3
12379, 0
12380, 3
12381, 0
12382, 0
12383, 1
12384, 2
12385, 4
12386, 0
12387, 2
12388, 0
12389, 0
12390, 3
12391, 2
12392, 1
12393, 2
12394, 0
12395, 1
12396, 3
12397, 1
12398, 0
12399, 1
12400, 0
12401, 1
12402, 0
12403, 0
12404, 3
12405, 1
12406, 0
12407, 3
12408, 1
12409, 3
12410, 1
12411, 2
12412, 2
12413, 2
12414, 4
12415, 3
12416, 2
12417, 0
12418, 3
12419, 3
12420, 2
12421, 0
12422, 4
12423, 0
12424, 0
12425, 3
12426, 4
12427, 4
12428, 2
12429, 1
12430, 2
12431, 2
12432, 2
12433, 1
12434, 0
12435, 0
12436, 1
12437, 3
12438, 0
12439, 0
12440, 0
12441, 2
12442, 0
12443, 1
12444, 3
12445, 1
12446, 0
12447, 0
12448, 0
12449, 1
12450, 3
12451, 1
12452, 2
12453, 1
12454, 1
12455, 3
12456, 2
12457, 4
12458, 0
12459, 1
12460, 1
12461, 2
12462, 2
12463, 1
12464, 3
12465, 3
12466, 3
12467, 0
12468, 3
12469, 3
12470, 1
12471, 2
12472, 1
12473, 1
12474, 1
12475, 0
12476, 1
12477, 1
12478, 0
12479, 1
12480, 1
12481, 1
12482, 0
12483, 0
12484, 1
12485, 4
12486, 0
12487, 0
12488, 0
12489, 0
12490, 3
12491, 2
12492, 0
12493, 2
12494, 1
12495, 1
12496, 0
12497, 1
12498, 2
12499, 2
12500, 4
12501, 4
12502, 4
12503, 3
12504, 3
12505, 4
12506, 1
12507, 0
12508, 2
12509, 1
12510, 4
12511, 4
12512, 2
12513, 1
12514, 2
12515, 4
12516, 4
12517, 3
12518, 0
12519, 3
12520, 0
12521, 4
12522, 2
12523, 0
12524, 1
12525, 2
12526, 0
12527, 0
12528, 4
12529, 0
12530, 1
12531, 2
12532, 1
12533, 0
12534, 0
12535, 1
12536, 0
12537, 1
12538, 0
12539, 0
12540, 3
12541, 2
12542, 1
12543, 0
12544, 3
12545, 1
12546, 0
12547, 0
12548, 3
12549, 3
12550, 2
12551, 2
12552, 2
12553, 2
12554, 0
12555, 2
12556, 2
12557, 2
12558, 2
12559, 2
12560, 2
12561, 1
12562, 4
12563, 4
12564, 4
12565, 4
12566, 1
12567, 2
12568, 0
12569, 1
12570, 2
12571, 2
12572, 2
12573, 0
12574, 4
12575, 3
12576, 3
12577, 3
12578, 2
12579, 2
12580, 3
12581, 4
12582, 4
12583, 3
12584, 0
12585, 3
12586, 1
12587, 1
12588, 1
12589, 1
12590, 0
12591, 3
12592, 0
12593, 1
12594, 0
12595, 1
12596, 1
12597, 1
12598, 3
12599, 0
12600, 3
12601, 1
12602, 3
12603, 0
12604, 4
12605, 1
12606, 4
12607, 4
12608, 2
12609, 4
12610, 2
12611, 4
12612, 3
12613, 2
12614, 0
12615, 4
12616, 3
12617, 2
12618, 0
12619, 4
12620, 3
12621, 3
12622, 0
12623, 0
12624, 0
12625, 2
12626, 1
12627, 2
12628, 1
12629, 2
12630, 0
12631, 3
12632, 4
12633, 3
12634, 3
12635, 0
12636, 0
12637, 0
12638, 0
12639, 0
12640, 1
12641, 0
12642, 0
12643, 0
12644, 1
12645, 1
12646, 1
12647, 1
12648, 0
12649, 3
12650, 0
12651, 0
12652, 1
12653, 1
12654, 0
12655, 0
12656, 0
12657, 3
12658, 1
12659, 2
12660, 3
12661, 3
12662, 4
12663, 0
12664, 4
12665, 0
12666, 1
12667, 4
12668, 1
12669, 4
12670, 2
12671, 0
12672, 3
12673, 4
12674, 2
12675, 3
12676, 4
12677, 4
12678, 3
12679, 4
12680, 0
12681, 2
12682, 3
12683, 2
12684, 3
12685, 4
12686, 1
12687, 0
12688, 4
12689, 0
12690, 0
12691, 0
12692, 0
12693, 1
12694, 0
12695, 0
12696, 1
12697, 0
12698, 0
12699, 0
12700, 0
12701, 0
12702, 4
12703, 3
12704, 4
12705, 0
12706, 0
12707, 1
12708, 0
12709, 1
12710, 3
12711, 1
12712, 3
12713, 0
12714, 0
12715, 1
12716, 3
12717, 3
12718, 1
12719, 1
12720, 2
12721, 1
12722, 1
12723, 4
12724, 0
12725, 2
12726, 2
12727, 1
12728, 0
12729, 0
12730, 2
12731, 0
12732, 4
12733, 2
12734, 2
12735, 3
12736, 4
12737, 3
12738, 0
12739, 2
12740, 3
12741, 3
12742, 3
12743, 2
12744, 0
12745, 2
12746, 3
12747, 4
12748, 2
12749, 3
12750, 0
12751, 0
12752, 0
12753, 0
12754, 4
12755, 0
12756, 1
12757, 2
12758, 1
12759, 1
12760, 3
12761, 1
12762, 0
12763, 0
12764, 0
12765, 0
12766, 3
12767, 0
12768, 1
12769, 0
12770, 1
12771, 2
12772, 3
12773, 1
12774, 0
12775, 1
12776, 4
12777, 2
12778, 0
12779, 0
12780, 3
12781, 1
12782, 3
12783, 0
12784, 2
12785, 3
12786, 0
12787, 2
12788, 4
12789, 2
12790, 3
12791, 2
12792, 3
12793, 2
12794, 2
12795, 4
12796, 3
12797, 1
12798, 2
12799, 3
12800, 3
12801, 4
12802, 4
12803, 3
12804, 2
12805, 0
12806, 2
12807, 2
12808, 3
12809, 2
12810, 0
12811, 0
12812, 0
12813, 1
12814, 0
12815, 1
12816, 1
12817, 1
12818, 0
12819, 1
12820, 3
12821, 1
12822, 3
12823, 0
12824, 0
12825, 1
12826, 4
12827, 0
12828, 0
12829, 3
12830, 0
12831, 1
12832, 2
12833, 1
12834, 4
12835, 1
12836, 1
12837, 2
12838, 1
12839, 1
12840, 2
12841, 2
12842, 0
12843, 3
12844, 2
12845, 0
12846, 3
12847, 1
12848, 1
12849, 1
12850, 1
12851, 3
12852, 1
12853, 3
12854, 2
12855, 1
12856, 4
12857, 1
12858, 2
12859, 3
12860, 4
12861, 0
12862, 2
12863, 3
12864, 2
12865, 4
12866, 4
12867, 4
12868, 4
12869, 0
12870, 1
12871, 3
12872, 4
12873, 4
12874, 0
12875, 2
12876, 1
12877, 2
12878, 1
12879, 0
12880, 1
12881, 2
12882, 2
12883, 4
12884, 0
12885, 3
12886, 2
12887, 2
12888, 3
12889, 4
12890, 4
12891, 0
12892, 4
12893, 2
12894, 0
12895, 0
12896, 1
12897, 2
12898, 2
12899, 1
12900, 2
12901, 2
12902, 0
12903, 1
12904, 3
12905, 2
12906, 2
12907, 0
12908, 3
12909, 0
12910, 2
12911, 1
12912, 3
12913, 0
12914, 0
12915, 3
12916, 1
12917, 0
12918, 1
12919, 0
12920, 4
12921, 3
12922, 3
12923, 0
12924, 2
12925, 0
12926, 0
12927, 0
12928, 0
12929, 4
12930, 0
12931, 3
12932, 0
12933, 0
12934, 0
12935, 1
12936, 0
12937, 0
12938, 0
12939, 0
12940, 3
12941, 0
12942, 0
12943, 3
12944, 0
12945, 3
12946, 4
12947, 0
12948, 3
12949, 1
12950, 3
12951, 3
12952, 0
12953, 0
12954, 4
12955, 0
12956, 0
12957, 0
12958, 0
12959, 4
12960, 0
12961, 0
12962, 4
12963, 1
12964, 0
12965, 3
12966, 1
12967, 0
12968, 0
12969, 4
12970, 3
12971, 0
12972, 0
12973, 0
12974, 3
12975, 3
12976, 0
12977, 2
12978, 1
12979, 0
12980, 0
12981, 3
12982, 0
12983, 0
12984, 0
12985, 0
12986, 0
12987, 3
12988, 3
12989, 1
12990, 3
12991, 3
12992, 0
12993, 1
12994, 0
12995, 1
12996, 3
12997, 0
12998, 1
12999, 0
13000, 0
13001, 0
13002, 0
13003, 3
13004, 1
13005, 0
13006, 3
13007, 1
13008, 0
13009, 4
13010, 0
13011, 3
13012, 4
13013, 0
13014, 0
13015, 0
13016, 2
13017, 4
13018, 0
13019, 1
13020, 3
13021, 0
13022, 0
13023, 0
13024, 3
13025, 1
13026, 2
13027, 1
13028, 0
13029, 0
13030, 1
13031, 0
13032, 3
13033, 0
13034, 1
13035, 0
13036, 1
13037, 1
13038, 4
13039, 1
13040, 1
13041, 3
13042, 3
13043, 1
13044, 3
13045, 1
13046, 0
13047, 1
13048, 3
13049, 1
13050, 2
13051, 1
13052, 0
13053, 1
13054, 1
13055, 1
13056, 1
13057, 2
13058, 3
13059, 1
13060, 1
13061, 1
13062, 2
13063, 0
13064, 1
13065, 2
13066, 4
13067, 2
13068, 3
13069, 3
13070, 1
13071, 3
13072, 0
13073, 1
13074, 0
13075, 1
13076, 4
13077, 1
13078, 0
13079, 1
13080, 1
13081, 2
13082, 1
13083, 1
13084, 1
13085, 2
13086, 3
13087, 1
13088, 2
13089, 0
13090, 1
13091, 1
13092, 3
13093, 2
13094, 2
13095, 0
13096, 0
13097, 0
13098, 2
13099, 2
13100, 4
13101, 1
13102, 0
13103, 0
13104, 0
13105, 3
13106, 0
13107, 0
13108, 0
13109, 0
13110, 2
13111, 0
13112, 2
13113, 0
13114, 1
13115, 1
13116, 4
13117, 0
13118, 3
13119, 0
13120, 4
13121, 2
13122, 0
13123, 1
13124, 1
13125, 2
13126, 0
13127, 0
13128, 2
13129, 1
13130, 0
13131, 1
13132, 1
13133, 1
13134, 3
13135, 1
13136, 2
13137, 2
13138, 1
13139, 4
13140, 2
13141, 0
13142, 0
13143, 0
13144, 2
13145, 4
13146, 2
13147, 1
13148, 4
13149, 1
13150, 1
13151, 1
13152, 0
13153, 0
13154, 3
13155, 0
13156, 1
13157, 4
13158, 4
13159, 3
13160, 2
13161, 1
13162, 1
13163, 3
13164, 0
13165, 1
13166, 3
13167, 0
13168, 0
13169, 1
13170, 1
13171, 0
13172, 1
13173, 2
13174, 2
13175, 0
13176, 0
13177, 1
13178, 3
13179, 0
13180, 0
13181, 0
13182, 0
13183, 3
13184, 1
13185, 1
13186, 0
13187, 4
13188, 0
13189, 0
13190, 4
13191, 0
13192, 0
13193, 0
13194, 0
13195, 3
13196, 3
13197, 1
13198, 1
13199, 3
13200, 4
13201, 2
13202, 0
13203, 4
13204, 1
13205, 1
13206, 1
13207, 2
13208, 3
13209, 1
13210, 0
13211, 2
13212, 1
13213, 1
13214, 0
13215, 0
13216, 1
13217, 0
13218, 2
13219, 1
13220, 3
13221, 0
13222, 1
13223, 1
13224, 1
13225, 2
13226, 1
13227, 3
13228, 0
13229, 2
13230, 0
13231, 0
13232, 1
13233, 3
13234, 1
13235, 1
13236, 1
13237, 1
13238, 0
13239, 1
13240, 0
13241, 2
13242, 1
13243, 0
13244, 2
13245, 3
13246, 0
13247, 1
13248, 0
13249, 1
13250, 2
13251, 1
13252, 1
13253, 4
13254, 2
13255, 2
13256, 4
13257, 1
13258, 0
13259, 4
13260, 3
13261, 4
13262, 2
13263, 2
13264, 2
13265, 1
13266, 1
13267, 1
13268, 2
13269, 1
13270, 3
13271, 1
13272, 3
13273, 3
13274, 0
13275, 3
13276, 3
13277, 0
13278, 2
13279, 1
13280, 1
13281, 3
13282, 1
13283, 1
13284, 4
13285, 1
13286, 1
13287, 1
13288, 0
13289, 2
13290, 4
13291, 2
13292, 0
13293, 3
13294, 0
13295, 0
13296, 0
13297, 3
13298, 0
13299, 4
13300, 2
13301, 0
13302, 2
13303, 2
13304, 3
13305, 0
13306, 2
13307, 4
13308, 3
13309, 3
13310, 2
13311, 1
13312, 3
13313, 2
13314, 3
13315, 0
13316, 3
13317, 0
13318, 0
13319, 4
13320, 3
13321, 3
13322, 2
13323, 1
13324, 0
13325, 1
13326, 1
13327, 3
13328, 1
13329, 0
13330, 1
13331, 1
13332, 0
13333, 3
13334, 4
13335, 2
13336, 1
13337, 1
13338, 4
13339, 3
13340, 0
13341, 1
13342, 0
13343, 0
13344, 0
13345, 4
13346, 1
13347, 1
13348, 3
13349, 0
13350, 0
13351, 3
13352, 0
13353, 0
13354, 3
13355, 3
13356, 0
13357, 0
13358, 0
13359, 0
13360, 3
13361, 3
13362, 0
13363, 0
13364, 3
13365, 3
13366, 4
13367, 3
13368, 0
13369, 1
13370, 0
13371, 3
13372, 1
13373, 3
13374, 0
13375, 3
13376, 2
13377, 0
13378, 1
13379, 1
13380, 3
13381, 0
13382, 1
13383, 0
13384, 2
13385, 1
13386, 0
13387, 0
13388, 1
13389, 1
13390, 1
13391, 1
13392, 0
13393, 0
13394, 0
13395, 0
13396, 3
13397, 3
13398, 0
13399, 0
13400, 2
13401, 4
13402, 3
13403, 3
13404, 4
13405, 2
13406, 2
13407, 2
13408, 2
13409, 0
13410, 0
13411, 2
13412, 2
13413, 2
13414, 3
13415, 1
13416, 0
13417, 0
13418, 4
13419, 2
13420, 3
13421, 0
13422, 0
13423, 3
13424, 1
13425, 1
13426, 0
13427, 3
13428, 0
13429, 4
13430, 1
13431, 1
13432, 1
13433, 0
13434, 1
13435, 1
13436, 1
13437, 3
13438, 4
13439, 2
13440, 4
13441, 3
13442, 2
13443, 3
13444, 0
13445, 2
13446, 4
13447, 2
13448, 4
13449, 4
13450, 1
13451, 2
13452, 3
13453, 3
13454, 4
13455, 1
13456, 4
13457, 1
13458, 4
13459, 2
13460, 3
13461, 0
13462, 4
13463, 1
13464, 3
13465, 2
13466, 1
13467, 1
13468, 3
13469, 1
13470, 1
13471, 0
13472, 3
13473, 0
13474, 1
13475, 0
13476, 0
13477, 0
13478, 3
13479, 1
13480, 0
13481, 1
13482, 3
13483, 0
13484, 2
13485, 4
13486, 4
13487, 0
13488, 2
13489, 1
13490, 1
13491, 2
13492, 2
13493, 2
13494, 2
13495, 3
13496, 2
13497, 3
13498, 4
13499, 1
13500, 0
13501, 0
13502, 3
13503, 3
13504, 1
13505, 0
13506, 1
13507, 1
13508, 2
13509, 3
13510, 0
13511, 4
13512, 1
13513, 1
13514, 1
13515, 1
13516, 0
13517, 0
13518, 1
13519, 1
13520, 2
13521, 3
13522, 3
13523, 4
13524, 1
13525, 2
13526, 4
13527, 2
13528, 2
13529, 2
13530, 0
13531, 4
13532, 2
13533, 4
13534, 3
13535, 3
13536, 3
13537, 0
13538, 3
13539, 1
13540, 3
13541, 3
13542, 3
13543, 0
13544, 2
13545, 3
13546, 3
13547, 2
13548, 3
13549, 1
13550, 0
13551, 3
13552, 1
13553, 3
13554, 0
13555, 0
13556, 0
13557, 0
13558, 0
13559, 0
13560, 0
13561, 3
13562, 1
13563, 3
13564, 2
13565, 1
13566, 3
13567, 0
13568, 3
13569, 1
13570, 1
13571, 3
13572, 3
13573, 2
13574, 2
13575, 3
13576, 2
13577, 2
13578, 4
13579, 4
13580, 0
13581, 2
13582, 3
13583, 3
13584, 1
13585, 2
13586, 3
13587, 3
13588, 2
13589, 3
13590, 2
13591, 3
13592, 2
13593, 2
13594, 4
13595, 4
13596, 4
13597, 0
13598, 0
13599, 0
13600, 3
13601, 0
13602, 4
13603, 0
13604, 1
13605, 0
13606, 1
13607, 0
13608, 4
13609, 0
13610, 3
13611, 2
13612, 0
13613, 0
13614, 0
13615, 4
13616, 4
13617, 3
13618, 2
13619, 3
13620, 1
13621, 2
13622, 3
13623, 2
13624, 3
13625, 2
13626, 4
13627, 3
13628, 4
13629, 2
13630, 4
13631, 4
13632, 2
13633, 0
13634, 0
13635, 4
13636, 0
13637, 3
13638, 3
13639, 3
13640, 1
13641, 2
13642, 2
13643, 1
13644, 2
13645, 2
13646, 2
13647, 2
13648, 4
13649, 3
13650, 0
13651, 1
13652, 0
13653, 0
13654, 3
13655, 0
13656, 3
13657, 0
13658, 4
13659, 0
13660, 0
13661, 3
13662, 0
13663, 0
13664, 0
13665, 1
13666, 3
13667, 2
13668, 4
13669, 3
13670, 2
13671, 3
13672, 2
13673, 3
13674, 2
13675, 4
13676, 3
13677, 3
13678, 3
13679, 1
13680, 2
13681, 1
13682, 2
13683, 2
13684, 1
13685, 2
13686, 1
13687, 2
13688, 0
13689, 2
13690, 2
13691, 3
13692, 2
13693, 4
13694, 4
13695, 3
13696, 2
13697, 2
13698, 1
13699, 1
13700, 3
13701, 0
13702, 3
13703, 3
13704, 4
13705, 0
13706, 1
13707, 0
13708, 0
13709, 1
13710, 0
13711, 3
13712, 4
13713, 1
13714, 1
13715, 0
13716, 3
13717, 0
13718, 0
13719, 4
13720, 4
13721, 0
13722, 0
13723, 1
13724, 3
13725, 4
13726, 3
13727, 3
13728, 0
13729, 1
13730, 0
13731, 0
13732, 0
13733, 0
13734, 0
13735, 4
13736, 0
13737, 1
13738, 2
13739, 1
13740, 1
13741, 1
13742, 1
13743, 1
13744, 0
13745, 3
13746, 0
13747, 0
13748, 2
13749, 2
13750, 3
13751, 1
13752, 1
13753, 3
13754, 2
13755, 2
13756, 4
13757, 2
13758, 2
13759, 2
13760, 0
13761, 3
13762, 4
13763, 3
13764, 2
13765, 2
13766, 4
13767, 4
13768, 2
13769, 0
13770, 0
13771, 0
13772, 1
13773, 3
13774, 4
13775, 3
13776, 2
13777, 2
13778, 3
13779, 2
13780, 3
13781, 2
13782, 1
13783, 0
13784, 3
13785, 3
13786, 0
13787, 3
13788, 0
13789, 3
13790, 0
13791, 0
13792, 3
13793, 1
13794, 1
13795, 2
13796, 1
13797, 1
13798, 0
13799, 3
13800, 0
13801, 1
13802, 0
13803, 3
13804, 0
13805, 0
13806, 0
13807, 0
13808, 0
13809, 0
13810, 1
13811, 1
13812, 3
13813, 3
13814, 2
13815, 1
13816, 1
13817, 4
13818, 1
13819, 0
13820, 3
13821, 4
13822, 2
13823, 0
13824, 2
13825, 1
13826, 3
13827, 3
13828, 0
13829, 3
13830, 2
13831, 0
13832, 4
13833, 3
13834, 2
13835, 4
13836, 3
13837, 1
13838, 2
13839, 4
13840, 3
13841, 2
13842, 4
13843, 0
13844, 4
13845, 2
13846, 2
13847, 2
13848, 2
13849, 4
13850, 0
13851, 4
13852, 0
13853, 4
13854, 3
13855, 0
13856, 1
13857, 4
13858, 1
13859, 0
13860, 1
13861, 2
13862, 3
13863, 1
13864, 0
13865, 1
13866, 4
13867, 0
13868, 3
13869, 4
13870, 0
13871, 1
13872, 1
13873, 0
13874, 4
13875, 4
13876, 3
13877, 0
13878, 0
13879, 3
13880, 0
13881, 0
13882, 0
13883, 3
13884, 1
13885, 4
13886, 4
13887, 0
13888, 1
13889, 1
13890, 4
13891, 2
13892, 0
13893, 3
13894, 4
13895, 3
13896, 1
13897, 1
13898, 1
13899, 3
13900, 1
13901, 0
13902, 3
13903, 4
13904, 2
13905, 2
13906, 2
13907, 0
13908, 3
13909, 4
13910, 2
13911, 4
13912, 1
13913, 4
13914, 0
13915, 3
13916, 3
13917, 2
13918, 2
13919, 2
13920, 2
13921, 2
13922, 4
13923, 1
13924, 4
13925, 2
13926, 3
13927, 0
13928, 1
13929, 1
13930, 3
13931, 2
13932, 0
13933, 1
13934, 2
13935, 4
13936, 4
13937, 4
13938, 0
13939, 1
13940, 4
13941, 1
13942, 4
13943, 2
13944, 2
13945, 2
13946, 2
13947, 2
13948, 4
13949, 2
13950, 2
13951, 0
13952, 2
13953, 2
13954, 3
13955, 3
13956, 4
13957, 2
13958, 2
13959, 3
13960, 2
13961, 2
13962, 2
13963, 1
13964, 4
13965, 4
13966, 2
13967, 0
13968, 1
13969, 1
13970, 3
13971, 1
13972, 2
13973, 2
13974, 4
13975, 2
13976, 2
13977, 0
13978, 2
13979, 1
13980, 3
13981, 3
13982, 1
13983, 4
13984, 1
13985, 4
13986, 0
13987, 4
13988, 3
13989, 1
13990, 0
13991, 3
13992, 1
13993, 1
13994, 4
13995, 1
13996, 0
13997, 1
13998, 2
13999, 2
14000, 0
14001, 3
14002, 3
14003, 1
14004, 0
14005, 3
14006, 2
14007, 3
14008, 3
14009, 3
14010, 0
14011, 1
14012, 1
14013, 0
14014, 1
14015, 1
14016, 0
14017, 0
14018, 3
14019, 4
14020, 1
14021, 0
14022, 1
14023, 4
14024, 1
14025, 2
14026, 0
14027, 1
14028, 1
14029, 1
14030, 0
14031, 1
14032, 1
14033, 1
14034, 3
14035, 0
14036, 2
14037, 1
14038, 1
14039, 1
14040, 1
14041, 0
14042, 1
14043, 1
14044, 0
14045, 1
14046, 1
14047, 1
14048, 1
14049, 0
14050, 1
14051, 1
14052, 0
14053, 3
14054, 1
14055, 0
14056, 1
14057, 3
14058, 1
14059, 1
14060, 1
14061, 1
14062, 1
14063, 1
14064, 1
14065, 0
14066, 1
14067, 1
14068, 1
14069, 1
14070, 1
14071, 1
14072, 1
14073, 1
14074, 0
14075, 1
14076, 3
14077, 4
14078, 1
14079, 0
14080, 1
14081, 0
14082, 0
14083, 1
14084, 0
14085, 1
14086, 0
14087, 1
14088, 0
14089, 1
14090, 1
14091, 1
14092, 1
14093, 1
14094, 0
14095, 0
14096, 1
14097, 0
14098, 0
14099, 1
14100, 1
14101, 1
14102, 0
14103, 0
14104, 0
14105, 0
14106, 1
14107, 4
14108, 1
14109, 0
14110, 4
14111, 1
14112, 3
14113, 1
14114, 0
14115, 1
14116, 2
14117, 0
14118, 0
14119, 2
14120, 2
14121, 1
14122, 2
14123, 0
14124, 1
14125, 2
14126, 1
14127, 3
14128, 1
14129, 0
14130, 1
14131, 1
14132, 0
14133, 1
14134, 3
14135, 0
14136, 0
14137, 2
14138, 3
14139, 1
14140, 1
14141, 0
14142, 0
14143, 4
14144, 1
14145, 1
14146, 3
14147, 0
14148, 3
14149, 0
14150, 4
14151, 3
14152, 1
14153, 3
14154, 0
14155, 0
14156, 3
14157, 1
14158, 0
14159, 2
14160, 0
14161, 1
14162, 4
14163, 1
14164, 2
14165, 0
14166, 0
14167, 1
14168, 0
14169, 0
14170, 0
14171, 0
14172, 3
14173, 0
14174, 0
14175, 3
14176, 0
14177, 1
14178, 1
14179, 2
14180, 0
14181, 1
14182, 2
14183, 2
14184, 1
14185, 2
14186, 2
14187, 2
14188, 2
14189, 1
14190, 1
14191, 1
14192, 1
14193, 1
14194, 0
14195, 0
14196, 1
14197, 2
14198, 1
14199, 2
14200, 1
14201, 1
14202, 1
14203, 1
14204, 1
14205, 2
14206, 2
14207, 1
14208, 4
14209, 1
14210, 2
14211, 2
14212, 1
14213, 2
14214, 1
14215, 1
14216, 1
14217, 2
14218, 1
14219, 1
14220, 4
14221, 2
14222, 0
14223, 2
14224, 2
14225, 2
14226, 2
14227, 4
14228, 2
14229, 2
14230, 4
14231, 4
14232, 0
14233, 0
14234, 0
14235, 1
14236, 2
14237, 0
14238, 2
14239, 0
14240, 1
14241, 0
14242, 0
14243, 3
14244, 0
14245, 0
14246, 2
14247, 2
14248, 0
14249, 4
14250, 0
14251, 2
14252, 2
14253, 4
14254, 4
14255, 0
14256, 0
14257, 1
14258, 2
14259, 2
14260, 4
14261, 4
14262, 2
14263, 0
14264, 1
14265, 0
14266, 4
14267, 2
14268, 2
14269, 2
14270, 4
14271, 2
14272, 4
14273, 2
14274, 2
14275, 2
14276, 3
14277, 0
14278, 0
14279, 2
14280, 0
14281, 0
14282, 1
14283, 3
14284, 2
14285, 2
14286, 3
14287, 2
14288, 1
14289, 3
14290, 4
14291, 2
14292, 4
14293, 2
14294, 3
14295, 2
14296, 4
14297, 4
14298, 1
14299, 2
14300, 2
14301, 1
14302, 0
14303, 0
14304, 4
14305, 0
14306, 4
14307, 1
14308, 2
14309, 3
14310, 4
14311, 1
14312, 3
14313, 3
14314, 3
14315, 2
14316, 3
14317, 3
14318, 0
14319, 2
14320, 3
14321, 0
14322, 1
14323, 1
14324, 4
14325, 0
14326, 3
14327, 1
14328, 4
14329, 1
14330, 3
14331, 0
14332, 3
14333, 2
14334, 4
14335, 1
14336, 0
14337, 1
14338, 0
14339, 0
14340, 0
14341, 2
14342, 2
14343, 2
14344, 0
14345, 2
14346, 2
14347, 1
14348, 1
14349, 1
14350, 2
14351, 1
14352, 0
14353, 0
14354, 0
14355, 1
14356, 0
14357, 4
14358, 0
14359, 4
14360, 4
14361, 0
14362, 3
14363, 0
14364, 1
14365, 1
14366, 2
14367, 1
14368, 1
14369, 0
14370, 0
14371, 1
14372, 0
14373, 2
14374, 1
14375, 1
14376, 1
14377, 0
14378, 2
14379, 4
14380, 3
14381, 2
14382, 1
14383, 0
14384, 1
14385, 1
14386, 2
14387, 1
14388, 0
14389, 0
14390, 0
14391, 1
14392, 1
14393, 1
14394, 3
14395, 0
14396, 4
14397, 2
14398, 1
14399, 2
14400, 2
14401, 2
14402, 1
14403, 2
14404, 2
14405, 3
14406, 1
14407, 4
14408, 1
14409, 2
14410, 2
14411, 1
14412, 3
14413, 0
14414, 2
14415, 0
14416, 1
14417, 0
14418, 3
14419, 1
14420, 1
14421, 0
14422, 1
14423, 2
14424, 2
14425, 2
14426, 2
14427, 4
14428, 4
14429, 3
14430, 0
14431, 0
14432, 3
14433, 2
14434, 1
14435, 0
14436, 1
14437, 2
14438, 0
14439, 0
14440, 2
14441, 3
14442, 3
14443, 0
14444, 0
14445, 2
14446, 4
14447, 0
14448, 2
14449, 4
14450, 2
14451, 0
14452, 3
14453, 0
14454, 2
14455, 2
14456, 4
14457, 1
14458, 2
14459, 2
14460, 2
14461, 3
14462, 1
14463, 3
14464, 1
14465, 1
14466, 3
14467, 3
14468, 1
14469, 0
14470, 3
14471, 0
14472, 3
14473, 1
14474, 0
14475, 3
14476, 1
14477, 1
14478, 0
14479, 1
14480, 3
14481, 3
14482, 2
14483, 1
14484, 0
14485, 3
14486, 2
14487, 0
14488, 1
14489, 3
14490, 3
14491, 3
14492, 3
14493, 3
14494, 0
14495, 1
14496, 1
14497, 0
14498, 1
14499, 0
14500, 0
14501, 3
14502, 2
14503, 0
14504, 4
14505, 1
14506, 0
14507, 3
14508, 1
14509, 0
14510, 3
14511, 0
14512, 0
14513, 1
14514, 1
14515, 3
14516, 4
14517, 1
14518, 1
14519, 3
14520, 1
14521, 1
14522, 3
14523, 1
14524, 1
14525, 1
14526, 1
14527, 1
14528, 0
14529, 1
14530, 1
14531, 4
14532, 1
14533, 0
14534, 0
14535, 3
14536, 0
14537, 3
14538, 3
14539, 2
14540, 1
14541, 1
14542, 0
14543, 1
14544, 3
14545, 1
14546, 2
14547, 2
14548, 4
14549, 4
14550, 2
14551, 2
14552, 2
14553, 2
14554, 0
14555, 2
14556, 4
14557, 2
14558, 4
14559, 1
14560, 2
14561, 2
14562, 2
14563, 2
14564, 0
14565, 3
14566, 1
14567, 2
14568, 0
14569, 1
14570, 0
14571, 0
14572, 0
14573, 1
14574, 3
14575, 3
14576, 1
14577, 0
14578, 2
14579, 3
14580, 4
14581, 1
14582, 3
14583, 2
14584, 2
14585, 4
14586, 3
14587, 4
14588, 3
14589, 3
14590, 4
14591, 0
14592, 4
14593, 4
14594, 0
14595, 2
14596, 2
14597, 3
14598, 2
14599, 1
14600, 2
14601, 4
14602, 4
14603, 2
14604, 0
14605, 3
14606, 0
14607, 0
14608, 0
14609, 1
14610, 1
14611, 1
14612, 0
14613, 0
14614, 1
14615, 0
14616, 0
14617, 1
14618, 1
14619, 0
14620, 0
14621, 1
14622, 1
14623, 1
14624, 2
14625, 4
14626, 4
14627, 3
14628, 2
14629, 3
14630, 2
14631, 0
14632, 4
14633, 1
14634, 2
14635, 0
14636, 4
14637, 2
14638, 4
14639, 2
14640, 2
14641, 2
14642, 4
14643, 4
14644, 4
14645, 4
14646, 4
14647, 2
14648, 2
14649, 2
14650, 2
14651, 3
14652, 3
14653, 0
14654, 3
14655, 2
14656, 2
14657, 3
14658, 0
14659, 0
14660, 3
14661, 1
14662, 0
14663, 0
14664, 0
14665, 1
14666, 0
14667, 1
14668, 1
14669, 0
14670, 0
14671, 4
14672, 0
14673, 3
14674, 1
14675, 0
14676, 3
14677, 2
14678, 2
14679, 3
14680, 0
14681, 2
14682, 4
14683, 3
14684, 3
14685, 3
14686, 3
14687, 2
14688, 3
14689, 4
14690, 2
14691, 2
14692, 2
14693, 2
14694, 0
14695, 4
14696, 4
14697, 2
14698, 2
14699, 3
14700, 3
14701, 4
14702, 2
14703, 4
14704, 3
14705, 2
14706, 2
14707, 1
14708, 3
14709, 0
14710, 0
14711, 0
14712, 1
14713, 1
14714, 0
14715, 3
14716, 0
14717, 0
14718, 1
14719, 0
14720, 0
14721, 0
14722, 1
14723, 0
14724, 0
14725, 1
14726, 3
14727, 1
14728, 0
14729, 2
14730, 0
14731, 3
14732, 3
14733, 3
14734, 3
14735, 2
14736, 2
14737, 4
14738, 2
14739, 2
14740, 4
14741, 0
14742, 2
14743, 4
14744, 1
14745, 4
14746, 2
14747, 2
14748, 1
14749, 3
14750, 1
14751, 3
14752, 2
14753, 4
14754, 3
14755, 1
14756, 3
14757, 0
14758, 3
14759, 1
14760, 0
14761, 3
14762, 0
14763, 1
14764, 1
14765, 3
14766, 0
14767, 3
14768, 0
14769, 1
14770, 2
14771, 2
14772, 2
14773, 4
14774, 3
14775, 1
14776, 3
14777, 4
14778, 2
14779, 3
14780, 3
14781, 4
14782, 3
14783, 2
14784, 0
14785, 3
14786, 2
14787, 2
14788, 2
14789, 2
14790, 4
14791, 2
14792, 4
14793, 2
14794, 4
14795, 0
14796, 2
14797, 3
14798, 3
14799, 2
14800, 3
14801, 4
14802, 0
14803, 3
14804, 1
14805, 3
14806, 4
14807, 0
14808, 0
14809, 0
14810, 1
14811, 0
14812, 1
14813, 4
14814, 0
14815, 4
14816, 0
14817, 1
14818, 3
14819, 1
14820, 1
14821, 1
14822, 3
14823, 1
14824, 2
14825, 0
14826, 2
14827, 4
14828, 2
14829, 4
14830, 3
14831, 4
14832, 0
14833, 4
14834, 2
14835, 2
14836, 4
14837, 3
14838, 2
14839, 3
14840, 2
14841, 4
14842, 0
14843, 0
14844, 4
14845, 2
14846, 2
14847, 3
14848, 2
14849, 4
14850, 4
14851, 3
14852, 4
14853, 3
14854, 2
14855, 2
14856, 1
14857, 2
14858, 0
14859, 0
14860, 2
14861, 2
14862, 1
14863, 0
14864, 0
14865, 1
14866, 1
14867, 4
14868, 1
14869, 1
14870, 1
14871, 0
14872, 3
14873, 0
14874, 1
14875, 1
14876, 1
14877, 1
14878, 1
14879, 1
14880, 3
14881, 2
14882, 1
14883, 1
14884, 2
14885, 4
14886, 3
14887, 3
14888, 0
14889, 1
14890, 2
14891, 1
14892, 4
14893, 4
14894, 1
14895, 3
14896, 4
14897, 2
14898, 1
14899, 4
14900, 2
14901, 4
14902, 4
14903, 2
14904, 2
14905, 2
14906, 2
14907, 1
14908, 1
14909, 4
14910, 3
14911, 4
14912, 2
14913, 2
14914, 1
14915, 1
14916, 3
14917, 3
14918, 3
14919, 2
14920, 3
14921, 4
14922, 1
14923, 0
14924, 1
14925, 2
14926, 3
14927, 0
14928, 3
14929, 3
14930, 0
14931, 1
14932, 0
14933, 1
14934, 3
14935, 4
14936, 1
14937, 1
14938, 0
14939, 0
14940, 0
14941, 1
14942, 1
14943, 0
14944, 1
14945, 1
14946, 1
14947, 3
14948, 0
14949, 1
14950, 4
14951, 0
14952, 1
14953, 1
14954, 1
14955, 0
14956, 1
14957, 3
14958, 4
14959, 1
14960, 1
14961, 1
14962, 2
14963, 0
14964, 4
14965, 1
14966, 1
14967, 2
14968, 1
14969, 1
14970, 2
14971, 0
14972, 2
14973, 4
14974, 1
14975, 1
14976, 0
14977, 1
14978, 2
14979, 4
14980, 2
14981, 4
14982, 1
14983, 2
14984, 3
14985, 0
14986, 2
14987, 2
14988, 2
14989, 2
14990, 1
14991, 2
14992, 2
14993, 2
14994, 4
14995, 2
14996, 2
14997, 3
14998, 4
14999, 2
15000, 1
15001, 3
15002, 0
15003, 1
15004, 0
15005, 0
15006, 0
15007, 1
15008, 1
15009, 3
15010, 1
15011, 3
15012, 3
15013, 0
15014, 2
15015, 0
15016, 0
15017, 1
15018, 0
15019, 3
15020, 0
15021, 1
15022, 0
15023, 0
15024, 0
15025, 1
15026, 1
15027, 3
15028, 0
15029, 1
15030, 3
15031, 1
15032, 3
15033, 0
15034, 4
15035, 2
15036, 2
15037, 2
15038, 0
15039, 3
15040, 3
15041, 1
15042, 4
15043, 3
15044, 3
15045, 4
15046, 3
15047, 2
15048, 1
15049, 4
15050, 2
15051, 0
15052, 2
15053, 4
15054, 4
15055, 2
15056, 3
15057, 1
15058, 4
15059, 3
15060, 1
15061, 2
15062, 3
15063, 1
15064, 3
15065, 4
15066, 4
15067, 2
15068, 4
15069, 2
15070, 2
15071, 3
15072, 3
15073, 2
15074, 4
15075, 3
15076, 1
15077, 4
15078, 2
15079, 2
15080, 2
15081, 3
15082, 2
15083, 2
15084, 2
15085, 4
15086, 4
15087, 2
15088, 2
15089, 4
15090, 2
15091, 2
15092, 2
15093, 4
15094, 3
15095, 3
15096, 4
15097, 2
15098, 2
15099, 4
15100, 2
15101, 3
15102, 3
15103, 2
15104, 4
15105, 1
15106, 4
15107, 3
15108, 0
15109, 1
15110, 3
15111, 4
15112, 4
15113, 2
15114, 3
15115, 2
15116, 4
15117, 4
15118, 4
15119, 2
15120, 2
15121, 2
15122, 4
15123, 4
15124, 2
15125, 2
15126, 1
15127, 2
15128, 2
15129, 2
15130, 3
15131, 1
15132, 2
15133, 2
15134, 2
15135, 2
15136, 4
15137, 2
15138, 3
15139, 1
15140, 1
15141, 4
15142, 2
15143, 2
15144, 4
15145, 2
15146, 2
15147, 3
15148, 1
15149, 3
15150, 3
15151, 1
15152, 2
15153, 1
15154, 3
15155, 2
15156, 2
15157, 4
15158, 2
15159, 4
15160, 3
15161, 3
15162, 1
15163, 1
15164, 4
15165, 4
15166, 2
15167, 2
15168, 4
15169, 3
15170, 2
15171, 3
15172, 3
15173, 3
15174, 3
15175, 2
15176, 3
15177, 2
15178, 3
15179, 3
15180, 2
15181, 2
15182, 1
15183, 2
15184, 4
15185, 3
15186, 3
15187, 3
15188, 3
15189, 3
15190, 4
15191, 3
15192, 1
15193, 2
15194, 1
15195, 3
15196, 3
15197, 4
15198, 4
15199, 2
15200, 1
15201, 0
15202, 1
15203, 0
15204, 0
15205, 3
15206, 2
15207, 4
15208, 0
15209, 0
15210, 4
15211, 3
15212, 0
15213, 1
15214, 0
15215, 0
15216, 1
15217, 3
15218, 0
15219, 0
15220, 0
15221, 4
15222, 4
15223, 1
15224, 0
15225, 1
15226, 0
15227, 4
15228, 0
15229, 3
15230, 3
15231, 0
15232, 2
15233, 0
15234, 0
15235, 0
15236, 0
15237, 1
15238, 4
15239, 0
15240, 0
15241, 1
15242, 0
15243, 0
15244, 0
15245, 0
15246, 4
15247, 1
15248, 3
15249, 0
15250, 1
15251, 0
15252, 4
15253, 0
15254, 1
15255, 2
15256, 0
15257, 1
15258, 1
15259, 1
15260, 1
15261, 1
15262, 0
15263, 0
15264, 1
15265, 0
15266, 0
15267, 0
15268, 1
15269, 0
15270, 1
15271, 0
15272, 1
15273, 2
15274, 0
15275, 0
15276, 1
15277, 1
15278, 0
15279, 0
15280, 3
15281, 0
15282, 1
15283, 3
15284, 0
15285, 0
15286, 0
15287, 1
15288, 0
15289, 1
15290, 4
15291, 0
15292, 0
15293, 1
15294, 2
15295, 1
15296, 0
15297, 1
15298, 1
15299, 0
15300, 0
15301, 3
15302, 3
15303, 0
15304, 0
15305, 0
15306, 0
15307, 0
15308, 0
15309, 0
15310, 3
15311, 1
15312, 1
15313, 0
15314, 3
15315, 3
15316, 0
15317, 0
15318, 0
15319, 1
15320, 3
15321, 1
15322, 1
15323, 1
15324, 1
15325, 1
15326, 0
15327, 0
15328, 1
15329, 0
15330, 3
15331, 2
15332, 0
15333, 1
15334, 0
15335, 0
15336, 4
15337, 3
15338, 0
15339, 0
15340, 4
15341, 1
15342, 3
15343, 0
15344, 3
15345, 1
15346, 1
15347, 1
15348, 1
15349, 1
15350, 1
15351, 0
15352, 1
15353, 1
15354, 3
15355, 0
15356, 1
15357, 3
15358, 3
15359, 0
15360, 2
15361, 0
15362, 3
15363, 2
15364, 3
15365, 4
15366, 0
15367, 3
15368, 1
15369, 3
15370, 1
15371, 1
15372, 3
15373, 0
15374, 1
15375, 0
15376, 4
15377, 0
15378, 2
15379, 0
15380, 0
15381, 3
15382, 4
15383, 2
15384, 0
15385, 0
15386, 2
15387, 1
15388, 2
15389, 1
15390, 4
15391, 4
15392, 0
15393, 3
15394, 1
15395, 2
15396, 0
15397, 0
15398, 0
15399, 1
15400, 3
15401, 1
15402, 1
15403, 1
15404, 0
15405, 1
15406, 0
15407, 1
15408, 3
15409, 4
15410, 2
15411, 4
15412, 2
15413, 2
15414, 1
15415, 0
15416, 0
15417, 0
15418, 1
15419, 2
15420, 2
15421, 4
15422, 0
15423, 0
15424, 0
15425, 2
15426, 2
15427, 0
15428, 0
15429, 3
15430, 1
15431, 4
15432, 1
15433, 0
15434, 1
15435, 0
15436, 1
15437, 3
15438, 1
15439, 0
15440, 4
15441, 2
15442, 1
15443, 0
15444, 0
15445, 0
15446, 0
15447, 1
15448, 0
15449, 4
15450, 3
15451, 0
15452, 0
15453, 0
15454, 2
15455, 4
15456, 1
15457, 3
15458, 0
15459, 0
15460, 0
15461, 0
15462, 1
15463, 2
15464, 2
15465, 0
15466, 4
15467, 1
15468, 0
15469, 2
15470, 2
15471, 4
15472, 1
15473, 2
15474, 2
15475, 1
15476, 3
15477, 1
15478, 1
15479, 2
15480, 4
15481, 4
15482, 2
15483, 2
15484, 2
15485, 0
15486, 2
15487, 1
15488, 1
15489, 4
15490, 1
15491, 2
15492, 2
15493, 2
15494, 2
15495, 2
15496, 3
15497, 1
15498, 1
15499, 3
15500, 2
15501, 1
15502, 1
15503, 1
15504, 2
15505, 1
15506, 1
15507, 2
15508, 2
15509, 1
15510, 0
15511, 3
15512, 1
15513, 0
15514, 4
15515, 1
15516, 0
15517, 2
15518, 3
15519, 1
15520, 2
15521, 1
15522, 3
15523, 1
15524, 2
15525, 4
15526, 2
15527, 2
15528, 3
15529, 0
15530, 1
15531, 4
15532, 3
15533, 2
15534, 2
15535, 2
15536, 0
15537, 2
15538, 2
15539, 2
15540, 4
15541, 3
15542, 2
15543, 3
15544, 4
15545, 3
15546, 4
15547, 2
15548, 2
15549, 2
15550, 1
15551, 0
15552, 4
15553, 1
15554, 2
15555, 0
15556, 0
15557, 0
15558, 3
15559, 3
15560, 0
15561, 2
15562, 3
15563, 1
15564, 2
15565, 1
15566, 3
15567, 4
15568, 4
15569, 0
15570, 0
15571, 4
15572, 0
15573, 3
15574, 3
15575, 3
15576, 0
15577, 3
15578, 0
15579, 2
15580, 3
15581, 0
15582, 3
15583, 2
15584, 2
15585, 3
15586, 0
15587, 3
15588, 4
15589, 0
15590, 0
15591, 2
15592, 4
15593, 1
15594, 2
15595, 2
15596, 2
15597, 2
15598, 2
15599, 4
15600, 2
15601, 2
15602, 4
15603, 4
15604, 4
15605, 2
15606, 2
15607, 2
15608, 2
15609, 1
15610, 4
15611, 4
15612, 4
15613, 4
15614, 4
15615, 3
15616, 1
15617, 4
15618, 2
15619, 2
15620, 2
15621, 3
15622, 2
15623, 2
15624, 0
15625, 3
15626, 3
15627, 4
15628, 3
15629, 2
15630, 2
15631, 0
15632, 0
15633, 0
15634, 3
15635, 2
15636, 1
15637, 3
15638, 1
15639, 1
15640, 0
15641, 3
15642, 3
15643, 1
15644, 3
15645, 3
15646, 1
15647, 2
15648, 3
15649, 1
15650, 4
15651, 0
15652, 2
15653, 2
15654, 2
15655, 3
15656, 1
15657, 0
15658, 3
15659, 2
15660, 1
15661, 3
15662, 0
15663, 1
15664, 0
15665, 2
15666, 2
15667, 4
15668, 1
15669, 2
15670, 1
15671, 1
15672, 3
15673, 3
15674, 3
15675, 4
15676, 4
15677, 0
15678, 1
15679, 0
15680, 0
15681, 1
15682, 3
15683, 4
15684, 4
15685, 0
15686, 0
15687, 4
15688, 3
15689, 1
15690, 4
15691, 0
15692, 0
15693, 4
15694, 3
15695, 0
15696, 3
15697, 0
15698, 4
15699, 3
15700, 1
15701, 4
15702, 2
15703, 4
15704, 4
15705, 3
15706, 4
15707, 4
15708, 0
15709, 2
15710, 1
15711, 0
15712, 1
15713, 0
15714, 3
15715, 2
15716, 2
15717, 0
15718, 1
15719, 3
15720, 1
15721, 0
15722, 4
15723, 1
15724, 2
15725, 4
15726, 2
15727, 1
15728, 1
15729, 1
15730, 2
15731, 4
15732, 1
15733, 1
15734, 2
15735, 1
15736, 0
15737, 1
15738, 0
15739, 0
15740, 0
15741, 1
15742, 0
15743, 0
15744, 0
15745, 1
15746, 1
15747, 3
15748, 0
15749, 1
15750, 0
15751, 0
15752, 2
15753, 1
15754, 1
15755, 1
15756, 0
15757, 3
15758, 2
15759, 2
15760, 2
15761, 1
15762, 3
15763, 3
15764, 0
15765, 0
15766, 2
15767, 1
15768, 1
15769, 1
15770, 1
15771, 2
15772, 1
15773, 3
15774, 0
15775, 1
15776, 1
15777, 1
15778, 3
15779, 3
15780, 2
15781, 3
15782, 3
15783, 0
15784, 1
15785, 2
15786, 3
15787, 1
15788, 2
15789, 1
15790, 1
15791, 3
15792, 0
15793, 3
15794, 2
15795, 1
15796, 0
15797, 3
15798, 3
15799, 3
15800, 2
15801, 3
15802, 3
15803, 1
15804, 1
15805, 1
15806, 2
15807, 0
15808, 1
15809, 3
15810, 1
15811, 3
15812, 0
15813, 3
15814, 2
15815, 3
15816, 0
15817, 1
15818, 1
15819, 0
15820, 1
15821, 0
15822, 2
15823, 4
15824, 1
15825, 1
15826, 1
15827, 1
15828, 3
15829, 3
15830, 3
15831, 1
15832, 4
15833, 3
15834, 1
15835, 2
15836, 4
15837, 2
15838, 0
15839, 4
15840, 3
15841, 1
15842, 3
15843, 2
15844, 0
15845, 3
15846, 1
15847, 4
15848, 2
15849, 0
15850, 0
15851, 0
15852, 0
15853, 3
15854, 0
15855, 2
15856, 2
15857, 2
15858, 1
15859, 2
15860, 2
15861, 2
15862, 2
15863, 2
15864, 0
15865, 1
15866, 4
15867, 2
15868, 3
15869, 2
15870, 2
15871, 4
15872, 0
15873, 0
15874, 0
15875, 0
15876, 4
15877, 4
15878, 1
15879, 2
15880, 4
15881, 3
15882, 3
15883, 1
15884, 3
15885, 0
15886, 0
15887, 0
15888, 0
15889, 3
15890, 3
15891, 1
15892, 1
15893, 0
15894, 1
15895, 3
15896, 3
15897, 3
15898, 4
15899, 1
15900, 3
15901, 1
15902, 0
15903, 2
15904, 3
15905, 1
15906, 0
15907, 1
15908, 0
15909, 0
15910, 0
15911, 0
15912, 4
15913, 0
15914, 3
15915, 1
15916, 1
15917, 2
15918, 2
15919, 1
15920, 1
15921, 3
15922, 2
15923, 1
15924, 1
15925, 1
15926, 3
15927, 1
15928, 3
15929, 4
15930, 1
15931, 0
15932, 1
15933, 3
15934, 2
15935, 1
15936, 4
15937, 1
15938, 3
15939, 2
15940, 1
15941, 4
15942, 0
15943, 3
15944, 3
15945, 1
15946, 3
15947, 0
15948, 1
15949, 1
15950, 1
15951, 1
15952, 4
15953, 1
15954, 1
15955, 1
15956, 2
15957, 1
15958, 1
15959, 0
15960, 0
15961, 2
15962, 3
15963, 3
15964, 0
15965, 0
15966, 4
15967, 0
15968, 1
15969, 1
15970, 1
15971, 0
15972, 0
15973, 2
15974, 1
15975, 0
15976, 0
15977, 1
15978, 0
15979, 0
15980, 0
15981, 3
15982, 0
15983, 0
15984, 1
15985, 1
15986, 2
15987, 1
15988, 3
15989, 2
15990, 1
15991, 0
15992, 1
15993, 0
15994, 4
15995, 3
15996, 0
15997, 3
15998, 2
15999, 3
16000, 3
16001, 0
16002, 2
16003, 4
16004, 4
16005, 2
16006, 4
16007, 4
16008, 2
16009, 2
16010, 3
16011, 1
16012, 2
16013, 4
16014, 3
16015, 3
16016, 2
16017, 2
16018, 2
16019, 1
16020, 1
16021, 1
16022, 3
16023, 0
16024, 1
16025, 0
16026, 1
16027, 0
16028, 3
16029, 2
16030, 1
16031, 1
16032, 1
16033, 3
16034, 4
16035, 0
16036, 3
16037, 0
16038, 3
16039, 4
16040, 4
16041, 4
16042, 4
16043, 4
16044, 3
16045, 4
16046, 2
16047, 2
16048, 4
16049, 4
16050, 4
16051, 4
16052, 2
16053, 2
16054, 4
16055, 1
16056, 2
16057, 4
16058, 2
16059, 2
16060, 2
16061, 3
16062, 0
16063, 0
16064, 1
16065, 0
16066, 1
16067, 0
16068, 0
16069, 3
16070, 0
16071, 4
16072, 0
16073, 0
16074, 0
16075, 3
16076, 2
16077, 2
16078, 2
16079, 0
16080, 2
16081, 4
16082, 2
16083, 2
16084, 2
16085, 0
16086, 4
16087, 3
16088, 4
16089, 2
16090, 2
16091, 2
16092, 2
16093, 2
16094, 0
16095, 3
16096, 2
16097, 2
16098, 2
16099, 3
16100, 3
16101, 3
16102, 0
16103, 3
16104, 4
16105, 4
16106, 3
16107, 3
16108, 2
16109, 1
16110, 0
16111, 0
16112, 1
16113, 0
16114, 0
16115, 0
16116, 1
16117, 1
16118, 0
16119, 1
16120, 1
16121, 3
16122, 0
16123, 1
16124, 1
16125, 2
16126, 2
16127, 4
16128, 4
16129, 4
16130, 2
16131, 4
16132, 2
16133, 2
16134, 2
16135, 4
16136, 0
16137, 1
16138, 2
16139, 2
16140, 4
16141, 2
16142, 4
16143, 4
16144, 2
16145, 2
16146, 4
16147, 2
16148, 2
16149, 1
16150, 2
16151, 2
16152, 4
16153, 1
16154, 0
16155, 4
16156, 2
16157, 0
16158, 1
16159, 0
16160, 0
16161, 0
16162, 3
16163, 0
16164, 1
16165, 1
16166, 1
16167, 3
16168, 0
16169, 0
16170, 3
16171, 3
16172, 3
16173, 0
16174, 3
16175, 2
16176, 4
16177, 1
16178, 2
16179, 4
16180, 2
16181, 2
16182, 1
16183, 4
16184, 2
16185, 4
16186, 2
16187, 4
16188, 2
16189, 4
16190, 2
16191, 2
16192, 2
16193, 2
16194, 4
16195, 2
16196, 4
16197, 2
16198, 2
16199, 4
16200, 2
16201, 2
16202, 3
16203, 3
16204, 2
16205, 1
16206, 3
16207, 4
16208, 1
16209, 2
16210, 2
16211, 3
16212, 4
16213, 2
16214, 2
16215, 2
16216, 4
16217, 4
16218, 0
16219, 0
16220, 2
16221, 3
16222, 3
16223, 1
16224, 0
16225, 0
16226, 1
16227, 1
16228, 0
16229, 0
16230, 0
16231, 0
16232, 1
16233, 4
16234, 1
16235, 3
16236, 0
16237, 4
16238, 2
16239, 2
16240, 1
16241, 3
16242, 3
16243, 4
16244, 2
16245, 3
16246, 2
16247, 2
16248, 3
16249, 2
16250, 2
16251, 4
16252, 2
16253, 3
16254, 3
16255, 3
16256, 4
16257, 0
16258, 4
16259, 2
16260, 4
16261, 3
16262, 1
16263, 2
16264, 0
16265, 3
16266, 3
16267, 2
16268, 3
16269, 4
16270, 2
16271, 3
16272, 1
16273, 1
16274, 0
16275, 4
16276, 1
16277, 3
16278, 1
16279, 1
16280, 1
16281, 1
16282, 2
16283, 4
16284, 0
16285, 3
16286, 4
16287, 0
16288, 3
16289, 1
16290, 0
16291, 1
16292, 3
16293, 2
16294, 0
16295, 1
16296, 3
16297, 4
16298, 2
16299, 2
16300, 4
16301, 3
16302, 4
16303, 3
16304, 0
16305, 3
16306, 2
16307, 3
16308, 4
16309, 2
16310, 3
16311, 2
16312, 2
16313, 4
16314, 4
16315, 3
16316, 4
16317, 4
16318, 2
16319, 4
16320, 4
16321, 4
16322, 4
16323, 4
16324, 4
16325, 2
16326, 2
16327, 2
16328, 2
16329, 0
16330, 1
16331, 2
16332, 2
16333, 2
16334, 4
16335, 3
16336, 0
16337, 3
16338, 3
16339, 0
16340, 4
16341, 2
16342, 3
16343, 3
16344, 1
16345, 0
16346, 0
16347, 3
16348, 1
16349, 0
16350, 0
16351, 0
16352, 0
16353, 0
16354, 0
16355, 4
16356, 1
16357, 0
16358, 1
16359, 0
16360, 1
16361, 0
16362, 0
16363, 4
16364, 0
16365, 3
16366, 1
16367, 1
16368, 2
16369, 4
16370, 2
16371, 2
16372, 1
16373, 3
16374, 2
16375, 2
16376, 0
16377, 0
16378, 3
16379, 3
16380, 3
16381, 3
16382, 3
16383, 3
16384, 0
16385, 2
16386, 3
16387, 2
16388, 4
16389, 2
16390, 4
16391, 2
16392, 4
16393, 2
16394, 2
16395, 4
16396, 2
16397, 3
16398, 4
16399, 2
16400, 2
16401, 4
16402, 3
16403, 3
16404, 3
16405, 4
16406, 3
16407, 3
16408, 2
16409, 3
16410, 2
16411, 3
16412, 2
16413, 4
16414, 0
16415, 1
16416, 3
16417, 0
16418, 3
16419, 1
16420, 0
16421, 0
16422, 0
16423, 1
16424, 3
16425, 1
16426, 1
16427, 3
16428, 0
16429, 1
16430, 0
16431, 1
16432, 1
16433, 0
16434, 1
16435, 4
16436, 4
16437, 3
16438, 1
16439, 3
16440, 0
16441, 1
16442, 2
16443, 2
16444, 1
16445, 2
16446, 4
16447, 2
16448, 0
16449, 2
16450, 3
16451, 3
16452, 2
16453, 2
16454, 3
16455, 3
16456, 3
16457, 2
16458, 4
16459, 2
16460, 2
16461, 4
16462, 2
16463, 4
16464, 4
16465, 4
16466, 4
16467, 0
16468, 2
16469, 2
16470, 2
16471, 2
16472, 2
16473, 2
16474, 2
16475, 1
16476, 0
16477, 2
16478, 4
16479, 2
16480, 4
16481, 1
16482, 3
16483, 2
16484, 4
16485, 0
16486, 3
16487, 1
16488, 0
16489, 3
16490, 3
16491, 1
16492, 0
16493, 1
16494, 0
16495, 4
16496, 3
16497, 1
16498, 0
16499, 1
16500, 0
16501, 1
16502, 3
16503, 0
16504, 0
16505, 3
16506, 0
16507, 1
16508, 1
16509, 1
16510, 1
16511, 2
16512, 4
16513, 2
16514, 2
16515, 2
16516, 4
16517, 3
16518, 2
16519, 4
16520, 4
16521, 4
16522, 2
16523, 2
16524, 2
16525, 4
16526, 2
16527, 4
16528, 2
16529, 2
16530, 4
16531, 0
16532, 4
16533, 4
16534, 2
16535, 2
16536, 2
16537, 2
16538, 3
16539, 4
16540, 4
16541, 1
16542, 2
16543, 4
16544, 1
16545, 0
16546, 4
16547, 4
16548, 4
16549, 2
16550, 3
16551, 2
16552, 2
16553, 4
16554, 2
16555, 4
16556, 2
16557, 1
16558, 3
16559, 2
16560, 4
16561, 2
16562, 3
16563, 2
16564, 4
16565, 1
16566, 4
16567, 1
16568, 0
16569, 2
16570, 4
16571, 4
16572, 4
16573, 2
16574, 4
16575, 0
16576, 2
16577, 2
16578, 2
16579, 4
16580, 3
16581, 2
16582, 4
16583, 4
16584, 4
16585, 2
16586, 4
16587, 2
16588, 2
16589, 2
16590, 4
16591, 2
16592, 2
16593, 1
16594, 1
16595, 4
16596, 1
16597, 2
16598, 2
16599, 0
16600, 1
16601, 0
16602, 4
16603, 4
16604, 1
16605, 4
16606, 4
16607, 3
16608, 2
16609, 2
16610, 2
16611, 4
16612, 3
16613, 0
16614, 4
16615, 1
16616, 3
16617, 4
16618, 4
16619, 4
16620, 3
16621, 2
16622, 1
16623, 2
16624, 2
16625, 4
16626, 4
16627, 2
16628, 2
16629, 2
16630, 1
16631, 2
16632, 4
16633, 2
16634, 4
16635, 2
16636, 0
16637, 4
16638, 0
16639, 2
16640, 3
16641, 3
16642, 2
16643, 2
16644, 3
16645, 2
16646, 2
16647, 2
16648, 2
16649, 4
16650, 4
16651, 3
16652, 2
16653, 4
16654, 1
16655, 2
16656, 2
16657, 2
16658, 2
16659, 2
16660, 4
16661, 2
16662, 1
16663, 3
16664, 2
16665, 2
16666, 0
16667, 2
16668, 1
16669, 2
16670, 2
16671, 4
16672, 2
16673, 4
16674, 4
16675, 1
16676, 4
16677, 2
16678, 2
16679, 1
16680, 3
16681, 4
16682, 4
16683, 2
16684, 2
16685, 1
16686, 3
16687, 4
16688, 3
16689, 0
16690, 2
16691, 1
16692, 3
16693, 2
16694, 2
16695, 2
16696, 0
16697, 3
16698, 1
16699, 0
16700, 2
16701, 2
16702, 3
16703, 2
16704, 3
16705, 0
16706, 4
16707, 2
16708, 3
16709, 2
16710, 1
16711, 2
16712, 2
16713, 4
16714, 2
16715, 2
16716, 4
16717, 0
16718, 4
16719, 2
16720, 4
16721, 2
16722, 3
16723, 2
16724, 1
16725, 2
16726, 2
16727, 1
16728, 0
16729, 4
16730, 3
16731, 3
16732, 0
16733, 4
16734, 4
16735, 0
16736, 3
16737, 2
16738, 2
16739, 2
16740, 2
16741, 3
16742, 2
16743, 1
16744, 2
16745, 0
16746, 2
16747, 1
16748, 2
16749, 0
16750, 2
16751, 0
16752, 0
16753, 2
16754, 3
16755, 4
16756, 3
16757, 3
16758, 4
16759, 1
16760, 2
16761, 3
16762, 0
16763, 3
16764, 3
16765, 0
16766, 1
16767, 0
16768, 0
16769, 0
16770, 4
16771, 0
16772, 0
16773, 3
16774, 0
16775, 3
16776, 4
16777, 3
16778, 0
16779, 0
16780, 0
16781, 2
16782, 0
16783, 0
16784, 0
16785, 0
16786, 0
16787, 4
16788, 1
16789, 3
16790, 1
16791, 0
16792, 1
16793, 1
16794, 0
16795, 0
16796, 0
16797, 1
16798, 3
16799, 1
16800, 1
16801, 0
16802, 0
16803, 1
16804, 4
16805, 0
16806, 1
16807, 1
16808, 2
16809, 0
16810, 4
16811, 0
16812, 1
16813, 1
16814, 1
16815, 0
16816, 3
16817, 0
16818, 0
16819, 0
16820, 0
16821, 1
16822, 0
16823, 0
16824, 1
16825, 1
16826, 3
16827, 1
16828, 4
16829, 1
16830, 2
16831, 1
16832, 1
16833, 1
16834, 1
16835, 0
16836, 0
16837, 0
16838, 1
16839, 1
16840, 0
16841, 1
16842, 1
16843, 0
16844, 1
16845, 0
16846, 1
16847, 3
16848, 0
16849, 0
16850, 1
16851, 0
16852, 0
16853, 1
16854, 0
16855, 3
16856, 1
16857, 0
16858, 1
16859, 0
16860, 1
16861, 1
16862, 1
16863, 0
16864, 0
16865, 0
16866, 1
16867, 3
16868, 3
16869, 1
16870, 0
16871, 1
16872, 0
16873, 0
16874, 0
16875, 4
16876, 1
16877, 3
16878, 1
16879, 0
16880, 0
16881, 1
16882, 4
16883, 2
16884, 0
16885, 2
16886, 1
16887, 1
16888, 1
16889, 1
16890, 0
16891, 0
16892, 1
16893, 2
16894, 1
16895, 0
16896, 1
16897, 1
16898, 0
16899, 0
16900, 3
16901, 1
16902, 1
16903, 0
16904, 2
16905, 0
16906, 0
16907, 0
16908, 0
16909, 0
16910, 0
16911, 0
16912, 0
16913, 0
16914, 0
16915, 1
16916, 1
16917, 1
16918, 0
16919, 0
16920, 0
16921, 3
16922, 0
16923, 3
16924, 4
16925, 4
16926, 2
16927, 1
16928, 1
16929, 0
16930, 1
16931, 1
16932, 3
16933, 0
16934, 1
16935, 3
16936, 3
16937, 0
16938, 1
16939, 1
16940, 2
16941, 2
16942, 3
16943, 0
16944, 3
16945, 0
16946, 1
16947, 4
16948, 0
16949, 1
16950, 0
16951, 4
16952, 3
16953, 4
16954, 0
16955, 1
16956, 0
16957, 1
16958, 2
16959, 3
16960, 1
16961, 2
16962, 3
16963, 3
16964, 1
16965, 1
16966, 1
16967, 1
16968, 1
16969, 3
16970, 0
16971, 1
16972, 0
16973, 1
16974, 1
16975, 1
16976, 0
16977, 2
16978, 3
16979, 2
16980, 0
16981, 1
16982, 4
16983, 0
16984, 4
16985, 0
16986, 0
16987, 1
16988, 3
16989, 0
16990, 0
16991, 0
16992, 1
16993, 1
16994, 0
16995, 1
16996, 3
16997, 1
16998, 1
16999, 1
17000, 4
17001, 1
17002, 0
17003, 0
17004, 1
17005, 0
17006, 3
17007, 3
17008, 1
17009, 1
17010, 4
17011, 0
17012, 2
17013, 0
17014, 3
17015, 0
17016, 3
17017, 1
17018, 1
17019, 3
17020, 3
17021, 1
17022, 0
17023, 3
17024, 1
17025, 0
17026, 4
17027, 4
17028, 0
17029, 4
17030, 2
17031, 0
17032, 0
17033, 4
17034, 0
17035, 0
17036, 2
17037, 1
17038, 1
17039, 0
17040, 1
17041, 4
17042, 0
17043, 1
17044, 1
17045, 1
17046, 0
17047, 3
17048, 0
17049, 1
17050, 1
17051, 2
17052, 2
17053, 2
17054, 3
17055, 0
17056, 2
17057, 3
17058, 3
17059, 0
17060, 1
17061, 0
17062, 2
17063, 0
17064, 1
17065, 0
17066, 0
17067, 1
17068, 1
17069, 2
17070, 1
17071, 4
17072, 1
17073, 1
17074, 2
17075, 1
17076, 1
17077, 2
17078, 2
17079, 3
17080, 2
17081, 1
17082, 2
17083, 4
17084, 4
17085, 2
17086, 1
17087, 4
17088, 0
17089, 2
17090, 2
17091, 2
17092, 2
17093, 4
17094, 2
17095, 0
17096, 2
17097, 2
17098, 0
17099, 1
17100, 2
17101, 1
17102, 2
17103, 1
17104, 2
17105, 2
17106, 1
17107, 3
17108, 1
17109, 2
17110, 2
17111, 1
17112, 2
17113, 3
17114, 3
17115, 4
17116, 1
17117, 0
17118, 3
17119, 3
17120, 0
17121, 1
17122, 2
17123, 2
17124, 1
17125, 2
17126, 1
17127, 2
17128, 1
17129, 1
17130, 1
17131, 1
17132, 1
17133, 2
17134, 1
17135, 2
17136, 2
17137, 2
17138, 1
17139, 2
17140, 1
17141, 1
17142, 1
17143, 2
17144, 2
17145, 1
17146, 2
17147, 1
17148, 4
17149, 0
17150, 1
17151, 1
17152, 2
17153, 1
17154, 2
17155, 1
17156, 0
17157, 3
17158, 1
17159, 4
17160, 2
17161, 1
17162, 2
17163, 0
17164, 2
17165, 1
17166, 2
17167, 2
17168, 3
17169, 3
17170, 2
17171, 2
17172, 1
17173, 2
17174, 2
17175, 2
17176, 1
17177, 2
17178, 0
17179, 2
17180, 2
17181, 4
17182, 2
17183, 2
17184, 3
17185, 2
17186, 1
17187, 3
17188, 2
17189, 3
17190, 1
17191, 2
17192, 2
17193, 4
17194, 2
17195, 3
17196, 2
17197, 4
17198, 4
17199, 4
17200, 2
17201, 0
17202, 3
17203, 1
17204, 1
17205, 2
17206, 2
17207, 1
17208, 0
17209, 2
17210, 4
17211, 0
17212, 3
17213, 2
17214, 1
17215, 2
17216, 1
17217, 1
17218, 3
17219, 2
17220, 0
17221, 3
17222, 2
17223, 3
17224, 3
17225, 3
17226, 3
17227, 2
17228, 1
17229, 3
17230, 2
17231, 0
17232, 2
17233, 2
17234, 3
17235, 1
17236, 0
17237, 4
17238, 2
17239, 3
17240, 1
17241, 3
17242, 2
17243, 4
17244, 4
17245, 2
17246, 0
17247, 0
17248, 4
17249, 2
17250, 2
17251, 4
17252, 4
17253, 4
17254, 2
17255, 0
17256, 3
17257, 2
17258, 4
17259, 2
17260, 2
17261, 2
17262, 0
17263, 2
17264, 4
17265, 2
17266, 2
17267, 2
17268, 4
17269, 3
17270, 1
17271, 4
17272, 2
17273, 4
17274, 0
17275, 2
17276, 4
17277, 1
17278, 4
17279, 2
17280, 4
17281, 4
17282, 4
17283, 4
17284, 2
17285, 3
17286, 2
17287, 2
17288, 2
17289, 2
17290, 2
17291, 4
17292, 4
17293, 2
17294, 1
17295, 2
17296, 3
17297, 2
17298, 1
17299, 2
17300, 2
17301, 2
17302, 1
17303, 3
17304, 2
17305, 3
17306, 2
17307, 2
17308, 1
17309, 2
17310, 3
17311, 1
17312, 3
17313, 3
17314, 2
17315, 2
17316, 2
17317, 3
17318, 3
17319, 4
17320, 2
17321, 1
17322, 2
17323, 0
17324, 1
17325, 1
17326, 0
17327, 1
17328, 2
17329, 2
17330, 2
17331, 4
17332, 4
17333, 4
17334, 1
17335, 4
17336, 2
17337, 3
17338, 0
17339, 2
17340, 4
17341, 3
17342, 2
17343, 2
17344, 3
17345, 2
17346, 4
17347, 0
17348, 1
17349, 4
17350, 4
17351, 0
17352, 1
17353, 1
17354, 2
17355, 4
17356, 2
17357, 3
17358, 4
17359, 3
17360, 1
17361, 4
17362, 0
17363, 4
17364, 0
17365, 0
17366, 4
17367, 1
17368, 4
17369, 3
17370, 4
17371, 0
17372, 3
17373, 4
17374, 3
17375, 3
17376, 1
17377, 3
17378, 0
17379, 4
17380, 4
17381, 0
17382, 3
17383, 4
17384, 4
17385, 2
17386, 4
17387, 3
17388, 0
17389, 3
17390, 4
17391, 2
17392, 4
17393, 4
17394, 4
17395, 2
17396, 2
17397, 3
17398, 2
17399, 3
17400, 1
17401, 1
17402, 0
17403, 2
17404, 1
17405, 1
17406, 1
17407, 3
17408, 2
17409, 1
17410, 2
17411, 1
17412, 1
17413, 4
17414, 1
17415, 1
17416, 0
17417, 0
17418, 2
17419, 3
17420, 1
17421, 3
17422, 3
17423, 4
17424, 2
17425, 1
17426, 3
17427, 1
17428, 0
17429, 0
17430, 1
17431, 2
17432, 1
17433, 1
17434, 0
17435, 1
17436, 2
17437, 4
17438, 0
17439, 4
17440, 1
17441, 1
17442, 4
17443, 2
17444, 0
17445, 2
17446, 1
17447, 1
17448, 3
17449, 2
17450, 0
17451, 4
17452, 0
17453, 1
17454, 1
17455, 2
17456, 1
17457, 1
17458, 0
17459, 1
17460, 4
17461, 0
17462, 3
17463, 1
17464, 1
17465, 0
17466, 2
17467, 3
17468, 2
17469, 3
17470, 3
17471, 1
17472, 3
17473, 3
17474, 2
17475, 1
17476, 3
17477, 3
17478, 1
17479, 1
17480, 0
17481, 2
17482, 3
17483, 3
17484, 2
17485, 0
17486, 3
17487, 0
17488, 3
17489, 1
17490, 3
17491, 4
17492, 0
17493, 3
17494, 2
17495, 3
17496, 1
17497, 1
17498, 3
17499, 2
17500, 0
17501, 3
17502, 1
17503, 3
17504, 0
17505, 4
17506, 1
17507, 3
17508, 4
17509, 0
17510, 2
17511, 3
17512, 3
17513, 4
17514, 1
17515, 3
17516, 1
17517, 1
17518, 3
17519, 2
17520, 3
17521, 0
17522, 2
17523, 2
17524, 2
17525, 2
17526, 2
17527, 2
17528, 2
17529, 2
17530, 2
17531, 0
17532, 2
17533, 4
17534, 2
17535, 2
17536, 4
17537, 2
17538, 0
17539, 1
17540, 3
17541, 2
17542, 2
17543, 2
17544, 2
17545, 2
17546, 3
17547, 2
17548, 4
17549, 0
17550, 3
17551, 3
17552, 2
17553, 3
17554, 3
17555, 1
17556, 3
17557, 2
17558, 2
17559, 2
17560, 0
17561, 2
17562, 3
17563, 0
17564, 2
17565, 0
17566, 4
17567, 2
17568, 0
17569, 2
17570, 2
17571, 3
17572, 2
17573, 2
17574, 3
17575, 0
17576, 3
17577, 3
17578, 4
17579, 2
17580, 2
17581, 4
17582, 3
17583, 3
17584, 3
17585, 4
17586, 1
17587, 3
17588, 1
17589, 4
17590, 4
17591, 1
17592, 0
17593, 1
17594, 0
17595, 3
17596, 0
17597, 3
17598, 3
17599, 0
17600, 2
17601, 1
17602, 3
17603, 2
17604, 0
17605, 3
17606, 3
17607, 0
17608, 1
17609, 3
17610, 0
17611, 3
17612, 3
17613, 3
17614, 1
17615, 1
17616, 0
17617, 4
17618, 0
17619, 0
17620, 3
17621, 0
17622, 4
17623, 4
17624, 3
17625, 3
17626, 3
17627, 0
17628, 1
17629, 1
17630, 0
17631, 1
17632, 0
17633, 3
17634, 3
17635, 3
17636, 2
17637, 3
17638, 0
17639, 1
17640, 1
17641, 0
17642, 4
17643, 4
17644, 3
17645, 3
17646, 3
17647, 1
17648, 0
17649, 1
17650, 1
17651, 3
17652, 3
17653, 2
17654, 0
17655, 0
17656, 0
17657, 3
17658, 3
17659, 3
17660, 0
17661, 2
17662, 0
17663, 4
17664, 1
17665, 3
17666, 4
17667, 1
17668, 3
17669, 0
17670, 2
17671, 3
17672, 1
17673, 0
17674, 2
17675, 2
17676, 2
17677, 1
17678, 4
17679, 0
17680, 3
17681, 2
17682, 4
17683, 4
17684, 2
17685, 4
17686, 4
17687, 2
17688, 1
17689, 3
17690, 3
17691, 1
17692, 4
17693, 4
17694, 2
17695, 1
17696, 3
17697, 0
17698, 2
17699, 1
17700, 1
17701, 4
17702, 3
17703, 0
17704, 3
17705, 4
17706, 2
17707, 0
17708, 1
17709, 0
17710, 1
17711, 2
17712, 2
17713, 2
17714, 2
17715, 2
17716, 2
17717, 4
17718, 1
17719, 4
17720, 2
17721, 4
17722, 2
17723, 2
17724, 3
17725, 2
17726, 2
17727, 3
17728, 2
17729, 3
17730, 3
17731, 2
17732, 2
17733, 4
17734, 4
17735, 0
17736, 1
17737, 0
17738, 4
17739, 1
17740, 3
17741, 4
17742, 4
17743, 0
17744, 4
17745, 0
17746, 0
17747, 0
17748, 1
17749, 0
17750, 2
17751, 2
17752, 3
17753, 3
17754, 2
17755, 2
17756, 2
17757, 2
17758, 4
17759, 3
17760, 4
17761, 1
17762, 4
17763, 2
17764, 2
17765, 2
17766, 4
17767, 2
17768, 4
17769, 4
17770, 4
17771, 3
17772, 0
17773, 4
17774, 2
17775, 3
17776, 2
17777, 2
17778, 4
17779, 4
17780, 1
17781, 1
17782, 1
17783, 1
17784, 0
17785, 0
17786, 1
17787, 0
17788, 1
17789, 0
17790, 0
17791, 0
17792, 2
17793, 1
17794, 2
17795, 4
17796, 0
17797, 0
17798, 2
17799, 1
17800, 3
17801, 3
17802, 2
17803, 4
17804, 2
17805, 4
17806, 3
17807, 0
17808, 4
17809, 4
17810, 2
17811, 2
17812, 4
17813, 3
17814, 3
17815, 4
17816, 2
17817, 2
17818, 2
17819, 2
17820, 0
17821, 3
17822, 3
17823, 2
17824, 2
17825, 4
17826, 3
17827, 2
17828, 4
17829, 0
17830, 3
17831, 1
17832, 3
17833, 0
17834, 0
17835, 0
17836, 0
17837, 0
17838, 0
17839, 4
17840, 1
17841, 0
17842, 2
17843, 2
17844, 2
17845, 2
17846, 2
17847, 2
17848, 4
17849, 0
17850, 1
17851, 2
17852, 2
17853, 2
17854, 3
17855, 2
17856, 2
17857, 2
17858, 2
17859, 2
17860, 2
17861, 2
17862, 4
17863, 2
17864, 2
17865, 2
17866, 4
17867, 4
17868, 2
17869, 3
17870, 4
17871, 4
17872, 4
17873, 2
17874, 2
17875, 3
17876, 2
17877, 2
17878, 2
17879, 2
17880, 4
17881, 2
17882, 2
17883, 2
17884, 3
17885, 2
17886, 2
17887, 4
17888, 3
17889, 4
17890, 0
17891, 4
17892, 3
17893, 0
17894, 2
17895, 0
17896, 0
17897, 0
17898, 4
17899, 0
17900, 1
17901, 1
17902, 3
17903, 4
17904, 1
17905, 3
17906, 1
17907, 4
17908, 1
17909, 2
17910, 3
17911, 0
17912, 3
17913, 4
17914, 0
17915, 1
17916, 3
17917, 4
17918, 3
17919, 0
17920, 3
17921, 2
17922, 2
17923, 2
17924, 4
17925, 1
17926, 3
17927, 2
17928, 4
17929, 2
17930, 0
17931, 3
17932, 2
17933, 2
17934, 2
17935, 2
17936, 3
17937, 4
17938, 2
17939, 4
17940, 4
17941, 3
17942, 0
17943, 0
17944, 2
17945, 0
17946, 4
17947, 4
17948, 1
17949, 0
17950, 2
17951, 3
17952, 2
17953, 3
17954, 2
17955, 3
17956, 2
17957, 2
17958, 2
17959, 3
17960, 1
17961, 1
17962, 1
17963, 1
17964, 0
17965, 3
17966, 0
17967, 1
17968, 0
17969, 1
17970, 3
17971, 3
17972, 1
17973, 3
17974, 1
17975, 1
17976, 1
17977, 1
17978, 1
17979, 1
17980, 1
17981, 1
17982, 0
17983, 1
17984, 0
17985, 3
17986, 2
17987, 3
17988, 2
17989, 2
17990, 2
17991, 0
17992, 0
17993, 2
17994, 3
17995, 2
17996, 4
17997, 4
17998, 4
17999, 2
18000, 0
18001, 0
18002, 0
18003, 2
18004, 4
18005, 4
18006, 4
18007, 1
18008, 3
18009, 4
18010, 2
18011, 2
18012, 2
18013, 4
18014, 2
18015, 2
18016, 2
18017, 2
18018, 3
18019, 2
18020, 3
18021, 3
18022, 2
18023, 3
18024, 3
18025, 3
18026, 2
18027, 2
18028, 0
18029, 3
18030, 3
18031, 0
18032, 1
18033, 3
18034, 0
18035, 3
18036, 0
18037, 4
18038, 0
18039, 1
18040, 1
18041, 3
18042, 1
18043, 0
18044, 0
18045, 0
18046, 3
18047, 1
18048, 1
18049, 4
18050, 0
18051, 0
18052, 0
18053, 0
18054, 1
18055, 3
18056, 0
18057, 0
18058, 0
18059, 0
18060, 4
18061, 0
18062, 3
18063, 2
18064, 2
18065, 3
18066, 0
18067, 3
18068, 0
18069, 3
18070, 1
18071, 2
18072, 1
18073, 2
18074, 1
18075, 2
18076, 2
18077, 4
18078, 2
18079, 3
18080, 4
18081, 3
18082, 3
18083, 4
18084, 4
18085, 2
18086, 2
18087, 0
18088, 2
18089, 4
18090, 2
18091, 4
18092, 2
18093, 2
18094, 2
18095, 0
18096, 2
18097, 4
18098, 2
18099, 4
18100, 2
18101, 2
18102, 2
18103, 2
18104, 3
18105, 3
18106, 2
18107, 0
18108, 4
18109, 2
18110, 0
18111, 2
18112, 0
18113, 2
18114, 1
18115, 2
18116, 3
18117, 2
18118, 0
18119, 1
18120, 3
18121, 1
18122, 3
18123, 1
18124, 3
18125, 0
18126, 0
18127, 0
18128, 0
18129, 1
18130, 1
18131, 1
18132, 1
18133, 3
18134, 3
18135, 2
18136, 4
18137, 4
18138, 1
18139, 2
18140, 3
18141, 2
18142, 2
18143, 2
18144, 3
18145, 2
18146, 4
18147, 2
18148, 2
18149, 1
18150, 1
18151, 0
18152, 0
18153, 3
18154, 4
18155, 2
18156, 4
18157, 2
18158, 2
18159, 2
18160, 0
18161, 2
18162, 2
18163, 2
18164, 4
18165, 0
18166, 0
18167, 2
18168, 3
18169, 4
18170, 3
18171, 4
18172, 3
18173, 2
18174, 0
18175, 0
18176, 3
18177, 3
18178, 3
18179, 1
18180, 1
18181, 3
18182, 0
18183, 1
18184, 1
18185, 0
18186, 4
18187, 3
18188, 0
18189, 1
18190, 1
18191, 1
18192, 2
18193, 4
18194, 0
18195, 1
18196, 4
18197, 1
18198, 0
18199, 2
18200, 1
18201, 3
18202, 3
18203, 1
18204, 4
18205, 0
18206, 4
18207, 0
18208, 0
18209, 3
18210, 2
18211, 2
18212, 2
18213, 1
18214, 1
18215, 2
18216, 4
18217, 2
18218, 4
18219, 4
18220, 3
18221, 2
18222, 3
18223, 3
18224, 3
18225, 4
18226, 4
18227, 3
18228, 2
18229, 4
18230, 4
18231, 4
18232, 2
18233, 2
18234, 3
18235, 4
18236, 4
18237, 2
18238, 2
18239, 2
18240, 4
18241, 4
18242, 4
18243, 4
18244, 4
18245, 1
18246, 4
18247, 2
18248, 4
18249, 2
18250, 4
18251, 4
18252, 4
18253, 2
18254, 3
18255, 2
18256, 2
18257, 1
18258, 3
18259, 2
18260, 4
18261, 2
18262, 3
18263, 4
18264, 2
18265, 4
18266, 4
18267, 4
18268, 3
18269, 2
18270, 2
18271, 3
18272, 2
18273, 3
18274, 2
18275, 4
18276, 4
18277, 2
18278, 4
18279, 0
18280, 3
18281, 2
18282, 0
18283, 2
18284, 2
18285, 4
18286, 2
18287, 1
18288, 2
18289, 4
18290, 2
18291, 2
18292, 2
18293, 4
18294, 1
18295, 4
18296, 4
18297, 2
18298, 4
18299, 2
18300, 2
18301, 2
18302, 1
18303, 4
18304, 3
18305, 2
18306, 4
18307, 4
18308, 4
18309, 2
18310, 0
18311, 0
18312, 2
18313, 3
18314, 3
18315, 2
18316, 4
18317, 4
18318, 0
18319, 4
18320, 1
18321, 0
18322, 2
18323, 4
18324, 4
18325, 2
18326, 2
18327, 4
18328, 4
18329, 4
18330, 0
18331, 2
18332, 2
18333, 2
18334, 3
18335, 2
18336, 2
18337, 4
18338, 4
18339, 4
18340, 4
18341, 2
18342, 3
18343, 3
18344, 2
18345, 4
18346, 2
18347, 0
18348, 2
18349, 2
18350, 4
18351, 2
18352, 4
18353, 4
18354, 4
18355, 3
18356, 4
18357, 2
18358, 3
18359, 4
18360, 2
18361, 3
18362, 4
18363, 4
18364, 4
18365, 2
18366, 2
18367, 4
18368, 2
18369, 4
18370, 2
18371, 2
18372, 4
18373, 2
18374, 2
18375, 2
18376, 2
18377, 2
18378, 2
18379, 1
18380, 2
18381, 2
18382, 2
18383, 3
18384, 2
18385, 2
18386, 0
18387, 4
18388, 2
18389, 2
18390, 1
18391, 2
18392, 2
18393, 3
18394, 2
18395, 2
18396, 2
18397, 2
18398, 4
18399, 2
18400, 4
18401, 2
18402, 4
18403, 4
18404, 0
18405, 1
18406, 2
18407, 2
18408, 3
18409, 2
18410, 2
18411, 2
18412, 2
18413, 1
18414, 3
18415, 2
18416, 2
18417, 4
18418, 2
18419, 3
18420, 2
18421, 2
18422, 4
18423, 2
18424, 1
18425, 4
18426, 4
18427, 2
18428, 4
18429, 3
18430, 3
18431, 2
18432, 0
18433, 0
18434, 2
18435, 2
18436, 2
18437, 4
18438, 2
18439, 4
18440, 1
18441, 2
18442, 4
18443, 2
18444, 3
18445, 2
18446, 3
18447, 2
18448, 3
18449, 1
18450, 2
18451, 2
18452, 2
18453, 4
18454, 4
18455, 2
18456, 4
18457, 2
18458, 1
18459, 1
18460, 0
18461, 3
18462, 3
18463, 4
18464, 2
18465, 2
18466, 3
18467, 2
18468, 3
18469, 1
18470, 4
18471, 2
18472, 2
18473, 2
18474, 2
18475, 4
18476, 3
18477, 0
18478, 2
18479, 1
18480, 3
18481, 1
18482, 3
18483, 2
18484, 2
18485, 1
18486, 1
18487, 2
18488, 3
18489, 4
18490, 3
18491, 2
18492, 1
18493, 2
18494, 4
18495, 4
18496, 1
18497, 1
18498, 2
18499, 3
18500, 2
18501, 1
18502, 2
18503, 4
18504, 4
18505, 1
18506, 1
18507, 3
18508, 1
18509, 1
18510, 2
18511, 4
18512, 2
18513, 2
18514, 1
18515, 4
18516, 4
18517, 2
18518, 2
18519, 2
18520, 4
18521, 1
18522, 2
18523, 2
18524, 1
18525, 2
18526, 2
18527, 4
18528, 4
18529, 3
18530, 2
18531, 2
18532, 2
18533, 1
18534, 4
18535, 1
18536, 1
18537, 1
18538, 2
18539, 3
18540, 2
18541, 2
18542, 1
18543, 1
18544, 3
18545, 0
18546, 2
18547, 2
18548, 4
18549, 1
18550, 3
18551, 2
18552, 2
18553, 3
18554, 2
18555, 4
18556, 3
18557, 2
18558, 3
18559, 0
18560, 3
18561, 2
18562, 1
18563, 1
18564, 1
18565, 2
18566, 4
18567, 3
18568, 1
18569, 2
18570, 2
18571, 1
18572, 3
18573, 4
18574, 0
18575, 4
18576, 3
18577, 3
18578, 2
18579, 0
18580, 3
18581, 4
18582, 3
18583, 2
18584, 2
18585, 1
18586, 0
18587, 2
18588, 1
18589, 2
18590, 1
18591, 2
18592, 4
18593, 0
18594, 0
18595, 1
18596, 0
18597, 0
18598, 2
18599, 0
18600, 0
18601, 1
18602, 1
18603, 1
18604, 1
18605, 0
18606, 4
18607, 0
18608, 1
18609, 3
18610, 3
18611, 2
18612, 1
18613, 1
18614, 0
18615, 4
18616, 1
18617, 1
18618, 1
18619, 3
18620, 0
18621, 0
18622, 1
18623, 0
18624, 2
18625, 0
18626, 0
18627, 0
18628, 0
18629, 1
18630, 0
18631, 4
18632, 0
18633, 1
18634, 0
18635, 0
18636, 1
18637, 1
18638, 0
18639, 0
18640, 0
18641, 3
18642, 0
18643, 0
18644, 1
18645, 1
18646, 1
18647, 1
18648, 0
18649, 0
18650, 1
18651, 4
18652, 3
18653, 0
18654, 0
18655, 1
18656, 1
18657, 1
18658, 0
18659, 2
18660, 1
18661, 1
18662, 1
18663, 0
18664, 1
18665, 1
18666, 1
18667, 4
18668, 1
18669, 3
18670, 1
18671, 1
18672, 1
18673, 3
18674, 3
18675, 1
18676, 1
18677, 1
18678, 1
18679, 1
18680, 1
18681, 1
18682, 3
18683, 4
18684, 1
18685, 0
18686, 2
18687, 2
18688, 1
18689, 1
18690, 1
18691, 0
18692, 3
18693, 1
18694, 1
18695, 1
18696, 1
18697, 0
18698, 0
18699, 3
18700, 1
18701, 1
18702, 1
18703, 1
18704, 1
18705, 1
18706, 1
18707, 4
18708, 1
18709, 1
18710, 0
18711, 0
18712, 3
18713, 0
18714, 2
18715, 1
18716, 1
18717, 0
18718, 0
18719, 0
18720, 1
18721, 1
18722, 0
18723, 0
18724, 3
18725, 0
18726, 1
18727, 0
18728, 1
18729, 1
18730, 0
18731, 1
18732, 1
18733, 1
18734, 0
18735, 1
18736, 0
18737, 0
18738, 1
18739, 0
18740, 1
18741, 0
18742, 0
18743, 0
18744, 1
18745, 1
18746, 1
18747, 1
18748, 1
18749, 1
18750, 0
18751, 1
18752, 1
18753, 3
18754, 0
18755, 1
18756, 2
18757, 1
18758, 4
18759, 1
18760, 1
18761, 3
18762, 1
18763, 1
18764, 0
18765, 1
18766, 2
18767, 0
18768, 1
18769, 3
18770, 0
18771, 0
18772, 0
18773, 1
18774, 1
18775, 0
18776, 3
18777, 1
18778, 0
18779, 4
18780, 4
18781, 0
18782, 1
18783, 0
18784, 0
18785, 3
18786, 1
18787, 1
18788, 1
18789, 4
18790, 2
18791, 3
18792, 3
18793, 0
18794, 0
18795, 1
18796, 0
18797, 3
18798, 1
18799, 1
18800, 0
18801, 0
18802, 4
18803, 1
18804, 1
18805, 0
18806, 0
18807, 3
18808, 0
18809, 0
18810, 3
18811, 3
18812, 0
18813, 0
18814, 4
18815, 4
18816, 4
18817, 1
18818, 1
18819, 1
18820, 0
18821, 1
18822, 4
18823, 3
18824, 1
18825, 4
18826, 3
18827, 0
18828, 1
18829, 1
18830, 0
18831, 1
18832, 0
18833, 0
18834, 2
18835, 4
18836, 3
18837, 3
18838, 0
18839, 0
18840, 3
18841, 0
18842, 1
18843, 0
18844, 3
18845, 0
18846, 4
18847, 3
18848, 0
18849, 0
18850, 1
18851, 1
18852, 0
18853, 1
18854, 1
18855, 0
18856, 1
18857, 2
18858, 1
18859, 3
18860, 0
18861, 2
18862, 1
18863, 2
18864, 0
18865, 3
18866, 1
18867, 1
18868, 1
18869, 2
18870, 1
18871, 0
18872, 2
18873, 3
18874, 3
18875, 0
18876, 1
18877, 3
18878, 1
18879, 3
18880, 0
18881, 1
18882, 0
18883, 1
18884, 3
18885, 3
18886, 1
18887, 0
18888, 3
18889, 1
18890, 3
18891, 0
18892, 1
18893, 1
18894, 3
18895, 0
18896, 1
18897, 1
18898, 0
18899, 3
18900, 0
18901, 2
18902, 1
18903, 2
18904, 2
18905, 3
18906, 2
18907, 2
18908, 3
18909, 3
18910, 1
18911, 1
18912, 3
18913, 1
18914, 0
18915, 2
18916, 1
18917, 1
18918, 1
18919, 3
18920, 4
18921, 0
18922, 0
18923, 3
18924, 1
18925, 3
18926, 1
18927, 1
18928, 0
18929, 1
18930, 1
18931, 2
18932, 1
18933, 0
18934, 1
18935, 2
18936, 1
18937, 0
18938, 1
18939, 4
18940, 1
18941, 0
18942, 3
18943, 1
18944, 2
18945, 2
18946, 0
18947, 0
18948, 3
18949, 3
18950, 0
18951, 3
18952, 0
18953, 1
18954, 0
18955, 0
18956, 1
18957, 4
18958, 1
18959, 0
18960, 1
18961, 0
18962, 0
18963, 2
18964, 2
18965, 2
18966, 0
18967, 3
18968, 1
18969, 0
18970, 3
18971, 4
18972, 1
18973, 0
18974, 3
18975, 3
18976, 0
18977, 1
18978, 0
18979, 1
18980, 0
18981, 1
18982, 1
18983, 2
18984, 3
18985, 0
18986, 0
18987, 1
18988, 0
18989, 3
18990, 4
18991, 0
18992, 1
18993, 1
18994, 1
18995, 1
18996, 0
18997, 1
18998, 1
18999, 4
19000, 0
19001, 1
19002, 3
19003, 2
19004, 1
19005, 0
19006, 3
19007, 3
19008, 1
19009, 1
19010, 4
19011, 3
19012, 1
19013, 2
19014, 1
19015, 4
19016, 0
19017, 1
19018, 0
19019, 1
19020, 2
19021, 4
19022, 2
19023, 0
19024, 1
19025, 1
19026, 1
19027, 0
19028, 0
19029, 0
19030, 0
19031, 0
19032, 1
19033, 1
19034, 1
19035, 3
19036, 3
19037, 1
19038, 1
19039, 3
19040, 1
19041, 0
19042, 2
19043, 2
19044, 2
19045, 3
19046, 2
19047, 2
19048, 2
19049, 2
19050, 1
19051, 2
19052, 1
19053, 1
19054, 2
19055, 2
19056, 2
19057, 1
19058, 4
19059, 2
19060, 2
19061, 2
19062, 2
19063, 1
19064, 2
19065, 2
19066, 1
19067, 3
19068, 2
19069, 2
19070, 3
19071, 1
19072, 1
19073, 2
19074, 2
19075, 2
19076, 2
19077, 2
19078, 2
19079, 1
19080, 2
19081, 1
19082, 2
19083, 1
19084, 1
19085, 2
19086, 1
19087, 1
19088, 2
19089, 1
19090, 0
19091, 2
19092, 2
19093, 2
19094, 2
19095, 1
19096, 1
19097, 1
19098, 2
19099, 2
19100, 1
19101, 1
19102, 2
19103, 3
19104, 3
19105, 2
19106, 3
19107, 1
19108, 1
19109, 1
19110, 2
19111, 2
19112, 2
19113, 1
19114, 2
19115, 1
19116, 2
19117, 2
19118, 2
19119, 2
19120, 2
19121, 2
19122, 2
19123, 1
19124, 3
19125, 2
19126, 1
19127, 0
19128, 1
19129, 2
19130, 1
19131, 0
19132, 1
19133, 3
19134, 1
19135, 2
19136, 3
19137, 1
19138, 2
19139, 2
19140, 2
19141, 2
19142, 1
19143, 2
19144, 1
19145, 4
19146, 3
19147, 2
19148, 1
19149, 1
19150, 2
19151, 4
19152, 2
19153, 2
19154, 1
19155, 2
19156, 1
19157, 2
19158, 2
19159, 4
19160, 3
19161, 2
19162, 4
19163, 1
19164, 2
19165, 4
19166, 2
19167, 4
19168, 2
19169, 4
19170, 3
19171, 4
19172, 2
19173, 4
19174, 2
19175, 2
19176, 3
19177, 2
19178, 2
19179, 2
19180, 2
19181, 1
19182, 2
19183, 2
19184, 2
19185, 3
19186, 2
19187, 3
19188, 4
19189, 2
19190, 2
19191, 2
19192, 4
19193, 0
19194, 2
19195, 2
19196, 3
19197, 2
19198, 2
19199, 2
19200, 2
19201, 2
19202, 2
19203, 3
19204, 2
19205, 2
19206, 2
19207, 2
19208, 2
19209, 0
19210, 2
19211, 4
19212, 2
19213, 2
19214, 3
19215, 2
19216, 0
19217, 2
19218, 0
19219, 3
19220, 3
19221, 2
19222, 0
19223, 3
19224, 1
19225, 4
19226, 0
19227, 2
19228, 2
19229, 0
19230, 3
19231, 3
19232, 0
19233, 2
19234, 4
19235, 0
19236, 0
19237, 2
19238, 2
19239, 3
19240, 0
19241, 4
19242, 1
19243, 0
19244, 2
19245, 3
19246, 0
19247, 3
19248, 3
19249, 2
19250, 2
19251, 4
19252, 3
19253, 0
19254, 3
19255, 0
19256, 2
19257, 2
19258, 2
19259, 0
19260, 3
19261, 0
19262, 2
19263, 2
19264, 1
19265, 0
19266, 0
19267, 3
19268, 3
19269, 0
19270, 3
19271, 2
19272, 3
19273, 0
19274, 0
19275, 3
19276, 3
19277, 4
19278, 3
19279, 0
19280, 4
19281, 0
19282, 2
19283, 2
19284, 3
19285, 0
19286, 4
19287, 4
19288, 4
19289, 2
19290, 2
19291, 2
19292, 4
19293, 4
19294, 2
19295, 4
19296, 2
19297, 4
19298, 2
19299, 2
19300, 4
19301, 2
19302, 1
19303, 4
19304, 0
19305, 4
19306, 2
19307, 4
19308, 4
19309, 4
19310, 2
19311, 4
19312, 2
19313, 1
19314, 4
19315, 4
19316, 4
19317, 4
19318, 2
19319, 4
19320, 4
19321, 4
19322, 1
19323, 1
19324, 3
19325, 2
19326, 2
19327, 4
19328, 2
19329, 4
19330, 2
19331, 4
19332, 2
19333, 4
19334, 4
19335, 4
19336, 0
19337, 2
19338, 1
19339, 2
19340, 2
19341, 2
19342, 4
19343, 3
19344, 4
19345, 0
19346, 3
19347, 2
19348, 2
19349, 2
19350, 4
19351, 3
19352, 4
19353, 4
19354, 2
19355, 0
19356, 1
19357, 2
19358, 2
19359, 4
19360, 2
19361, 4
19362, 4
19363, 3
19364, 0
19365, 4
19366, 3
19367, 2
19368, 2
19369, 2
19370, 1
19371, 4
19372, 2
19373, 4
19374, 0
19375, 0
19376, 2
19377, 0
19378, 1
19379, 4
19380, 1
19381, 3
19382, 0
19383, 2
19384, 3
19385, 1
19386, 4
19387, 3
19388, 3
19389, 1
19390, 3
19391, 2
19392, 4
19393, 0
19394, 3
19395, 4
19396, 4
19397, 4
19398, 0
19399, 4
19400, 4
19401, 1
19402, 3
19403, 3
19404, 0
19405, 2
19406, 4
19407, 4
19408, 4
19409, 4
19410, 0
19411, 3
19412, 3
19413, 4
19414, 4
19415, 4
19416, 2
19417, 4
19418, 3
19419, 3
19420, 0
19421, 1
19422, 2
19423, 3
19424, 4
19425, 4
19426, 1
19427, 0
19428, 4
19429, 3
19430, 4
19431, 4
19432, 4
19433, 3
19434, 4
19435, 3
19436, 0
19437, 4
19438, 3
19439, 2
19440, 4
19441, 4
19442, 3
19443, 3
19444, 3
19445, 4
19446, 0
19447, 3
19448, 4
19449, 4
19450, 4
19451, 4
19452, 3
19453, 3
19454, 4
19455, 4
19456, 0
19457, 3
19458, 4
19459, 3
19460, 4
19461, 3
19462, 0
19463, 3
19464, 3
19465, 3
19466, 4
19467, 3
19468, 4
19469, 0
19470, 3
19471, 3
19472, 4
19473, 1
19474, 0
19475, 2
19476, 0
19477, 4
19478, 1
19479, 0
19480, 2
19481, 2
19482, 2
19483, 1
19484, 1
19485, 1
19486, 1
19487, 1
19488, 4
19489, 1
19490, 2
19491, 1
19492, 0
19493, 0
19494, 4
19495, 0
19496, 2
19497, 0
19498, 2
19499, 2
19500, 2
19501, 1
19502, 1
19503, 1
19504, 2
19505, 1
19506, 1
19507, 2
19508, 1
19509, 4
19510, 2
19511, 3
19512, 1
19513, 1
19514, 2
19515, 1
19516, 2
19517, 1
19518, 2
19519, 2
19520, 1
19521, 4
19522, 1
19523, 0
19524, 0
19525, 3
19526, 2
19527, 2
19528, 1
19529, 4
19530, 2
19531, 1
19532, 3
19533, 3
19534, 1
19535, 0
19536, 2
19537, 1
19538, 3
19539, 1
19540, 3
19541, 3
19542, 4
19543, 2
19544, 3
19545, 1
19546, 3
19547, 2
19548, 3
19549, 2
19550, 2
19551, 3
19552, 1
19553, 1
19554, 3
19555, 3
19556, 3
19557, 1
19558, 2
19559, 1
19560, 4
19561, 3
19562, 2
19563, 2
19564, 2
19565, 2
19566, 2
19567, 1
19568, 2
19569, 1
19570, 0
19571, 3
19572, 1
19573, 2
19574, 4
19575, 1
19576, 2
19577, 3
19578, 3
19579, 3
19580, 2
19581, 2
19582, 2
19583, 2
19584, 3
19585, 3
19586, 3
19587, 2
19588, 1
19589, 2
19590, 3
19591, 3
19592, 1
19593, 3
19594, 0
19595, 2
19596, 0
19597, 2
19598, 3
19599, 1
19600, 0
19601, 2
19602, 2
19603, 1
19604, 3
19605, 2
19606, 4
19607, 3
19608, 2
19609, 2
19610, 2
19611, 2
19612, 2
19613, 0
19614, 3
19615, 3
19616, 0
19617, 3
19618, 3
19619, 1
19620, 2
19621, 3
19622, 2
19623, 4
19624, 2
19625, 4
19626, 2
19627, 2
19628, 2
19629, 3
19630, 3
19631, 2
19632, 0
19633, 3
19634, 1
19635, 4
19636, 2
19637, 0
19638, 2
19639, 3
19640, 2
19641, 2
19642, 4
19643, 2
19644, 3
19645, 4
19646, 2
19647, 2
19648, 3
19649, 2
19650, 2
19651, 0
19652, 3
19653, 2
19654, 2
19655, 2
19656, 2
19657, 3
19658, 0
19659, 4
19660, 0
19661, 2
19662, 3
19663, 3
19664, 2
19665, 4
19666, 1
19667, 2
19668, 2
19669, 3
19670, 2
19671, 0
19672, 0
19673, 2
19674, 0
19675, 2
19676, 4
19677, 2
19678, 2
19679, 3
19680, 2
19681, 3
19682, 3
19683, 2
19684, 0
19685, 2
19686, 3
19687, 0
19688, 3
19689, 0
19690, 3
19691, 2
19692, 2
19693, 3
19694, 2
19695, 2
19696, 4
19697, 3
19698, 2
19699, 2
19700, 2
19701, 2
19702, 4
19703, 2
19704, 4
19705, 2
19706, 0
19707, 2
19708, 2
19709, 3
19710, 4
19711, 1
19712, 3
19713, 3
19714, 0
19715, 3
19716, 4
19717, 3
19718, 3
19719, 4
19720, 0
19721, 3
19722, 0
19723, 3
19724, 3
19725, 3
19726, 2
19727, 3
19728, 3
19729, 1
19730, 3
19731, 3
19732, 3
19733, 4
19734, 3
19735, 4
19736, 3
19737, 3
19738, 1
19739, 4
19740, 3
19741, 3
19742, 0
19743, 2
19744, 1
19745, 3
19746, 3
19747, 1
19748, 1
19749, 0
19750, 0
19751, 3
19752, 0
19753, 3
19754, 0
19755, 0
19756, 3
19757, 3
19758, 0
19759, 3
19760, 3
19761, 3
19762, 0
19763, 4
19764, 3
19765, 1
19766, 0
19767, 3
19768, 2
19769, 0
19770, 1
19771, 4
19772, 3
19773, 2
19774, 1
19775, 0
19776, 0
19777, 1
19778, 4
19779, 1
19780, 3
19781, 3
19782, 1
19783, 3
19784, 3
19785, 1
19786, 3
19787, 2
19788, 3
19789, 2
19790, 3
19791, 0
19792, 2
19793, 1
19794, 0
19795, 0
19796, 0
19797, 3
19798, 3
19799, 0
19800, 2
19801, 2
19802, 0
19803, 1
19804, 3
19805, 0
19806, 0
19807, 1
19808, 1
19809, 1
19810, 2
19811, 1
19812, 0
19813, 3
19814, 2
19815, 3
19816, 1
19817, 3
19818, 4
19819, 0
19820, 1
19821, 4
19822, 2
19823, 3
19824, 2
19825, 4
19826, 4
19827, 1
19828, 2
19829, 1
19830, 1
19831, 0
19832, 3
19833, 3
19834, 1
19835, 3
19836, 0
19837, 0
19838, 0
19839, 3
19840, 4
19841, 4
19842, 4
19843, 1
19844, 2
19845, 4
19846, 2
19847, 1
19848, 1
19849, 3
19850, 2
19851, 1
19852, 1
19853, 2
19854, 0
19855, 4
19856, 4
19857, 3
19858, 0
19859, 3
19860, 1
19861, 0
19862, 3
19863, 2
19864, 4
19865, 3
19866, 2
19867, 4
19868, 2
19869, 3
19870, 3
19871, 4
19872, 2
19873, 3
19874, 2
19875, 3
19876, 3
19877, 1
19878, 0
19879, 4
19880, 4
19881, 1
19882, 2
19883, 1
19884, 4
19885, 2
19886, 2
19887, 2
19888, 2
19889, 2
19890, 2
19891, 4
19892, 3
19893, 4
19894, 3
19895, 2
19896, 2
19897, 2
19898, 2
19899, 2
19900, 1
19901, 2
19902, 2
19903, 4
19904, 4
19905, 2
19906, 4
19907, 2
19908, 2
19909, 4
19910, 3
19911, 2
19912, 3
19913, 1
19914, 4
19915, 0
19916, 1
19917, 1
19918, 4
19919, 2
19920, 4
19921, 0
19922, 0
19923, 0
19924, 4
19925, 1
19926, 0
19927, 1
19928, 1
19929, 0
19930, 0
19931, 2
19932, 1
19933, 1
19934, 2
19935, 2
19936, 1
19937, 2
19938, 3
19939, 3
19940, 2
19941, 4
19942, 4
19943, 4
19944, 2
19945, 2
19946, 4
19947, 2
19948, 2
19949, 0
19950, 3
19951, 1
19952, 2
19953, 3
19954, 2
19955, 1
19956, 3
19957, 0
19958, 3
19959, 1
19960, 4
19961, 0
19962, 1
19963, 1
19964, 0
19965, 0
19966, 4
19967, 1
19968, 0
19969, 3
19970, 1
19971, 2
19972, 2
19973, 2
19974, 3
19975, 4
19976, 0
19977, 4
19978, 4
19979, 2
19980, 0
19981, 2
19982, 4
19983, 2
19984, 4
19985, 4
19986, 1
19987, 4
19988, 3
19989, 1
19990, 4
19991, 0
19992, 4
19993, 2
19994, 3
19995, 1
19996, 0
19997, 4
19998, 4
19999, 0
20000, 1
20001, 1
20002, 0
20003, 3
20004, 0
20005, 3
20006, 1
20007, 2
20008, 3
20009, 2
20010, 2
20011, 4
20012, 3
20013, 4
20014, 3
20015, 4
20016, 3
20017, 3
20018, 4
20019, 2
20020, 2
20021, 2
20022, 3
20023, 4
20024, 2
20025, 1
20026, 4
20027, 2
20028, 2
20029, 2
20030, 4
20031, 4
20032, 1
20033, 0
20034, 4
20035, 2
20036, 2
20037, 2
20038, 4
20039, 3
20040, 1
20041, 2
20042, 2
20043, 1
20044, 1
20045, 0
20046, 1
20047, 1
20048, 1
20049, 0
20050, 4
20051, 3
20052, 4
20053, 1
20054, 0
20055, 3
20056, 3
20057, 0
20058, 0
20059, 1
20060, 3
20061, 0
20062, 0
20063, 3
20064, 0
20065, 1
20066, 2
20067, 1
20068, 2
20069, 2
20070, 2
20071, 2
20072, 2
20073, 0
20074, 4
20075, 3
20076, 2
20077, 4
20078, 3
20079, 2
20080, 2
20081, 2
20082, 2
20083, 4
20084, 2
20085, 4
20086, 4
20087, 4
20088, 4
20089, 4
20090, 0
20091, 2
20092, 2
20093, 4
20094, 4
20095, 4
20096, 3
20097, 3
20098, 2
20099, 4
20100, 2
20101, 2
20102, 4
20103, 4
20104, 3
20105, 2
20106, 4
20107, 2
20108, 3
20109, 4
20110, 3
20111, 3
20112, 4
20113, 1
20114, 0
20115, 3
20116, 1
20117, 1
20118, 0
20119, 1
20120, 4
20121, 1
20122, 3
20123, 1
20124, 4
20125, 1
20126, 1
20127, 3
20128, 1
20129, 1
20130, 2
20131, 3
20132, 0
20133, 3
20134, 0
20135, 4
20136, 3
20137, 0
20138, 1
20139, 2
20140, 1
20141, 3
20142, 2
20143, 3
20144, 4
20145, 1
20146, 2
20147, 2
20148, 4
20149, 2
20150, 2
20151, 2
20152, 4
20153, 2
20154, 1
20155, 2
20156, 4
20157, 2
20158, 2
20159, 4
20160, 2
20161, 2
20162, 2
20163, 2
20164, 3
20165, 2
20166, 3
20167, 1
20168, 2
20169, 4
20170, 4
20171, 3
20172, 3
20173, 1
20174, 1
20175, 4
20176, 0
20177, 1
20178, 0
20179, 0
20180, 3
20181, 1
20182, 1
20183, 2
20184, 1
20185, 0
20186, 1
20187, 1
20188, 3
20189, 1
20190, 0
20191, 2
20192, 0
20193, 3
20194, 2
20195, 2
20196, 3
20197, 1
20198, 4
20199, 4
20200, 4
20201, 4
20202, 2
20203, 0
20204, 2
20205, 2
20206, 2
20207, 2
20208, 3
20209, 4
20210, 1
20211, 3
20212, 2
20213, 2
20214, 4
20215, 3
20216, 4
20217, 4
20218, 3
20219, 2
20220, 2
20221, 0
20222, 2
20223, 1
20224, 2
20225, 4
20226, 0
20227, 0
20228, 1
20229, 0
20230, 1
20231, 3
20232, 1
20233, 4
20234, 1
20235, 1
20236, 0
20237, 1
20238, 1
20239, 3
20240, 2
20241, 2
20242, 2
20243, 2
20244, 1
20245, 2
20246, 2
20247, 1
20248, 0
20249, 2
20250, 2
20251, 2
20252, 3
20253, 3
20254, 2
20255, 2
20256, 2
20257, 4
20258, 2
20259, 4
20260, 3
20261, 1
20262, 4
20263, 2
20264, 2
20265, 2
20266, 1
20267, 4
20268, 0
20269, 2
20270, 4
20271, 2
20272, 2
20273, 2
20274, 4
20275, 4
20276, 4
20277, 4
20278, 4
20279, 4
20280, 4
20281, 4
20282, 4
20283, 4
20284, 4
20285, 3
20286, 2
20287, 2
20288, 2
20289, 4
20290, 3
20291, 2
20292, 2
20293, 3
20294, 4
20295, 2
20296, 2
20297, 2
20298, 4
20299, 3
20300, 4
20301, 4
20302, 3
20303, 4
20304, 0
20305, 0
20306, 4
20307, 2
20308, 4
20309, 2
20310, 3
20311, 2
20312, 2
20313, 2
20314, 4
20315, 2
20316, 2
20317, 4
20318, 4
20319, 2
20320, 4
20321, 3
20322, 4
20323, 3
20324, 4
20325, 0
20326, 4
20327, 2
20328, 4
20329, 2
20330, 2
20331, 1
20332, 2
20333, 2
20334, 2
20335, 2
20336, 1
20337, 4
20338, 2
20339, 2
20340, 2
20341, 0
20342, 3
20343, 2
20344, 4
20345, 4
20346, 2
20347, 2
20348, 2
20349, 2
20350, 2
20351, 2
20352, 2
20353, 2
20354, 4
20355, 2
20356, 3
20357, 2
20358, 3
20359, 3
20360, 4
20361, 4
20362, 4
20363, 4
20364, 4
20365, 2
20366, 4
20367, 2
20368, 4
20369, 4
20370, 2
20371, 2
20372, 2
20373, 2
20374, 3
20375, 4
20376, 2
20377, 3
20378, 4
20379, 4
20380, 4
20381, 1
20382, 2
20383, 2
20384, 2
20385, 2
20386, 2
20387, 4
20388, 2
20389, 4
20390, 4
20391, 2
20392, 4
20393, 4
20394, 2
20395, 4
20396, 2
20397, 2
20398, 4
20399, 3
20400, 2
20401, 4
20402, 2
20403, 2
20404, 2
20405, 3
20406, 2
20407, 2
20408, 4
20409, 2
20410, 2
20411, 4
20412, 4
20413, 4
20414, 2
20415, 2
20416, 2
20417, 4
20418, 2
20419, 4
20420, 2
20421, 4
20422, 1
20423, 4
20424, 2
20425, 4
20426, 4
20427, 2
20428, 3
20429, 2
20430, 2
20431, 4
20432, 4
20433, 4
20434, 4
20435, 4
20436, 4
20437, 2
20438, 2
20439, 2
20440, 3
20441, 2
20442, 0
20443, 4
20444, 3
20445, 1
20446, 2
20447, 2
20448, 2
20449, 4
20450, 2
20451, 4
20452, 3
20453, 1
20454, 2
20455, 4
20456, 4
20457, 4
20458, 4
20459, 2
20460, 4
20461, 1
20462, 2
20463, 2
20464, 2
20465, 4
20466, 3
20467, 4
20468, 2
20469, 2
20470, 2
20471, 0
20472, 4
20473, 2
20474, 3
20475, 2
20476, 4
20477, 2
20478, 2
20479, 2
20480, 2
20481, 2
20482, 2
20483, 4
20484, 2
20485, 3
20486, 2
20487, 4
20488, 0
20489, 2
20490, 4
20491, 3
20492, 2
20493, 4
20494, 2
20495, 2
20496, 4
20497, 2
20498, 2
20499, 2
20500, 2
20501, 1
20502, 2
20503, 3
20504, 2
20505, 2
20506, 2
20507, 4
20508, 2
20509, 2
20510, 2
20511, 1
20512, 4
20513, 4
20514, 2
20515, 2
20516, 4
20517, 2
20518, 2
20519, 2
20520, 2
20521, 2
20522, 2
20523, 2
20524, 2
20525, 2
20526, 2
20527, 2
20528, 2
20529, 4
20530, 2
20531, 1
20532, 2
20533, 2
20534, 2
20535, 2
20536, 2
20537, 2
20538, 0
20539, 3
20540, 2
20541, 3
20542, 3
20543, 2
20544, 2
20545, 3
20546, 2
20547, 2
20548, 4
20549, 4
20550, 2
20551, 2
20552, 2
20553, 3
20554, 4
20555, 2
20556, 4
20557, 2
20558, 4
20559, 2
20560, 4
20561, 3
20562, 2
20563, 4
20564, 2
20565, 4
20566, 2
20567, 2
20568, 3
20569, 2
20570, 4
20571, 2
20572, 2
20573, 3
20574, 2
20575, 2
20576, 3
20577, 4
20578, 2
20579, 4
20580, 2
20581, 4
20582, 3
20583, 2
20584, 4
20585, 3
20586, 3
20587, 2
20588, 2
20589, 4
20590, 2
20591, 2
20592, 2
20593, 1
20594, 3
20595, 4
20596, 2
20597, 2
20598, 2
20599, 2
20600, 4
20601, 4
20602, 1
20603, 1
20604, 3
20605, 4
20606, 3
20607, 2
20608, 3
20609, 4
20610, 4
20611, 3
20612, 2
20613, 1
20614, 4
20615, 2
20616, 2
20617, 4
20618, 4
20619, 3
20620, 4
20621, 2
20622, 4
20623, 2
20624, 1
20625, 3
20626, 4
20627, 2
20628, 4
20629, 2
20630, 4
20631, 2
20632, 2
20633, 4
20634, 4
20635, 4
20636, 1
20637, 4
20638, 3
20639, 3
20640, 3
20641, 4
20642, 3
20643, 3
20644, 2
20645, 1
20646, 3
20647, 3
20648, 2
20649, 4
20650, 2
20651, 3
20652, 4
20653, 0
20654, 4
20655, 2
20656, 2
20657, 1
20658, 4
20659, 4
20660, 0
20661, 0
20662, 1
20663, 3
20664, 2
20665, 4
20666, 3
20667, 4
20668, 2
20669, 3
20670, 2
20671, 1
20672, 1
20673, 1
20674, 3
20675, 1
20676, 3
20677, 1
20678, 4
20679, 2
20680, 4
20681, 3
20682, 1
20683, 4
20684, 3
20685, 4
20686, 2
20687, 4
20688, 3
20689, 2
20690, 4
20691, 2
20692, 4
20693, 2
20694, 1
20695, 3
20696, 4
20697, 2
20698, 3
20699, 4
20700, 0
20701, 2
20702, 2
20703, 4
20704, 2
20705, 2
20706, 3
20707, 3
20708, 4
20709, 2
20710, 4
20711, 3
20712, 1
20713, 1
20714, 4
20715, 3
20716, 1
20717, 4
20718, 0
20719, 3
20720, 4
20721, 4
20722, 1
20723, 2
20724, 4
20725, 2
20726, 4
20727, 0
20728, 2
20729, 2
20730, 4
20731, 0
20732, 3
20733, 3
20734, 2
20735, 0
20736, 1
20737, 0
20738, 2
20739, 4
20740, 2
20741, 1
20742, 2
20743, 2
20744, 0
20745, 3
20746, 3
20747, 0
20748, 4
20749, 4
20750, 3
20751, 3
20752, 3
20753, 2
20754, 2
20755, 3
20756, 2
20757, 2
20758, 3
20759, 4
20760, 3
20761, 2
20762, 3
20763, 3
20764, 2
20765, 2
20766, 4
20767, 1
20768, 2
20769, 4
20770, 2
20771, 3
20772, 1
20773, 2
20774, 2
20775, 0
20776, 1
20777, 1
20778, 4
20779, 4
20780, 2
20781, 0
20782, 2
20783, 4
20784, 2
20785, 2
20786, 2
20787, 2
20788, 3
20789, 0
20790, 3
20791, 0
20792, 2
20793, 3
20794, 3
20795, 2
20796, 3
20797, 1
20798, 2
20799, 4
20800, 3
20801, 4
20802, 2
20803, 4
20804, 2
20805, 3
20806, 2
20807, 3
20808, 4
20809, 1
20810, 1
20811, 1
20812, 1
20813, 4
20814, 2
20815, 0
20816, 0
20817, 4
20818, 4
20819, 0
20820, 1
20821, 1
20822, 0
20823, 1
20824, 1
20825, 0
20826, 0
20827, 3
20828, 1
20829, 0
20830, 0
20831, 2
20832, 1
20833, 0
20834, 4
20835, 1
20836, 0
20837, 3
20838, 0
20839, 3
20840, 1
20841, 4
20842, 4
20843, 4
20844, 0
20845, 1
20846, 2
20847, 3
20848, 0
20849, 0
20850, 1
20851, 2
20852, 2
20853, 4
20854, 0
20855, 0
20856, 0
20857, 4
20858, 0
20859, 0
20860, 1
20861, 3
20862, 1
20863, 1
20864, 1
20865, 3
20866, 0
20867, 4
20868, 1
20869, 2
20870, 0
20871, 3
20872, 0
20873, 0
20874, 0
20875, 1
20876, 1
20877, 1
20878, 0
20879, 1
20880, 1
20881, 0
20882, 4
20883, 1
20884, 1
20885, 0
20886, 1
20887, 1
20888, 1
20889, 3
20890, 0
20891, 1
20892, 0
20893, 0
20894, 1
20895, 0
20896, 1
20897, 1
20898, 0
20899, 0
20900, 0
20901, 0
20902, 1
20903, 0
20904, 4
20905, 0
20906, 0
20907, 0
20908, 3
20909, 1
20910, 1
20911, 0
20912, 1
20913, 1
20914, 0
20915, 1
20916, 1
20917, 0
20918, 4
20919, 1
20920, 4
20921, 0
20922, 0
20923, 0
20924, 0
20925, 1
20926, 1
20927, 1
20928, 0
20929, 1
20930, 1
20931, 1
20932, 0
20933, 2
20934, 0
20935, 2
20936, 1
20937, 0
20938, 0
20939, 1
20940, 1
20941, 1
20942, 0
20943, 4
20944, 0
20945, 0
20946, 0
20947, 0
20948, 0
20949, 1
20950, 4
20951, 1
20952, 1
20953, 1
20954, 4
20955, 4
20956, 1
20957, 0
20958, 3
20959, 1
20960, 1
20961, 4
20962, 0
20963, 1
20964, 1
20965, 4
20966, 0
20967, 0
20968, 1
20969, 0
20970, 0
20971, 0
20972, 4
20973, 0
20974, 3
20975, 1
20976, 0
20977, 2
20978, 2
20979, 0
20980, 0
20981, 1
20982, 1
20983, 1
20984, 1
20985, 0
20986, 0
20987, 3
20988, 4
20989, 2
20990, 1
20991, 1
20992, 0
20993, 2
20994, 3
20995, 1
20996, 0
20997, 0
20998, 1
20999, 1
21000, 1
21001, 1
21002, 3
21003, 3
21004, 1
21005, 0
21006, 0
21007, 0
21008, 0
21009, 4
21010, 1
21011, 1
21012, 0
21013, 0
21014, 1
21015, 3
21016, 4
21017, 3
21018, 1
21019, 2
21020, 0
21021, 3
21022, 1
21023, 4
21024, 2
21025, 1
21026, 1
21027, 1
21028, 3
21029, 0
21030, 0
21031, 0
21032, 2
21033, 3
21034, 2
21035, 3
21036, 0
21037, 0
21038, 0
21039, 2
21040, 0
21041, 0
21042, 3
21043, 2
21044, 4
21045, 4
21046, 1
21047, 0
21048, 1
21049, 3
21050, 0
21051, 1
21052, 0
21053, 0
21054, 0
21055, 1
21056, 0
21057, 3
21058, 2
21059, 1
21060, 4
21061, 4
21062, 1
21063, 0
21064, 0
21065, 3
21066, 2
21067, 3
21068, 2
21069, 2
21070, 0
21071, 1
21072, 1
21073, 4
21074, 0
21075, 0
21076, 0
21077, 2
21078, 1
21079, 0
21080, 1
21081, 1
21082, 3
21083, 1
21084, 2
21085, 0
21086, 0
21087, 0
21088, 0
21089, 3
21090, 2
21091, 0
21092, 2
21093, 4
21094, 4
21095, 1
21096, 4
21097, 2
21098, 4
21099, 2
21100, 0
21101, 4
21102, 2
21103, 0
21104, 1
21105, 4
21106, 0
21107, 2
21108, 0
21109, 3
21110, 2
21111, 3
21112, 1
21113, 2
21114, 1
21115, 1
21116, 0
21117, 0
21118, 0
21119, 0
21120, 4
21121, 0
21122, 3
21123, 3
21124, 3
21125, 1
21126, 1
21127, 2
21128, 0
21129, 1
21130, 1
21131, 0
21132, 4
21133, 3
21134, 1
21135, 3
21136, 2
21137, 0
21138, 1
21139, 1
21140, 0
21141, 1
21142, 0
21143, 1
21144, 3
21145, 3
21146, 0
21147, 3
21148, 1
21149, 4
21150, 1
21151, 0
21152, 3
21153, 0
21154, 0
21155, 0
21156, 4
21157, 0
21158, 4
21159, 1
21160, 3
21161, 3
21162, 2
21163, 2
21164, 0
21165, 0
21166, 2
21167, 2
21168, 0
21169, 2
21170, 0
21171, 0
21172, 1
21173, 0
21174, 3
21175, 0
21176, 0
21177, 1
21178, 0
21179, 2
21180, 1
21181, 4
21182, 1
21183, 0
21184, 1
21185, 1
21186, 2
21187, 1
21188, 4
21189, 3
21190, 0
21191, 2
21192, 0
21193, 2
21194, 2
21195, 0
21196, 1
21197, 3
21198, 3
21199, 1
21200, 0
21201, 2
21202, 0
21203, 3
21204, 3
21205, 1
21206, 1
21207, 1
21208, 2
21209, 2
21210, 3
21211, 0
21212, 0
21213, 0
21214, 1
21215, 0
21216, 0
21217, 0
21218, 1
21219, 0
21220, 0
21221, 0
21222, 3
21223, 2
21224, 0
21225, 4
21226, 0
21227, 1
21228, 0
21229, 3
21230, 2
21231, 1
21232, 0
21233, 0
21234, 0
21235, 1
21236, 0
21237, 0
21238, 1
21239, 2
21240, 3
21241, 0
21242, 1
21243, 1
21244, 2
21245, 3
21246, 1
21247, 0
21248, 1
21249, 2
21250, 0
21251, 1
21252, 0
21253, 3
21254, 2
21255, 0
21256, 3
21257, 0
21258, 3
21259, 0
21260, 3
21261, 3
21262, 1
21263, 0
21264, 1
21265, 0
21266, 3
21267, 1
21268, 1
21269, 0
21270, 0
21271, 2
21272, 0
21273, 3
21274, 1
21275, 0
21276, 0
21277, 1
21278, 1
21279, 2
21280, 2
21281, 3
21282, 1
21283, 0
21284, 0
21285, 0
21286, 3
21287, 3
21288, 2
21289, 0
21290, 1
21291, 2
21292, 1
21293, 0
21294, 0
21295, 1
21296, 0
21297, 3
21298, 1
21299, 2
21300, 3
21301, 1
21302, 2
21303, 3
21304, 0
21305, 2
21306, 3
21307, 0
21308, 0
21309, 2
21310, 4
21311, 4
21312, 0
21313, 2
21314, 0
21315, 2
21316, 0
21317, 3
21318, 1
21319, 1
21320, 2
21321, 2
21322, 3
21323, 2
21324, 0
21325, 0
21326, 1
21327, 1
21328, 2
21329, 0
21330, 3
21331, 3
21332, 1
21333, 0
21334, 4
21335, 0
21336, 0
21337, 0
21338, 3
21339, 3
21340, 1
21341, 2
21342, 2
21343, 2
21344, 3
21345, 0
21346, 0
21347, 0
21348, 0
21349, 1
21350, 2
21351, 3
21352, 1
21353, 0
21354, 0
21355, 1
21356, 1
21357, 4
21358, 4
21359, 3
21360, 1
21361, 1
21362, 3
21363, 1
21364, 0
21365, 3
21366, 1
21367, 2
21368, 0
21369, 1
21370, 3
21371, 2
21372, 3
21373, 1
21374, 4
21375, 1
21376, 4
21377, 3
21378, 2
21379, 0
21380, 1
21381, 3
21382, 1
21383, 0
21384, 3
21385, 1
21386, 3
21387, 3
21388, 0
21389, 1
21390, 3
21391, 3
21392, 3
21393, 0
21394, 3
21395, 0
21396, 0
21397, 2
21398, 3
21399, 0
21400, 3
21401, 2
21402, 2
21403, 1
21404, 0
21405, 2
21406, 0
21407, 1
21408, 3
21409, 2
21410, 0
21411, 3
21412, 2
21413, 0
21414, 2
21415, 3
21416, 2
21417, 0
21418, 0
21419, 0
21420, 3
21421, 4
21422, 0
21423, 1
21424, 0
21425, 4
21426, 1
21427, 1
21428, 4
21429, 4
21430, 1
21431, 0
21432, 0
21433, 0
21434, 1
21435, 0
21436, 1
21437, 2
21438, 0
21439, 2
21440, 2
21441, 2
21442, 2
21443, 2
21444, 2
21445, 2
21446, 2
21447, 2
21448, 2
21449, 2
21450, 2
21451, 0
21452, 4
21453, 1
21454, 0
21455, 2
21456, 4
21457, 2
21458, 1
21459, 2
21460, 1
21461, 2
21462, 3
21463, 1
21464, 2
21465, 2
21466, 1
21467, 2
21468, 2
21469, 2
21470, 1
21471, 2
21472, 2
21473, 2
21474, 1
21475, 3
21476, 2
21477, 2
21478, 2
21479, 2
21480, 2
21481, 1
21482, 2
21483, 4
21484, 4
21485, 2
21486, 2
21487, 2
21488, 1
21489, 2
21490, 3
21491, 0
21492, 2
21493, 2
21494, 2
21495, 2
21496, 2
21497, 1
21498, 2
21499, 4
21500, 1
21501, 2
21502, 2
21503, 2
21504, 0
21505, 2
21506, 2
21507, 1
21508, 2
21509, 2
21510, 2
21511, 2
21512, 2
21513, 1
21514, 4
21515, 1
21516, 1
21517, 2
21518, 3
21519, 2
21520, 2
21521, 3
21522, 2
21523, 3
21524, 0
21525, 1
21526, 2
21527, 2
21528, 2
21529, 2
21530, 1
21531, 2
21532, 2
21533, 2
21534, 2
21535, 3
21536, 1
21537, 3
21538, 4
21539, 3
21540, 2
21541, 1
21542, 1
21543, 1
21544, 1
21545, 2
21546, 2
21547, 1
21548, 1
21549, 2
21550, 1
21551, 4
21552, 2
21553, 4
21554, 2
21555, 2
21556, 2
21557, 3
21558, 3
21559, 2
21560, 2
21561, 2
21562, 4
21563, 4
21564, 2
21565, 1
21566, 2
21567, 2
21568, 2
21569, 0
21570, 1
21571, 2
21572, 2
21573, 4
21574, 4
21575, 2
21576, 1
21577, 2
21578, 2
21579, 2
21580, 2
21581, 2
21582, 2
21583, 2
21584, 4
21585, 2
21586, 0
21587, 2
21588, 3
21589, 2
21590, 1
21591, 2
21592, 2
21593, 2
21594, 2
21595, 2
21596, 2
21597, 2
21598, 2
21599, 3
21600, 2
21601, 1
21602, 2
21603, 0
21604, 2
21605, 2
21606, 2
21607, 2
21608, 3
21609, 3
21610, 4
21611, 4
21612, 3
21613, 1
21614, 2
21615, 2
21616, 2
21617, 3
21618, 2
21619, 2
21620, 2
21621, 4
21622, 4
21623, 2
21624, 1
21625, 4
21626, 2
21627, 0
21628, 3
21629, 2
21630, 3
21631, 2
21632, 2
21633, 4
21634, 2
21635, 4
21636, 4
21637, 2
21638, 3
21639, 4
21640, 2
21641, 2
21642, 4
21643, 2
21644, 2
21645, 2
21646, 2
21647, 2
21648, 4
21649, 4
21650, 3
21651, 2
21652, 2
21653, 2
21654, 2
21655, 2
21656, 2
21657, 2
21658, 2
21659, 4
21660, 2
21661, 2
21662, 3
21663, 2
21664, 2
21665, 2
21666, 2
21667, 2
21668, 4
21669, 2
21670, 2
21671, 4
21672, 2
21673, 3
21674, 2
21675, 4
21676, 2
21677, 0
21678, 0
21679, 0
21680, 2
21681, 0
21682, 4
21683, 2
21684, 2
21685, 3
21686, 2
21687, 0
21688, 1
21689, 3
21690, 3
21691, 0
21692, 3
21693, 0
21694, 1
21695, 0
21696, 0
21697, 0
21698, 1
21699, 4
21700, 1
21701, 0
21702, 2
21703, 3
21704, 4
21705, 0
21706, 3
21707, 0
21708, 0
21709, 2
21710, 2
21711, 3
21712, 0
21713, 0
21714, 1
21715, 2
21716, 2
21717, 3
21718, 4
21719, 2
21720, 3
21721, 2
21722, 4
21723, 2
21724, 0
21725, 2
21726, 1
21727, 0
21728, 3
21729, 0
21730, 3
21731, 0
21732, 2
21733, 4
21734, 3
21735, 0
21736, 2
21737, 0
21738, 0
21739, 1
21740, 4
21741, 1
21742, 2
21743, 3
21744, 0
21745, 0
21746, 0
21747, 2
21748, 3
21749, 0
21750, 2
21751, 2
21752, 0
21753, 3
21754, 1
21755, 2
21756, 3
21757, 4
21758, 3
21759, 2
21760, 2
21761, 4
21762, 0
21763, 4
21764, 4
21765, 4
21766, 1
21767, 1
21768, 1
21769, 4
21770, 4
21771, 1
21772, 4
21773, 2
21774, 4
21775, 2
21776, 2
21777, 2
21778, 2
21779, 1
21780, 0
21781, 2
21782, 4
21783, 4
21784, 4
21785, 4
21786, 3
21787, 2
21788, 2
21789, 4
21790, 2
21791, 2
21792, 4
21793, 2
21794, 2
21795, 4
21796, 4
21797, 2
21798, 4
21799, 3
21800, 4
21801, 4
21802, 4
21803, 4
21804, 1
21805, 2
21806, 1
21807, 2
21808, 2
21809, 4
21810, 2
21811, 4
21812, 4
21813, 4
21814, 2
21815, 4
21816, 2
21817, 4
21818, 2
21819, 4
21820, 2
21821, 4
21822, 4
21823, 2
21824, 2
21825, 4
21826, 4
21827, 2
21828, 4
21829, 2
21830, 4
21831, 2
21832, 4
21833, 4
21834, 2
21835, 2
21836, 4
21837, 2
21838, 4
21839, 2
21840, 2
21841, 4
21842, 4
21843, 4
21844, 2
21845, 2
21846, 2
21847, 4
21848, 4
21849, 2
21850, 4
21851, 4
21852, 3
21853, 2
21854, 4
21855, 4
21856, 4
21857, 2
21858, 4
21859, 2
21860, 4
21861, 2
21862, 4
21863, 4
21864, 4
21865, 2
21866, 2
21867, 4
21868, 2
21869, 2
21870, 2
21871, 4
21872, 4
21873, 4
21874, 2
21875, 1
21876, 4
21877, 2
21878, 2
21879, 4
21880, 4
21881, 2
21882, 2
21883, 2
21884, 2
21885, 3
21886, 3
21887, 2
21888, 2
21889, 2
21890, 2
21891, 4
21892, 1
21893, 3
21894, 2
21895, 3
21896, 3
21897, 2
21898, 2
21899, 2
21900, 4
21901, 2
21902, 2
21903, 2
21904, 2
21905, 2
21906, 2
21907, 2
21908, 4
21909, 4
21910, 2
21911, 2
21912, 3
21913, 2
21914, 3
21915, 3
21916, 4
21917, 3
21918, 2
21919, 2
21920, 3
21921, 1
21922, 3
21923, 2
21924, 1
21925, 2
21926, 1
21927, 2
21928, 4
21929, 2
21930, 2
21931, 2
21932, 2
21933, 3
21934, 2
21935, 4
21936, 2
21937, 2
21938, 3
21939, 3
21940, 1
21941, 4
21942, 3
21943, 2
21944, 2
21945, 4
21946, 2
21947, 2
21948, 4
21949, 4
21950, 4
21951, 3
21952, 4
21953, 3
21954, 2
21955, 4
21956, 2
21957, 2
21958, 2
21959, 2
21960, 2
21961, 3
21962, 0
21963, 2
21964, 4
21965, 4
21966, 0
21967, 4
21968, 3
21969, 1
21970, 4
21971, 3
21972, 4
21973, 4
21974, 4
21975, 3
21976, 4
21977, 4
21978, 1
21979, 3
21980, 4
21981, 0
21982, 0
21983, 4
21984, 0
21985, 0
21986, 4
21987, 0
21988, 4
21989, 4
21990, 3
21991, 1
21992, 1
21993, 4
21994, 2
21995, 2
21996, 4
21997, 4
21998, 0
21999, 3
22000, 4
22001, 3
22002, 4
22003, 3
22004, 4
22005, 0
22006, 3
22007, 4
22008, 3
22009, 3
22010, 2
22011, 2
22012, 3
22013, 3
22014, 4
22015, 3
22016, 3
22017, 4
22018, 0
22019, 1
22020, 4
22021, 4
22022, 4
22023, 1
22024, 4
22025, 4
22026, 0
22027, 4
22028, 4
22029, 2
22030, 1
22031, 1
22032, 0
22033, 4
22034, 3
22035, 3
22036, 0
22037, 3
22038, 4
22039, 4
22040, 1
22041, 4
22042, 2
22043, 4
22044, 1
22045, 4
22046, 4
22047, 4
22048, 4
22049, 1
22050, 4
22051, 4
22052, 4
22053, 4
22054, 0
22055, 4
22056, 4
22057, 2
22058, 3
22059, 4
22060, 3
22061, 0
22062, 3
22063, 3
22064, 1
22065, 0
22066, 3
22067, 3
22068, 0
22069, 3
22070, 4
22071, 4
22072, 2
22073, 3
22074, 0
22075, 3
22076, 3
22077, 0
22078, 4
22079, 4
22080, 2
22081, 2
22082, 4
22083, 2
22084, 2
22085, 2
22086, 0
22087, 1
22088, 3
22089, 0
22090, 2
22091, 2
22092, 0
22093, 2
22094, 1
22095, 1
22096, 1
22097, 1
22098, 2
22099, 1
22100, 1
22101, 4
22102, 1
22103, 0
22104, 4
22105, 1
22106, 3
22107, 4
22108, 2
22109, 4
22110, 4
22111, 0
22112, 3
22113, 2
22114, 4
22115, 2
22116, 2
22117, 1
22118, 2
22119, 2
22120, 1
22121, 1
22122, 1
22123, 3
22124, 0
22125, 2
22126, 1
22127, 3
22128, 3
22129, 1
22130, 2
22131, 4
22132, 2
22133, 1
22134, 2
22135, 1
22136, 1
22137, 2
22138, 1
22139, 2
22140, 1
22141, 1
22142, 4
22143, 1
22144, 2
22145, 1
22146, 3
22147, 2
22148, 2
22149, 0
22150, 3
22151, 0
22152, 1
22153, 2
22154, 0
22155, 4
22156, 1
22157, 4
22158, 1
22159, 2
22160, 1
22161, 0
22162, 3
22163, 4
22164, 3
22165, 2
22166, 1
22167, 2
22168, 3
22169, 2
22170, 2
22171, 0
22172, 2
22173, 1
22174, 1
22175, 0
22176, 2
22177, 3
22178, 1
22179, 2
22180, 3
22181, 4
22182, 1
22183, 2
22184, 2
22185, 1
22186, 1
22187, 3
22188, 3
22189, 2
22190, 2
22191, 2
22192, 3
22193, 3
22194, 4
22195, 3
22196, 3
22197, 3
22198, 2
22199, 2
22200, 2
22201, 1
22202, 2
22203, 2
22204, 2
22205, 0
22206, 2
22207, 3
22208, 2
22209, 3
22210, 2
22211, 3
22212, 2
22213, 2
22214, 3
22215, 3
22216, 1
22217, 2
22218, 3
22219, 3
22220, 1
22221, 2
22222, 3
22223, 2
22224, 2
22225, 2
22226, 3
22227, 3
22228, 2
22229, 3
22230, 3
22231, 0
22232, 4
22233, 0
22234, 0
22235, 3
22236, 3
22237, 1
22238, 1
22239, 3
22240, 2
22241, 2
22242, 2
22243, 0
22244, 3
22245, 2
22246, 2
22247, 3
22248, 3
22249, 2
22250, 1
22251, 3
22252, 2
22253, 2
22254, 3
22255, 1
22256, 3
22257, 2
22258, 2
22259, 3
22260, 2
22261, 2
22262, 0
22263, 3
22264, 2
22265, 3
22266, 2
22267, 2
22268, 3
22269, 0
22270, 3
22271, 3
22272, 2
22273, 3
22274, 2
22275, 4
22276, 2
22277, 2
22278, 3
22279, 2
22280, 3
22281, 2
22282, 2
22283, 4
22284, 2
22285, 4
22286, 2
22287, 3
22288, 2
22289, 2
22290, 3
22291, 4
22292, 4
22293, 2
22294, 2
22295, 0
22296, 0
22297, 2
22298, 3
22299, 3
22300, 2
22301, 3
22302, 4
22303, 2
22304, 1
22305, 0
22306, 3
22307, 4
22308, 2
22309, 2
22310, 2
22311, 4
22312, 3
22313, 2
22314, 3
22315, 2
22316, 4
22317, 2
22318, 4
22319, 0
22320, 3
22321, 1
22322, 2
22323, 2
22324, 2
22325, 2
22326, 2
22327, 0
22328, 2
22329, 3
22330, 3
22331, 2
22332, 3
22333, 4
22334, 0
22335, 2
22336, 2
22337, 2
22338, 4
22339, 4
22340, 2
22341, 2
22342, 2
22343, 3
22344, 4
22345, 2
22346, 2
22347, 4
22348, 3
22349, 2
22350, 2
22351, 4
22352, 3
22353, 2
22354, 2
22355, 2
22356, 2
22357, 3
22358, 2
22359, 2
22360, 3
22361, 1
22362, 3
22363, 0
22364, 3
22365, 1
22366, 3
22367, 4
22368, 3
22369, 3
22370, 1
22371, 1
22372, 3
22373, 3
22374, 1
22375, 3
22376, 2
22377, 3
22378, 3
22379, 2
22380, 3
22381, 0
22382, 3
22383, 1
22384, 3
22385, 2
22386, 2
22387, 0
22388, 3
22389, 2
22390, 3
22391, 2
22392, 2
22393, 1
22394, 3
22395, 2
22396, 3
22397, 3
22398, 3
22399, 3
22400, 2
22401, 3
22402, 3
22403, 4
22404, 3
22405, 3
22406, 3
22407, 3
22408, 3
22409, 3
22410, 3
22411, 4
22412, 3
22413, 3
22414, 3
22415, 3
22416, 3
22417, 2
22418, 4
22419, 3
22420, 1
22421, 4
22422, 3
22423, 2
22424, 3
22425, 3
22426, 0
22427, 3
22428, 3
22429, 3
22430, 1
22431, 0
22432, 4
22433, 3
22434, 1
22435, 2
22436, 2
22437, 3
22438, 2
22439, 3
22440, 1
22441, 3
22442, 3
22443, 3
22444, 2
22445, 0
22446, 1
22447, 3
22448, 0
22449, 2
22450, 4
22451, 3
22452, 2
22453, 4
22454, 2
22455, 0
22456, 1
22457, 1
22458, 0
22459, 0
22460, 0
22461, 3
22462, 3
22463, 2
22464, 0
22465, 0
22466, 3
22467, 3
22468, 3
22469, 1
22470, 4
22471, 1
22472, 3
22473, 3
22474, 4
22475, 3
22476, 3
22477, 2
22478, 0
22479, 4
22480, 3
22481, 2
22482, 0
22483, 3
22484, 1
22485, 0
22486, 2
22487, 4
22488, 4
22489, 1
22490, 0
22491, 3
22492, 0
22493, 3
22494, 3
22495, 3
22496, 1
22497, 4
22498, 2
22499, 4
22500, 2
22501, 0
22502, 3
22503, 1
22504, 0
22505, 0
22506, 3
22507, 2
22508, 1
22509, 1
22510, 4
22511, 0
22512, 1
22513, 0
22514, 2
22515, 0
22516, 2
22517, 3
22518, 3
22519, 2
22520, 3
22521, 3
22522, 2
22523, 1
22524, 0
22525, 3
22526, 1
22527, 2
22528, 2
22529, 2
22530, 4
22531, 4
22532, 2
22533, 2
22534, 0
22535, 1
22536, 1
22537, 1
22538, 1
22539, 0
22540, 3
22541, 0
22542, 1
22543, 0
22544, 3
22545, 2
22546, 4
22547, 2
22548, 4
22549, 4
22550, 3
22551, 2
22552, 4
22553, 2
22554, 4
22555, 2
22556, 0
22557, 4
22558, 4
22559, 2
22560, 4
22561, 4
22562, 1
22563, 3
22564, 0
22565, 3
22566, 3
22567, 1
22568, 0
22569, 0
22570, 2
22571, 1
22572, 1
22573, 2
22574, 2
22575, 1
22576, 0
22577, 4
22578, 4
22579, 2
22580, 4
22581, 2
22582, 2
22583, 4
22584, 2
22585, 4
22586, 3
22587, 2
22588, 4
22589, 4
22590, 3
22591, 0
22592, 1
22593, 4
22594, 3
22595, 3
22596, 0
22597, 0
22598, 1
22599, 2
22600, 2
22601, 1
22602, 2
22603, 2
22604, 2
22605, 0
22606, 2
22607, 2
22608, 2
22609, 4
22610, 2
22611, 3
22612, 0
22613, 3
22614, 2
22615, 2
22616, 3
22617, 2
22618, 4
22619, 2
22620, 1
22621, 1
22622, 3
22623, 0
22624, 4
22625, 1
22626, 1
22627, 1
22628, 2
22629, 2
22630, 4
22631, 3
22632, 2
22633, 4
22634, 3
22635, 2
22636, 2
22637, 2
22638, 4
22639, 4
22640, 4
22641, 1
22642, 4
22643, 4
22644, 4
22645, 4
22646, 4
22647, 2
22648, 2
22649, 2
22650, 0
22651, 2
22652, 4
22653, 2
22654, 4
22655, 0
22656, 1
22657, 4
22658, 1
22659, 4
22660, 1
22661, 0
22662, 1
22663, 2
22664, 2
22665, 4
22666, 4
22667, 2
22668, 1
22669, 2
22670, 2
22671, 2
22672, 0
22673, 3
22674, 4
22675, 2
22676, 2
22677, 2
22678, 2
22679, 4
22680, 3
22681, 2
22682, 4
22683, 2
22684, 2
22685, 4
22686, 2
22687, 3
22688, 4
22689, 4
22690, 1
22691, 4
22692, 1
22693, 0
22694, 2
22695, 0
22696, 0
22697, 0
22698, 1
22699, 2
22700, 2
22701, 3
22702, 2
22703, 2
22704, 0
22705, 1
22706, 3
22707, 4
22708, 2
22709, 3
22710, 4
22711, 1
22712, 2
22713, 4
22714, 3
22715, 2
22716, 2
22717, 3
22718, 3
22719, 4
22720, 4
22721, 3
22722, 4
22723, 1
22724, 1
22725, 0
22726, 1
22727, 1
22728, 4
22729, 0
22730, 0
22731, 4
22732, 1
22733, 1
22734, 0
22735, 4
22736, 1
22737, 3
22738, 2
22739, 1
22740, 2
22741, 2
22742, 2
22743, 2
22744, 2
22745, 2
22746, 2
22747, 1
22748, 2
22749, 4
22750, 2
22751, 3
22752, 2
22753, 2
22754, 2
22755, 4
22756, 2
22757, 2
22758, 2
22759, 2
22760, 2
22761, 4
22762, 4
22763, 4
22764, 3
22765, 1
22766, 4
22767, 2
22768, 4
22769, 2
22770, 2
22771, 4
22772, 2
22773, 2
22774, 2
22775, 4
22776, 4
22777, 2
22778, 2
22779, 2
22780, 4
22781, 2
22782, 4
22783, 4
22784, 4
22785, 4
22786, 4
22787, 3
22788, 2
22789, 2
22790, 2
22791, 3
22792, 1
22793, 1
22794, 2
22795, 4
22796, 2
22797, 4
22798, 2
22799, 4
22800, 4
22801, 4
22802, 2
22803, 4
22804, 2
22805, 2
22806, 4
22807, 4
22808, 4
22809, 1
22810, 4
22811, 4
22812, 4
22813, 2
22814, 2
22815, 2
22816, 4
22817, 4
22818, 2
22819, 4
22820, 0
22821, 4
22822, 4
22823, 4
22824, 2
22825, 2
22826, 4
22827, 4
22828, 4
22829, 3
22830, 2
22831, 1
22832, 2
22833, 4
22834, 3
22835, 4
22836, 2
22837, 4
22838, 2
22839, 1
22840, 4
22841, 2
22842, 1
22843, 2
22844, 2
22845, 4
22846, 4
22847, 2
22848, 2
22849, 4
22850, 2
22851, 4
22852, 4
22853, 4
22854, 4
22855, 4
22856, 2
22857, 4
22858, 3
22859, 2
22860, 4
22861, 4
22862, 2
22863, 1
22864, 2
22865, 2
22866, 2
22867, 2
22868, 2
22869, 4
22870, 2
22871, 2
22872, 4
22873, 2
22874, 4
22875, 2
22876, 1
22877, 2
22878, 2
22879, 2
22880, 1
22881, 1
22882, 1
22883, 4
22884, 4
22885, 2
22886, 4
22887, 4
22888, 4
22889, 2
22890, 2
22891, 2
22892, 2
22893, 4
22894, 4
22895, 4
22896, 2
22897, 3
22898, 2
22899, 3
22900, 2
22901, 4
22902, 2
22903, 2
22904, 2
22905, 4
22906, 2
22907, 1
22908, 4
22909, 4
22910, 2
22911, 4
22912, 2
22913, 4
22914, 2
22915, 4
22916, 4
22917, 2
22918, 4
22919, 4
22920, 2
22921, 4
22922, 3
22923, 2
22924, 2
22925, 4
22926, 2
22927, 2
22928, 2
22929, 2
22930, 2
22931, 4
22932, 2
22933, 4
22934, 4
22935, 1
22936, 4
22937, 4
22938, 4
22939, 2
22940, 3
22941, 2
22942, 2
22943, 2
22944, 4
22945, 1
22946, 4
22947, 4
22948, 1
22949, 2
22950, 4
22951, 1
22952, 2
22953, 4
22954, 2
22955, 2
22956, 1
22957, 4
22958, 4
22959, 2
22960, 2
22961, 4
22962, 4
22963, 2
22964, 2
22965, 4
22966, 4
22967, 3
22968, 2
22969, 3
22970, 1
22971, 4
22972, 4
22973, 4
22974, 4
22975, 2
22976, 4
22977, 3
22978, 4
22979, 4
22980, 4
22981, 2
22982, 3
22983, 4
22984, 2
22985, 4
22986, 3
22987, 2
22988, 4
22989, 1
22990, 2
22991, 4
22992, 2
22993, 4
22994, 2
22995, 4
22996, 2
22997, 2
22998, 4
22999, 2
23000, 4
23001, 2
23002, 2
23003, 2
23004, 0
23005, 2
23006, 4
23007, 2
23008, 2
23009, 4
23010, 0
23011, 2
23012, 4
23013, 3
23014, 4
23015, 1
23016, 2
23017, 4
23018, 2
23019, 4
23020, 2
23021, 2
23022, 2
23023, 4
23024, 2
23025, 4
23026, 4
23027, 1
23028, 4
23029, 2
23030, 1
23031, 4
23032, 4
23033, 4
23034, 4
23035, 3
23036, 4
23037, 4
23038, 2
23039, 1
23040, 4
23041, 2
23042, 4
23043, 4
23044, 2
23045, 2
23046, 2
23047, 4
23048, 2
23049, 2
23050, 1
23051, 4
23052, 1
23053, 4
23054, 2
23055, 2
23056, 4
23057, 4
23058, 4
23059, 4
23060, 4
23061, 2
23062, 4
23063, 3
23064, 2
23065, 2
23066, 4
23067, 4
23068, 4
23069, 2
23070, 2
23071, 2
23072, 4
23073, 4
23074, 4
23075, 4
23076, 2
23077, 2
23078, 4
23079, 2
23080, 2
23081, 4
23082, 3
23083, 2
23084, 3
23085, 4
23086, 4
23087, 2
23088, 2
23089, 2
23090, 1
23091, 4
23092, 4
23093, 2
23094, 3
23095, 2
23096, 4
23097, 4
23098, 1
23099, 4
23100, 0
23101, 2
23102, 2
23103, 2
23104, 2
23105, 4
23106, 4
23107, 4
23108, 2
23109, 2
23110, 4
23111, 4
23112, 4
23113, 4
23114, 0
23115, 4
23116, 2
23117, 2
23118, 4
23119, 2
23120, 4
23121, 4
23122, 1
23123, 2
23124, 2
23125, 2
23126, 2
23127, 2
23128, 4
23129, 4
23130, 4
23131, 3
23132, 2
23133, 4
23134, 2
23135, 2
23136, 2
23137, 3
23138, 2
23139, 3
23140, 4
23141, 2
23142, 4
23143, 2
23144, 2
23145, 2
23146, 0
23147, 4
23148, 3
23149, 2
23150, 1
23151, 2
23152, 4
23153, 2
23154, 2
23155, 2
23156, 1
23157, 4
23158, 3
23159, 4
23160, 2
23161, 2
23162, 0
23163, 0
23164, 2
23165, 1
23166, 4
23167, 2
23168, 2
23169, 4
23170, 4
23171, 4
23172, 2
23173, 2
23174, 2
23175, 2
23176, 2
23177, 4
23178, 2
23179, 2
23180, 2
23181, 2
23182, 4
23183, 2
23184, 2
23185, 3
23186, 4
23187, 2
23188, 2
23189, 4
23190, 4
23191, 2
23192, 2
23193, 4
23194, 4
23195, 2
23196, 3
23197, 3
23198, 2
23199, 3
23200, 2
23201, 3
23202, 2
23203, 2
23204, 2
23205, 1
23206, 1
23207, 2
23208, 2
23209, 3
23210, 2
23211, 4
23212, 2
23213, 1
23214, 2
23215, 4
23216, 2
23217, 4
23218, 3
23219, 2
23220, 4
23221, 2
23222, 1
23223, 4
23224, 4
23225, 4
23226, 4
23227, 4
23228, 2
23229, 2
23230, 1
23231, 3
23232, 4
23233, 4
23234, 2
23235, 1
23236, 2
23237, 2
23238, 2
23239, 2
23240, 4
23241, 2
23242, 4
23243, 2
23244, 2
23245, 3
23246, 3
23247, 4
23248, 2
23249, 4
23250, 2
23251, 2
23252, 2
23253, 2
23254, 1
23255, 4
23256, 3
23257, 4
23258, 4
23259, 3
23260, 2
23261, 2
23262, 3
23263, 3
23264, 2
23265, 3
23266, 3
23267, 1
23268, 4
23269, 2
23270, 3
23271, 1
23272, 3
23273, 2
23274, 3
23275, 4
23276, 3
23277, 2
23278, 1
23279, 4
23280, 3
23281, 4
23282, 4
23283, 2
23284, 3
23285, 4
23286, 1
23287, 2
23288, 3
23289, 4
23290, 3
23291, 2
23292, 3
23293, 3
23294, 4
23295, 2
23296, 4
23297, 4
23298, 2
23299, 2
23300, 3
23301, 1
23302, 1
23303, 2
23304, 3
23305, 4
23306, 3
23307, 2
23308, 2
23309, 1
23310, 2
23311, 2
23312, 2
23313, 1
23314, 2
23315, 2
23316, 4
23317, 0
23318, 3
23319, 2
23320, 2
23321, 2
23322, 2
23323, 3
23324, 3
23325, 2
23326, 4
23327, 2
23328, 4
23329, 3
23330, 4
23331, 1
23332, 4
23333, 1
23334, 2
23335, 3
23336, 4
23337, 2
23338, 2
23339, 2
23340, 1
23341, 1
23342, 2
23343, 4
23344, 2
23345, 4
23346, 4
23347, 1
23348, 2
23349, 2
23350, 2
23351, 3
23352, 4
23353, 4
23354, 2
23355, 2
23356, 2
23357, 1
23358, 3
23359, 3
23360, 2
23361, 3
23362, 3
23363, 2
23364, 2
23365, 4
23366, 2
23367, 3
23368, 1
23369, 3
23370, 3
23371, 1
23372, 0
23373, 4
23374, 2
23375, 2
23376, 2
23377, 1
23378, 2
23379, 1
23380, 2
23381, 2
23382, 1
23383, 0
23384, 1
23385, 4
23386, 2
23387, 1
23388, 1
23389, 2
23390, 2
23391, 4
23392, 1
23393, 4
23394, 2
23395, 2
23396, 4
23397, 4
23398, 4
23399, 2
23400, 1
23401, 3
23402, 4
23403, 1
23404, 2
23405, 1
23406, 2
23407, 2
23408, 2
23409, 4
23410, 2
23411, 2
23412, 3
23413, 2
23414, 1
23415, 3
23416, 1
23417, 2
23418, 4
23419, 0
23420, 4
23421, 2
23422, 3
23423, 3
23424, 2
23425, 4
23426, 3
23427, 3
23428, 2
23429, 2
23430, 3
23431, 2
23432, 2
23433, 4
23434, 3
23435, 2
23436, 3
23437, 2
23438, 2
23439, 2
23440, 1
23441, 4
23442, 1
23443, 3
23444, 2
23445, 4
23446, 4
23447, 1
23448, 2
23449, 4
23450, 4
23451, 4
23452, 2
23453, 2
23454, 4
23455, 2
23456, 1
23457, 3
23458, 2
23459, 4
23460, 0
23461, 3
23462, 2
23463, 1
23464, 2
23465, 2
23466, 4
23467, 3
23468, 4
23469, 3
23470, 4
23471, 3
23472, 2
23473, 1
23474, 4
23475, 4
23476, 2
23477, 2
23478, 2
23479, 4
23480, 4
23481, 4
23482, 2
23483, 2
23484, 2
23485, 2
23486, 1
23487, 3
23488, 0
23489, 2
23490, 2
23491, 2
23492, 4
23493, 4
23494, 4
23495, 4
23496, 3
23497, 4
23498, 1
23499, 2
23500, 4
23501, 1
23502, 4
23503, 4
23504, 4
23505, 3
23506, 2
23507, 4
23508, 2
23509, 4
23510, 2
23511, 4
23512, 1
23513, 2
23514, 4
23515, 4
23516, 2
23517, 2
23518, 2
23519, 4
23520, 1
23521, 1
23522, 2
23523, 3
23524, 2
23525, 3
23526, 2
23527, 3
23528, 4
23529, 0
23530, 4
23531, 2
23532, 2
23533, 4
23534, 2
23535, 2
23536, 3
23537, 1
23538, 1
23539, 1
23540, 4
23541, 4
23542, 4
23543, 1
23544, 4
23545, 2
23546, 4
23547, 3
23548, 1
23549, 2
23550, 4
23551, 4
23552, 2
23553, 4
23554, 4
23555, 3
23556, 3
23557, 1
23558, 3
23559, 3
23560, 4
23561, 2
23562, 3
23563, 2
23564, 2
23565, 2
23566, 2
23567, 4
23568, 2
23569, 2
23570, 3
23571, 4
23572, 3
23573, 4
23574, 2
23575, 2
23576, 0
23577, 2
23578, 3
23579, 2
23580, 2
23581, 3
23582, 3
23583, 3
23584, 1
23585, 3
23586, 3
23587, 2
23588, 3
23589, 4
23590, 3
23591, 1
23592, 3
23593, 2
23594, 4
23595, 2
23596, 2
23597, 3
23598, 3
23599, 2
23600, 2
23601, 0
23602, 4
23603, 2
23604, 4
23605, 2
23606, 4
23607, 2
23608, 3
23609, 3
23610, 4
23611, 2
23612, 2
23613, 2
23614, 2
23615, 1
23616, 1
23617, 3
23618, 4
23619, 3
23620, 4
23621, 1
23622, 1
23623, 4
23624, 4
23625, 3
23626, 3
23627, 3
23628, 2
23629, 2
23630, 2
23631, 0
23632, 3
23633, 4
23634, 1
23635, 0
23636, 4
23637, 1
23638, 0
23639, 3
23640, 0
23641, 0
23642, 4
23643, 1
23644, 1
23645, 2
23646, 4
23647, 1
23648, 0
23649, 1
23650, 4
23651, 1
23652, 1
23653, 0
23654, 0
23655, 4
23656, 3
23657, 4
23658, 3
23659, 0
23660, 0
23661, 4
23662, 0
23663, 4
23664, 1
23665, 0
23666, 0
23667, 0
23668, 1
23669, 1
23670, 2
23671, 1
23672, 1
23673, 0
23674, 1
23675, 0
23676, 2
23677, 4
23678, 0
23679, 1
23680, 1
23681, 2
23682, 4
23683, 0
23684, 0
23685, 0
23686, 3
23687, 3
23688, 4
23689, 1
23690, 1
23691, 3
23692, 2
23693, 1
23694, 1
23695, 1
23696, 4
23697, 4
23698, 3
23699, 2
23700, 0
23701, 0
23702, 1
23703, 0
23704, 0
23705, 3
23706, 0
23707, 3
23708, 0
23709, 1
23710, 1
23711, 3
23712, 1
23713, 3
23714, 0
23715, 0
23716, 2
23717, 0
23718, 1
23719, 1
23720, 1
23721, 2
23722, 2
23723, 1
23724, 3
23725, 4
23726, 1
23727, 1
23728, 1
23729, 0
23730, 3
23731, 0
23732, 1
23733, 3
23734, 2
23735, 1
23736, 3
23737, 0
23738, 2
23739, 1
23740, 2
23741, 1
23742, 1
23743, 0
23744, 0
23745, 1
23746, 0
23747, 1
23748, 1
23749, 0
23750, 0
23751, 1
23752, 0
23753, 1
23754, 1
23755, 1
23756, 3
23757, 1
23758, 0
23759, 1
23760, 0
23761, 1
23762, 0
23763, 1
23764, 1
23765, 0
23766, 1
23767, 0
23768, 4
23769, 3
23770, 4
23771, 1
23772, 1
23773, 1
23774, 0
23775, 1
23776, 1
23777, 1
23778, 1
23779, 1
23780, 3
23781, 0
23782, 0
23783, 1
23784, 1
23785, 1
23786, 1
23787, 1
23788, 4
23789, 3
23790, 3
23791, 0
23792, 1
23793, 1
23794, 3
23795, 1
23796, 3
23797, 4
23798, 0
23799, 0
23800, 0
23801, 3
23802, 0
23803, 1
23804, 0
23805, 0
23806, 0
23807, 0
23808, 2
23809, 1
23810, 0
23811, 3
23812, 0
23813, 4
23814, 0
23815, 0
23816, 0
23817, 2
23818, 4
23819, 1
23820, 0
23821, 0
23822, 3
23823, 1
23824, 1
23825, 0
23826, 3
23827, 1
23828, 1
23829, 1
23830, 3
23831, 0
23832, 1
23833, 3
23834, 1
23835, 2
23836, 1
23837, 3
23838, 1
23839, 1
23840, 1
23841, 3
23842, 0
23843, 1
23844, 1
23845, 0
23846, 0
23847, 1
23848, 0
23849, 1
23850, 1
23851, 3
23852, 1
23853, 0
23854, 1
23855, 1
23856, 1
23857, 1
23858, 1
23859, 2
23860, 1
23861, 2
23862, 1
23863, 1
23864, 0
23865, 3
23866, 1
23867, 1
23868, 0
23869, 1
23870, 1
23871, 1
23872, 1
23873, 1
23874, 1
23875, 2
23876, 0
23877, 1
23878, 0
23879, 1
23880, 3
23881, 1
23882, 2
23883, 0
23884, 0
23885, 4
23886, 0
23887, 0
23888, 1
23889, 3
23890, 1
23891, 1
23892, 0
23893, 1
23894, 1
23895, 2
23896, 3
23897, 3
23898, 3
23899, 2
23900, 2
23901, 1
23902, 0
23903, 1
23904, 1
23905, 0
23906, 1
23907, 1
23908, 1
23909, 0
23910, 0
23911, 3
23912, 1
23913, 1
23914, 3
23915, 3
23916, 1
23917, 1
23918, 2
23919, 1
23920, 0
23921, 3
23922, 2
23923, 0
23924, 0
23925, 0
23926, 4
23927, 0
23928, 0
23929, 1
23930, 1
23931, 0
23932, 1
23933, 2
23934, 0
23935, 0
23936, 3
23937, 3
23938, 1
23939, 3
23940, 2
23941, 0
23942, 0
23943, 2
23944, 1
23945, 0
23946, 0
23947, 3
23948, 0
23949, 1
23950, 3
23951, 3
23952, 3
23953, 0
23954, 2
23955, 0
23956, 0
23957, 1
23958, 1
23959, 2
23960, 4
23961, 2
23962, 0
23963, 1
23964, 0
23965, 0
23966, 4
23967, 1
23968, 2
23969, 2
23970, 1
23971, 1
23972, 0
23973, 1
23974, 0
23975, 2
23976, 4
23977, 0
23978, 1
23979, 3
23980, 0
23981, 1
23982, 2
23983, 2
23984, 4
23985, 1
23986, 0
23987, 0
23988, 0
23989, 0
23990, 2
23991, 3
23992, 1
23993, 1
23994, 0
23995, 0
23996, 0
23997, 0
23998, 1
23999, 0
24000, 0
24001, 0
24002, 0
24003, 1
24004, 0
24005, 2
24006, 0
24007, 3
24008, 1
24009, 2
24010, 2
24011, 0
24012, 0
24013, 0
24014, 1
24015, 2
24016, 0
24017, 0
24018, 1
24019, 0
24020, 0
24021, 2
24022, 2
24023, 0
24024, 0
24025, 0
24026, 3
24027, 0
24028, 0
24029, 0
24030, 0
24031, 0
24032, 0
24033, 4
24034, 0
24035, 1
24036, 1
24037, 3
24038, 3
24039, 0
24040, 1
24041, 2
24042, 3
24043, 1
24044, 1
24045, 0
24046, 0
24047, 3
24048, 0
24049, 3
24050, 1
24051, 0
24052, 2
24053, 1
24054, 3
24055, 4
24056, 4
24057, 3
24058, 0
24059, 3
24060, 3
24061, 0
24062, 0
24063, 2
24064, 2
24065, 2
24066, 3
24067, 0
24068, 2
24069, 0
24070, 2
24071, 4
24072, 4
24073, 1
24074, 0
24075, 0
24076, 2
24077, 3
24078, 0
24079, 4
24080, 3
24081, 0
24082, 0
24083, 0
24084, 0
24085, 3
24086, 3
24087, 3
24088, 3
24089, 0
24090, 0
24091, 2
24092, 0
24093, 4
24094, 2
24095, 0
24096, 0
24097, 2
24098, 4
24099, 2
24100, 0
24101, 2
24102, 3
24103, 2
24104, 0
24105, 1
24106, 0
24107, 2
24108, 1
24109, 2
24110, 2
24111, 1
24112, 2
24113, 3
24114, 1
24115, 0
24116, 2
24117, 1
24118, 3
24119, 3
24120, 4
24121, 0
24122, 0
24123, 4
24124, 2
24125, 2
24126, 1
24127, 4
24128, 3
24129, 0
24130, 0
24131, 0
24132, 0
24133, 4
24134, 0
24135, 3
24136, 3
24137, 0
24138, 1
24139, 0
24140, 0
24141, 4
24142, 2
24143, 0
24144, 1
24145, 0
24146, 0
24147, 0
24148, 2
24149, 4
24150, 1
24151, 1
24152, 2
24153, 2
24154, 2
24155, 1
24156, 1
24157, 4
24158, 0
24159, 0
24160, 4
24161, 3
24162, 1
24163, 0
24164, 2
24165, 2
24166, 1
24167, 3
24168, 2
24169, 2
24170, 1
24171, 2
24172, 2
24173, 1
24174, 2
24175, 3
24176, 0
24177, 0
24178, 1
24179, 0
24180, 0
24181, 1
24182, 3
24183, 1
24184, 0
24185, 0
24186, 0
24187, 0
24188, 1
24189, 2
24190, 2
24191, 0
24192, 1
24193, 2
24194, 2
24195, 2
24196, 0
24197, 2
24198, 1
24199, 3
24200, 4
24201, 0
24202, 2
24203, 2
24204, 2
24205, 2
24206, 3
24207, 3
24208, 1
24209, 3
24210, 0
24211, 0
24212, 0
24213, 1
24214, 0
24215, 1
24216, 1
24217, 2
24218, 0
24219, 1
24220, 1
24221, 0
24222, 0
24223, 2
24224, 0
24225, 2
24226, 3
24227, 2
24228, 3
24229, 4
24230, 2
24231, 2
24232, 2
24233, 0
24234, 0
24235, 2
24236, 1
24237, 2
24238, 1
24239, 3
24240, 3
24241, 1
24242, 0
24243, 0
24244, 2
24245, 3
24246, 2
24247, 2
24248, 0
24249, 0
24250, 4
24251, 2
24252, 4
24253, 2
24254, 1
24255, 1
24256, 0
24257, 4
24258, 3
24259, 1
24260, 0
24261, 0
24262, 0
24263, 0
24264, 1
24265, 4
24266, 1
24267, 1
24268, 0
24269, 0
24270, 0
24271, 3
24272, 0
24273, 0
24274, 1
24275, 2
24276, 2
24277, 1
24278, 1
24279, 0
24280, 0
24281, 0
24282, 2
24283, 1
24284, 1
24285, 4
24286, 2
24287, 1
24288, 0
24289, 0
24290, 2
24291, 0
24292, 1
24293, 2
24294, 4
24295, 1
24296, 1
24297, 0
24298, 2
24299, 4
24300, 3
24301, 2
24302, 2
24303, 2
24304, 0
24305, 4
24306, 4
24307, 0
24308, 4
24309, 0
24310, 2
24311, 0
24312, 2
24313, 0
24314, 3
24315, 0
24316, 2
24317, 3
24318, 4
24319, 3
24320, 2
24321, 2
24322, 1
24323, 3
24324, 0
24325, 0
24326, 1
24327, 0
24328, 3
24329, 2
24330, 3
24331, 2
24332, 2
24333, 1
24334, 1
24335, 1
24336, 0
24337, 3
24338, 2
24339, 1
24340, 3
24341, 0
24342, 1
24343, 1
24344, 0
24345, 0
24346, 3
24347, 3
24348, 1
24349, 0
24350, 3
24351, 1
24352, 0
24353, 0
24354, 4
24355, 0
24356, 3
24357, 2
24358, 0
24359, 0
24360, 2
24361, 3
24362, 3
24363, 1
24364, 0
24365, 1
24366, 1
24367, 4
24368, 1
24369, 0
24370, 3
24371, 0
24372, 1
24373, 1
24374, 2
24375, 0
24376, 0
24377, 3
24378, 3
24379, 0
24380, 3
24381, 2
24382, 3
24383, 1
24384, 2
24385, 1
24386, 1
24387, 1
24388, 0
24389, 1
24390, 1
24391, 2
24392, 0
24393, 0
24394, 4
24395, 4
24396, 1
24397, 2
24398, 2
24399, 1
24400, 3
24401, 3
24402, 3
24403, 1
24404, 1
24405, 1
24406, 4
24407, 0
24408, 1
24409, 2
24410, 0
24411, 0
24412, 2
24413, 3
24414, 4
24415, 2
24416, 0
24417, 0
24418, 3
24419, 0
24420, 0
24421, 1
24422, 0
24423, 1
24424, 0
24425, 4
24426, 1
24427, 3
24428, 0
24429, 2
24430, 2
24431, 4
24432, 2
24433, 2
24434, 0
24435, 1
24436, 3
24437, 0
24438, 3
24439, 1
24440, 3
24441, 0
24442, 2
24443, 0
24444, 1
24445, 1
24446, 0
24447, 1
24448, 0
24449, 0
24450, 1
24451, 0
24452, 0
24453, 4
24454, 4
24455, 3
24456, 0
24457, 3
24458, 1
24459, 3
24460, 2
24461, 0
24462, 1
24463, 0
24464, 4
24465, 3
24466, 0
24467, 3
24468, 1
24469, 2
24470, 1
24471, 1
24472, 3
24473, 2
24474, 2
24475, 0
24476, 0
24477, 1
24478, 3
24479, 0
24480, 3
24481, 0
24482, 1
24483, 0
24484, 1
24485, 1
24486, 3
24487, 0
24488, 2
24489, 2
24490, 1
24491, 3
24492, 0
24493, 4
24494, 4
24495, 3
24496, 3
24497, 2
24498, 1
24499, 3
24500, 4
24501, 3
24502, 0
24503, 4
24504, 4
24505, 1
24506, 2
24507, 2
24508, 4
24509, 1
24510, 1
24511, 1
24512, 2
24513, 0
24514, 3
24515, 0
24516, 1
24517, 3
24518, 1
24519, 4
24520, 2
24521, 3
24522, 2
24523, 2
24524, 2
24525, 2
24526, 4
24527, 2
24528, 2
24529, 0
24530, 1
24531, 2
24532, 3
24533, 2
24534, 3
24535, 2
24536, 2
24537, 2
24538, 3
24539, 2
24540, 3
24541, 2
24542, 2
24543, 2
24544, 2
24545, 3
24546, 1
24547, 3
24548, 2
24549, 3
24550, 2
24551, 3
24552, 2
24553, 0
24554, 2
24555, 2
24556, 1
24557, 2
24558, 3
24559, 2
24560, 2
24561, 2
24562, 2
24563, 2
24564, 2
24565, 2
24566, 2
24567, 3
24568, 2
24569, 2
24570, 2
24571, 2
24572, 2
24573, 2
24574, 4
24575, 2
24576, 1
24577, 2
24578, 2
24579, 2
24580, 2
24581, 2
24582, 4
24583, 2
24584, 2
24585, 2
24586, 3
24587, 2
24588, 2
24589, 0
24590, 2
24591, 2
24592, 2
24593, 2
24594, 2
24595, 2
24596, 2
24597, 2
24598, 2
24599, 2
24600, 2
24601, 2
24602, 4
24603, 2
24604, 2
24605, 3
24606, 2
24607, 2
24608, 2
24609, 2
24610, 4
24611, 2
24612, 1
24613, 1
24614, 2
24615, 2
24616, 2
24617, 4
24618, 2
24619, 2
24620, 2
24621, 2
24622, 2
24623, 2
24624, 2
24625, 4
24626, 2
24627, 2
24628, 2
24629, 2
24630, 2
24631, 2
24632, 1
24633, 2
24634, 2
24635, 2
24636, 2
24637, 4
24638, 1
24639, 4
24640, 2
24641, 2
24642, 2
24643, 4
24644, 1
24645, 4
24646, 2
24647, 1
24648, 2
24649, 2
24650, 2
24651, 2
24652, 2
24653, 1
24654, 2
24655, 2
24656, 2
24657, 2
24658, 2
24659, 2
24660, 2
24661, 2
24662, 2
24663, 4
24664, 2
24665, 4
24666, 3
24667, 1
24668, 2
24669, 2
24670, 2
24671, 2
24672, 2
24673, 4
24674, 4
24675, 1
24676, 1
24677, 3
24678, 0
24679, 1
24680, 2
24681, 0
24682, 0
24683, 2
24684, 2
24685, 2
24686, 2
24687, 4
24688, 4
24689, 2
24690, 4
24691, 2
24692, 2
24693, 1
24694, 2
24695, 2
24696, 2
24697, 4
24698, 2
24699, 3
24700, 2
24701, 2
24702, 2
24703, 2
24704, 2
24705, 2
24706, 2
24707, 3
24708, 3
24709, 1
24710, 1
24711, 4
24712, 4
24713, 1
24714, 4
24715, 2
24716, 2
24717, 2
24718, 3
24719, 2
24720, 2
24721, 1
24722, 3
24723, 2
24724, 2
24725, 2
24726, 2
24727, 4
24728, 3
24729, 2
24730, 2
24731, 1
24732, 2
24733, 2
24734, 2
24735, 2
24736, 2
24737, 2
24738, 2
24739, 3
24740, 2
24741, 4
24742, 2
24743, 4
24744, 4
24745, 2
24746, 2
24747, 4
24748, 2
24749, 4
24750, 2
24751, 0
24752, 2
24753, 2
24754, 3
24755, 2
24756, 4
24757, 4
24758, 2
24759, 2
24760, 3
24761, 2
24762, 4
24763, 4
24764, 4
24765, 2
24766, 2
24767, 2
24768, 2
24769, 2
24770, 4
24771, 4
24772, 2
24773, 2
24774, 3
24775, 2
24776, 2
24777, 2
24778, 3
24779, 4
24780, 4
24781, 2
24782, 4
24783, 4
24784, 2
24785, 2
24786, 2
24787, 4
24788, 2
24789, 2
24790, 2
24791, 2
24792, 0
24793, 2
24794, 2
24795, 4
24796, 4
24797, 4
24798, 3
24799, 4
24800, 3
24801, 3
24802, 2
24803, 2
24804, 4
24805, 3
24806, 2
24807, 2
24808, 2
24809, 2
24810, 3
24811, 4
24812, 2
24813, 2
24814, 2
24815, 2
24816, 2
24817, 2
24818, 2
24819, 2
24820, 4
24821, 2
24822, 4
24823, 2
24824, 2
24825, 2
24826, 2
24827, 4
24828, 0
24829, 2
24830, 2
24831, 4
24832, 3
24833, 4
24834, 4
24835, 4
24836, 2
24837, 2
24838, 4
24839, 4
24840, 2
24841, 2
24842, 4
24843, 4
24844, 2
24845, 2
24846, 4
24847, 2
24848, 2
24849, 2
24850, 2
24851, 2
24852, 4
24853, 2
24854, 4
24855, 2
24856, 0
24857, 4
24858, 4
24859, 4
24860, 2
24861, 3
24862, 3
24863, 0
24864, 2
24865, 2
24866, 3
24867, 0
24868, 4
24869, 3
24870, 3
24871, 2
24872, 0
24873, 0
24874, 0
24875, 3
24876, 0
24877, 3
24878, 0
24879, 2
24880, 2
24881, 0
24882, 4
24883, 2
24884, 1
24885, 2
24886, 4
24887, 0
24888, 3
24889, 1
24890, 2
24891, 2
24892, 4
24893, 1
24894, 3
24895, 2
24896, 4
24897, 2
24898, 0
24899, 3
24900, 2
24901, 0
24902, 2
24903, 2
24904, 0
24905, 0
24906, 2
24907, 0
24908, 3
24909, 0
24910, 4
24911, 0
24912, 4
24913, 0
24914, 3
24915, 0
24916, 2
24917, 0
24918, 2
24919, 3
24920, 3
24921, 2
24922, 3
24923, 3
24924, 3
24925, 2
24926, 2
24927, 4
24928, 3
24929, 2
24930, 3
24931, 2
24932, 0
24933, 2
24934, 0
24935, 2
24936, 0
24937, 0
24938, 2
24939, 3
24940, 2
24941, 0
24942, 2
24943, 1
24944, 2
24945, 2
24946, 1
24947, 2
24948, 2
24949, 2
24950, 3
24951, 2
24952, 2
24953, 4
24954, 3
24955, 3
24956, 4
24957, 2
24958, 2
24959, 3
24960, 4
24961, 2
24962, 2
24963, 2
24964, 2
24965, 4
24966, 4
24967, 2
24968, 2
24969, 2
24970, 3
24971, 4
24972, 4
24973, 2
24974, 1
24975, 1
24976, 2
24977, 2
24978, 4
24979, 2
24980, 2
24981, 2
24982, 4
24983, 2
24984, 4
24985, 4
24986, 2
24987, 0
24988, 3
24989, 4
24990, 2
24991, 2
24992, 4
24993, 4
24994, 0
24995, 4
24996, 4
24997, 2
24998, 4
24999, 4
25000, 4
25001, 4
25002, 2
25003, 1
25004, 4
25005, 4
25006, 1
25007, 2
25008, 4
25009, 4
25010, 2
25011, 2
25012, 4
25013, 2
25014, 2
25015, 2
25016, 2
25017, 2
25018, 0
25019, 2
25020, 2
25021, 4
25022, 2
25023, 1
25024, 2
25025, 2
25026, 2
25027, 2
25028, 2
25029, 2
25030, 2
25031, 4
25032, 4
25033, 2
25034, 2
25035, 2
25036, 2
25037, 2
25038, 2
25039, 2
25040, 4
25041, 2
25042, 2
25043, 4
25044, 2
25045, 4
25046, 2
25047, 2
25048, 4
25049, 2
25050, 2
25051, 2
25052, 4
25053, 4
25054, 2
25055, 4
25056, 4
25057, 4
25058, 2
25059, 4
25060, 2
25061, 4
25062, 4
25063, 4
25064, 2
25065, 4
25066, 4
25067, 0
25068, 4
25069, 4
25070, 4
25071, 2
25072, 2
25073, 2
25074, 2
25075, 4
25076, 4
25077, 2
25078, 2
25079, 4
25080, 4
25081, 4
25082, 4
25083, 2
25084, 2
25085, 4
25086, 4
25087, 2
25088, 2
25089, 4
25090, 4
25091, 4
25092, 2
25093, 2
25094, 4
25095, 4
25096, 4
25097, 1
25098, 3
25099, 4
25100, 2
25101, 4
25102, 2
25103, 2
25104, 2
25105, 3
25106, 2
25107, 4
25108, 2
25109, 4
25110, 2
25111, 0
25112, 2
25113, 2
25114, 4
25115, 4
25116, 2
25117, 2
25118, 2
25119, 2
25120, 2
25121, 1
25122, 2
25123, 2
25124, 2
25125, 2
25126, 2
25127, 1
25128, 2
25129, 1
25130, 2
25131, 3
25132, 2
25133, 4
25134, 4
25135, 2
25136, 4
25137, 4
25138, 3
25139, 4
25140, 2
25141, 2
25142, 4
25143, 3
25144, 3
25145, 2
25146, 2
25147, 3
25148, 4
25149, 2
25150, 4
25151, 3
25152, 2
25153, 4
25154, 2
25155, 3
25156, 3
25157, 4
25158, 4
25159, 2
25160, 4
25161, 4
25162, 2
25163, 3
25164, 3
25165, 0
25166, 2
25167, 2
25168, 2
25169, 2
25170, 2
25171, 3
25172, 4
25173, 2
25174, 2
25175, 4
25176, 4
25177, 4
25178, 2
25179, 4
25180, 1
25181, 0
25182, 4
25183, 2
25184, 4
25185, 4
25186, 2
25187, 2
25188, 3
25189, 2
25190, 2
25191, 4
25192, 0
25193, 3
25194, 3
25195, 4
25196, 2
25197, 4
25198, 4
25199, 3
25200, 3
25201, 4
25202, 3
25203, 2
25204, 1
25205, 4
25206, 0
25207, 0
25208, 0
25209, 0
25210, 3
25211, 4
25212, 4
25213, 3
25214, 4
25215, 0
25216, 3
25217, 4
25218, 4
25219, 0
25220, 4
25221, 4
25222, 4
25223, 4
25224, 4
25225, 3
25226, 3
25227, 3
25228, 3
25229, 3
25230, 4
25231, 4
25232, 3
25233, 4
25234, 3
25235, 3
25236, 4
25237, 0
25238, 4
25239, 4
25240, 2
25241, 1
25242, 4
25243, 4
25244, 1
25245, 0
25246, 4
25247, 4
25248, 4
25249, 0
25250, 3
25251, 4
25252, 4
25253, 4
25254, 4
25255, 4
25256, 0
25257, 4
25258, 3
25259, 0
25260, 4
25261, 4
25262, 2
25263, 3
25264, 0
25265, 3
25266, 4
25267, 4
25268, 3
25269, 0
25270, 4
25271, 1
25272, 4
25273, 4
25274, 0
25275, 4
25276, 3
25277, 3
25278, 4
25279, 4
25280, 4
25281, 4
25282, 4
25283, 4
25284, 2
25285, 4
25286, 4
25287, 3
25288, 3
25289, 4
25290, 4
25291, 4
25292, 3
25293, 3
25294, 3
25295, 4
25296, 4
25297, 4
25298, 4
25299, 4
25300, 0
25301, 4
25302, 4
25303, 4
25304, 3
25305, 4
25306, 3
25307, 0
25308, 3
25309, 4
25310, 4
25311, 0
25312, 4
25313, 4
25314, 2
25315, 4
25316, 4
25317, 4
25318, 1
25319, 3
25320, 3
25321, 4
25322, 4
25323, 4
25324, 1
25325, 0
25326, 4
25327, 4
25328, 4
25329, 3
25330, 0
25331, 4
25332, 4
25333, 2
25334, 2
25335, 0
25336, 2
25337, 1
25338, 2
25339, 2
25340, 4
25341, 2
25342, 4
25343, 4
25344, 3
25345, 2
25346, 4
25347, 2
25348, 1
25349, 2
25350, 2
25351, 2
25352, 3
25353, 4
25354, 1
25355, 4
25356, 2
25357, 2
25358, 2
25359, 1
25360, 2
25361, 1
25362, 2
25363, 1
25364, 4
25365, 0
25366, 4
25367, 2
25368, 0
25369, 1
25370, 4
25371, 2
25372, 1
25373, 2
25374, 0
25375, 3
25376, 1
25377, 0
25378, 3
25379, 4
25380, 2
25381, 2
25382, 2
25383, 2
25384, 3
25385, 1
25386, 2
25387, 1
25388, 1
25389, 4
25390, 4
25391, 1
25392, 2
25393, 2
25394, 2
25395, 2
25396, 1
25397, 2
25398, 1
25399, 2
25400, 2
25401, 4
25402, 3
25403, 4
25404, 4
25405, 1
25406, 4
25407, 2
25408, 4
25409, 1
25410, 4
25411, 2
25412, 1
25413, 3
25414, 4
25415, 2
25416, 2
25417, 2
25418, 2
25419, 2
25420, 0
25421, 0
25422, 1
25423, 4
25424, 3
25425, 1
25426, 1
25427, 2
25428, 1
25429, 1
25430, 1
25431, 1
25432, 1
25433, 1
25434, 1
25435, 2
25436, 2
25437, 2
25438, 2
25439, 1
25440, 2
25441, 1
25442, 2
25443, 4
25444, 2
25445, 1
25446, 2
25447, 4
25448, 1
25449, 4
25450, 0
25451, 4
25452, 1
25453, 2
25454, 3
25455, 3
25456, 3
25457, 4
25458, 2
25459, 2
25460, 2
25461, 2
25462, 2
25463, 2
25464, 3
25465, 2
25466, 3
25467, 0
25468, 1
25469, 2
25470, 2
25471, 2
25472, 3
25473, 2
25474, 4
25475, 3
25476, 1
25477, 2
25478, 0
25479, 2
25480, 2
25481, 4
25482, 3
25483, 2
25484, 1
25485, 2
25486, 3
25487, 0
25488, 2
25489, 2
25490, 2
25491, 2
25492, 3
25493, 3
25494, 2
25495, 2
25496, 1
25497, 3
25498, 0
25499, 1
25500, 0
25501, 3
25502, 1
25503, 3
25504, 2
25505, 1
25506, 3
25507, 0
25508, 1
25509, 2
25510, 2
25511, 2
25512, 3
25513, 3
25514, 3
25515, 0
25516, 2
25517, 2
25518, 1
25519, 2
25520, 4
25521, 1
25522, 2
25523, 3
25524, 2
25525, 2
25526, 1
25527, 2
25528, 3
25529, 3
25530, 0
25531, 2
25532, 3
25533, 3
25534, 4
25535, 3
25536, 1
25537, 3
25538, 3
25539, 0
25540, 2
25541, 3
25542, 2
25543, 3
25544, 1
25545, 2
25546, 3
25547, 2
25548, 2
25549, 2
25550, 3
25551, 3
25552, 3
25553, 1
25554, 4
25555, 1
25556, 3
25557, 2
25558, 3
25559, 3
25560, 2
25561, 2
25562, 3
25563, 2
25564, 4
25565, 4
25566, 2
25567, 2
25568, 3
25569, 2
25570, 2
25571, 2
25572, 2
25573, 4
25574, 3
25575, 3
25576, 2
25577, 0
25578, 2
25579, 3
25580, 3
25581, 2
25582, 2
25583, 3
25584, 2
25585, 2
25586, 2
25587, 2
25588, 3
25589, 3
25590, 3
25591, 2
25592, 2
25593, 2
25594, 4
25595, 3
25596, 4
25597, 2
25598, 2
25599, 3
25600, 4
25601, 3
25602, 3
25603, 3
25604, 3
25605, 4
25606, 2
25607, 3
25608, 3
25609, 2
25610, 4
25611, 0
25612, 2
25613, 2
25614, 4
25615, 2
25616, 4
25617, 2
25618, 2
25619, 3
25620, 2
25621, 3
25622, 0
25623, 4
25624, 0
25625, 2
25626, 3
25627, 4
25628, 2
25629, 2
25630, 2
25631, 2
25632, 3
25633, 4
25634, 4
25635, 2
25636, 2
25637, 3
25638, 0
25639, 3
25640, 2
25641, 2
25642, 3
25643, 0
25644, 3
25645, 3
25646, 4
25647, 0
25648, 4
25649, 4
25650, 2
25651, 3
25652, 0
25653, 0
25654, 0
25655, 2
25656, 0
25657, 2
25658, 3
25659, 2
25660, 3
25661, 2
25662, 3
25663, 3
25664, 2
25665, 4
25666, 2
25667, 2
25668, 2
25669, 2
25670, 4
25671, 2
25672, 3
25673, 2
25674, 2
25675, 4
25676, 2
25677, 2
25678, 2
25679, 4
25680, 2
25681, 4
25682, 2
25683, 2
25684, 4
25685, 2
25686, 2
25687, 2
25688, 0
25689, 2
25690, 2
25691, 3
25692, 2
25693, 2
25694, 2
25695, 3
25696, 4
25697, 2
25698, 2
25699, 4
25700, 3
25701, 3
25702, 3
25703, 2
25704, 3
25705, 3
25706, 2
25707, 2
25708, 2
25709, 2
25710, 2
25711, 2
25712, 2
25713, 2
25714, 2
25715, 4
25716, 2
25717, 2
25718, 2
25719, 4
25720, 3
25721, 2
25722, 1
25723, 2
25724, 2
25725, 4
25726, 2
25727, 2
25728, 2
25729, 2
25730, 2
25731, 2
25732, 2
25733, 4
25734, 2
25735, 3
25736, 2
25737, 3
25738, 3
25739, 2
25740, 1
25741, 0
25742, 3
25743, 2
25744, 3
25745, 3
25746, 3
25747, 2
25748, 3
25749, 3
25750, 3
25751, 0
25752, 3
25753, 3
25754, 3
25755, 4
25756, 3
25757, 4
25758, 3
25759, 2
25760, 3
25761, 1
25762, 3
25763, 3
25764, 3
25765, 3
25766, 3
25767, 3
25768, 3
25769, 2
25770, 4
25771, 2
25772, 3
25773, 3
25774, 0
25775, 3
25776, 3
25777, 3
25778, 2
25779, 2
25780, 3
25781, 1
25782, 3
25783, 3
25784, 3
25785, 4
25786, 4
25787, 3
25788, 3
25789, 4
25790, 3
25791, 2
25792, 0
25793, 1
25794, 4
25795, 3
25796, 2
25797, 3
25798, 3
25799, 3
25800, 3
25801, 3
25802, 3
25803, 4
25804, 3
25805, 2
25806, 2
25807, 3
25808, 2
25809, 3
25810, 3
25811, 1
25812, 3
25813, 2
25814, 3
25815, 1
25816, 3
25817, 3
25818, 3
25819, 0
25820, 4
25821, 3
25822, 3
25823, 3
25824, 2
25825, 2
25826, 3
25827, 3
25828, 0
25829, 2
25830, 2
25831, 3
25832, 3
25833, 3
25834, 2
25835, 3
25836, 3
25837, 2
25838, 3
25839, 1
25840, 3
25841, 3
25842, 2
25843, 1
25844, 1
25845, 1
25846, 3
25847, 1
25848, 2
25849, 2
25850, 3
25851, 3
25852, 3
25853, 3
25854, 1
25855, 3
25856, 4
25857, 3
25858, 3
25859, 3
25860, 3
25861, 2
25862, 1
25863, 0
25864, 3
25865, 1
25866, 0
25867, 3
25868, 3
25869, 2
25870, 2
25871, 4
25872, 1
25873, 1
25874, 3
25875, 3
25876, 2
25877, 3
25878, 1
25879, 3
25880, 3
25881, 0
25882, 3
25883, 3
25884, 1
25885, 0
25886, 4
25887, 3
25888, 3
25889, 3
25890, 3
25891, 0
25892, 3
25893, 1
25894, 3
25895, 2
25896, 3
25897, 1
25898, 2
25899, 3
25900, 2
25901, 2
25902, 1
25903, 2
25904, 3
25905, 2
25906, 0
25907, 2
25908, 4
25909, 2
25910, 2
25911, 2
25912, 4
25913, 2
25914, 4
25915, 4
25916, 2
25917, 4
25918, 2
25919, 4
25920, 4
25921, 2
25922, 2
25923, 4
25924, 1
25925, 4
25926, 2
25927, 1
25928, 2
25929, 4
25930, 4
25931, 2
25932, 1
25933, 2
25934, 4
25935, 4
25936, 2
25937, 2
25938, 4
25939, 4
25940, 2
25941, 2
25942, 4
25943, 4
25944, 4
25945, 2
25946, 4
25947, 4
25948, 4
25949, 2
25950, 2
25951, 2
25952, 4
25953, 2
25954, 4
25955, 4
25956, 2
25957, 1
25958, 4
25959, 3
25960, 2
25961, 2
25962, 4
25963, 3
25964, 3
25965, 4
25966, 4
25967, 4
25968, 2
25969, 2
25970, 4
25971, 2
25972, 2
25973, 2
25974, 4
25975, 4
25976, 1
25977, 2
25978, 2
25979, 4
25980, 4
25981, 4
25982, 1
25983, 4
25984, 4
25985, 1
25986, 4
25987, 4
25988, 4
25989, 2
25990, 4
25991, 4
25992, 1
25993, 4
25994, 2
25995, 1
25996, 4
25997, 4
25998, 4
25999, 2
26000, 2
26001, 2
26002, 2
26003, 4
26004, 4
26005, 2
26006, 4
26007, 2
26008, 2
26009, 0
26010, 2
26011, 4
26012, 2
26013, 2
26014, 2
26015, 4
26016, 4
26017, 2
26018, 2
26019, 2
26020, 4
26021, 4
26022, 4
26023, 2
26024, 2
26025, 2
26026, 4
26027, 3
26028, 2
26029, 1
26030, 2
26031, 4
26032, 4
26033, 4
26034, 1
26035, 4
26036, 2
26037, 2
26038, 4
26039, 1
26040, 4
26041, 2
26042, 1
26043, 2
26044, 4
26045, 2
26046, 1
26047, 2
26048, 4
26049, 1
26050, 0
26051, 4
26052, 1
26053, 4
26054, 3
26055, 3
26056, 4
26057, 0
26058, 2
26059, 4
26060, 1
26061, 4
26062, 4
26063, 2
26064, 2
26065, 3
26066, 4
26067, 2
26068, 1
26069, 4
26070, 2
26071, 4
26072, 2
26073, 2
26074, 2
26075, 2
26076, 2
26077, 4
26078, 4
26079, 4
26080, 4
26081, 4
26082, 2
26083, 4
26084, 1
26085, 2
26086, 2
26087, 4
26088, 2
26089, 2
26090, 4
26091, 2
26092, 4
26093, 2
26094, 4
26095, 4
26096, 4
26097, 3
26098, 2
26099, 2
26100, 2
26101, 3
26102, 2
26103, 2
26104, 2
26105, 2
26106, 2
26107, 2
26108, 4
26109, 2
26110, 4
26111, 1
26112, 4
26113, 2
26114, 4
26115, 2
26116, 4
26117, 1
26118, 2
26119, 2
26120, 4
26121, 4
26122, 4
26123, 2
26124, 4
26125, 0
26126, 4
26127, 0
26128, 4
26129, 2
26130, 4
26131, 4
26132, 3
26133, 2
26134, 2
26135, 4
26136, 4
26137, 4
26138, 2
26139, 2
26140, 2
26141, 4
26142, 2
26143, 2
26144, 2
26145, 4
26146, 1
26147, 4
26148, 1
26149, 2
26150, 2
26151, 4
26152, 2
26153, 2
26154, 1
26155, 4
26156, 4
26157, 4
26158, 2
26159, 2
26160, 4
26161, 2
26162, 1
26163, 4
26164, 2
26165, 2
26166, 4
26167, 4
26168, 4
26169, 4
26170, 4
26171, 2
26172, 4
26173, 4
26174, 4
26175, 2
26176, 4
26177, 2
26178, 4
26179, 2
26180, 4
26181, 1
26182, 4
26183, 2
26184, 4
26185, 1
26186, 2
26187, 4
26188, 2
26189, 2
26190, 3
26191, 4
26192, 2
26193, 4
26194, 4
26195, 0
26196, 4
26197, 3
26198, 3
26199, 4
26200, 4
26201, 4
26202, 2
26203, 2
26204, 2
26205, 4
26206, 4
26207, 4
26208, 4
26209, 2
26210, 4
26211, 4
26212, 4
26213, 4
26214, 4
26215, 2
26216, 2
26217, 4
26218, 2
26219, 2
26220, 4
26221, 4
26222, 2
26223, 2
26224, 2
26225, 4
26226, 4
26227, 2
26228, 2
26229, 4
26230, 3
26231, 2
26232, 4
26233, 0
26234, 2
26235, 1
26236, 2
26237, 0
26238, 3
26239, 4
26240, 4
26241, 2
26242, 2
26243, 1
26244, 4
26245, 4
26246, 4
26247, 2
26248, 2
26249, 4
26250, 2
26251, 3
26252, 2
26253, 4
26254, 2
26255, 4
26256, 2
26257, 2
26258, 2
26259, 1
26260, 2
26261, 4
26262, 4
26263, 4
26264, 2
26265, 4
26266, 4
26267, 2
26268, 2
26269, 4
26270, 4
26271, 1
26272, 2
26273, 2
26274, 4
26275, 4
26276, 2
26277, 2
26278, 2
26279, 2
26280, 4
26281, 3
26282, 2
26283, 2
26284, 2
26285, 2
26286, 2
26287, 4
26288, 4
26289, 2
26290, 2
26291, 2
26292, 4
26293, 2
26294, 0
26295, 2
26296, 1
26297, 4
26298, 4
26299, 2
26300, 4
26301, 4
26302, 4
26303, 2
26304, 4
26305, 2
26306, 4
26307, 4
26308, 2
26309, 2
26310, 2
26311, 4
26312, 4
26313, 4
26314, 1
26315, 2
26316, 4
26317, 4
26318, 2
26319, 4
26320, 4
26321, 4
26322, 2
26323, 4
26324, 2
26325, 4
26326, 2
26327, 4
26328, 3
26329, 2
26330, 2
26331, 2
26332, 4
26333, 2
26334, 2
26335, 2
26336, 2
26337, 0
26338, 4
26339, 2
26340, 4
26341, 2
26342, 4
26343, 4
26344, 2
26345, 2
26346, 4
26347, 2
26348, 2
26349, 1
26350, 2
26351, 4
26352, 4
26353, 2
26354, 2
26355, 4
26356, 4
26357, 4
26358, 2
26359, 2
26360, 2
26361, 3
26362, 2
26363, 4
26364, 2
26365, 4
26366, 2
26367, 2
26368, 2
26369, 2
26370, 2
26371, 4
26372, 2
26373, 2
26374, 4
26375, 4
26376, 2
26377, 4
26378, 2
26379, 3
26380, 4
26381, 4
26382, 4
26383, 4
26384, 2
26385, 2
26386, 2
26387, 2
26388, 4
26389, 4
26390, 2
26391, 3
26392, 2
26393, 2
26394, 2
26395, 2
26396, 1
26397, 4
26398, 2
26399, 1
26400, 2
26401, 4
26402, 3
26403, 2
26404, 4
26405, 3
26406, 2
26407, 2
26408, 2
26409, 2
26410, 2
26411, 4
26412, 1
26413, 2
26414, 4
26415, 2
26416, 4
26417, 2
26418, 2
26419, 2
26420, 2
26421, 4
26422, 3
26423, 1
26424, 2
26425, 2
26426, 4
26427, 2
26428, 4
26429, 4
26430, 4
26431, 2
26432, 2
26433, 4
26434, 2
26435, 4
26436, 4
26437, 4
26438, 2
26439, 4
26440, 4
26441, 4
26442, 1
26443, 4
26444, 4
26445, 2
26446, 4
26447, 2
26448, 4
26449, 4
26450, 2
26451, 1
26452, 4
26453, 2
26454, 4
26455, 2
26456, 4
26457, 4
26458, 4
26459, 2
26460, 4
26461, 2
26462, 3
26463, 2
26464, 2
26465, 4
26466, 3
26467, 4
26468, 4
26469, 2
26470, 4
26471, 2
26472, 1
26473, 2
26474, 2
26475, 2
26476, 2
26477, 2
26478, 2
26479, 4
26480, 4
26481, 4
26482, 2
26483, 2
26484, 4
26485, 2
26486, 1
26487, 2
26488, 4
26489, 1
26490, 4
26491, 2
26492, 4
26493, 1
26494, 2
26495, 2
26496, 4
26497, 2
26498, 2
26499, 2
26500, 4
26501, 2
26502, 4
26503, 2
26504, 2
26505, 2
26506, 2
26507, 1
26508, 2
26509, 2
26510, 4
26511, 1
26512, 4
26513, 2
26514, 4
26515, 3
26516, 3
26517, 3
26518, 4
26519, 2
26520, 4
26521, 2
26522, 2
26523, 4
26524, 4
26525, 4
26526, 4
26527, 4
26528, 4
26529, 2
26530, 4
26531, 2
26532, 2
26533, 2
26534, 4
26535, 2
26536, 2
26537, 4
26538, 3
26539, 1
26540, 2
26541, 4
26542, 2
26543, 2
26544, 4
26545, 1
26546, 4
26547, 2
26548, 4
26549, 4
26550, 4
26551, 2
26552, 2
26553, 4
26554, 2
26555, 2
26556, 1
26557, 4
26558, 4
26559, 4
26560, 4
26561, 2
26562, 2
26563, 2
26564, 4
26565, 4
26566, 2
26567, 3
26568, 1
26569, 3
26570, 2
26571, 2
26572, 4
26573, 1
26574, 3
26575, 4
26576, 2
26577, 4
26578, 2
26579, 4
26580, 2
26581, 2
26582, 1
26583, 4
26584, 2
26585, 4
26586, 4
26587, 4
26588, 1
26589, 2
26590, 3
26591, 4
26592, 3
26593, 4
26594, 4
26595, 2
26596, 2
26597, 2
26598, 4
26599, 4
26600, 3
26601, 2
26602, 1
26603, 4
26604, 2
26605, 3
26606, 4
26607, 2
26608, 4
26609, 4
26610, 2
26611, 2
26612, 2
26613, 2
26614, 2
26615, 4
26616, 2
26617, 2
26618, 2
26619, 2
26620, 4
26621, 2
26622, 4
26623, 4
26624, 2
26625, 2
26626, 2
26627, 2
26628, 4
26629, 4
26630, 4
26631, 4
26632, 3
26633, 4
26634, 2
26635, 4
26636, 1
26637, 2
26638, 3
26639, 2
26640, 2
26641, 4
26642, 1
26643, 3
26644, 1
26645, 2
26646, 4
26647, 2
26648, 4
26649, 2
26650, 4
26651, 2
26652, 4
26653, 2
26654, 4
26655, 2
26656, 0
26657, 4
26658, 1
26659, 2
26660, 4
26661, 4
26662, 1
26663, 4
26664, 2
26665, 4
26666, 1
26667, 2
26668, 3
26669, 2
26670, 2
26671, 4
26672, 4
26673, 2
26674, 2
26675, 2
26676, 2
26677, 2
26678, 3
26679, 3
26680, 3
26681, 2
26682, 0
26683, 2
26684, 1
26685, 4
26686, 2
26687, 2
26688, 3
26689, 2
26690, 4
26691, 2
26692, 4
26693, 4
26694, 4
26695, 2
26696, 2
26697, 3
26698, 2
26699, 2
26700, 2
26701, 2
26702, 2
26703, 2
26704, 2
26705, 4
26706, 2
26707, 2
26708, 4
26709, 1
26710, 4
26711, 4
26712, 2
26713, 1
26714, 2
26715, 2
26716, 2
26717, 4
26718, 4
26719, 4
26720, 2
26721, 2
26722, 2
26723, 2
26724, 2
26725, 2
26726, 2
26727, 0
26728, 2
26729, 2
26730, 4
26731, 2
26732, 2
26733, 4
26734, 4
26735, 4
26736, 2
26737, 2
26738, 2
26739, 4
26740, 2
26741, 2
26742, 2
26743, 3
26744, 4
26745, 4
26746, 4
26747, 2
26748, 4
26749, 4
26750, 4
26751, 2
26752, 4
26753, 2
26754, 4
26755, 2
26756, 4
26757, 4
26758, 4
26759, 2
26760, 2
26761, 2
26762, 1
26763, 1
26764, 2
26765, 1
26766, 1
26767, 3
26768, 2
26769, 4
26770, 1
26771, 1
26772, 2
26773, 4
26774, 2
26775, 2
26776, 4
26777, 2
26778, 3
26779, 2
26780, 4
26781, 3
26782, 4
26783, 2
26784, 1
26785, 3
26786, 1
26787, 2
26788, 2
26789, 1
26790, 3
26791, 4
26792, 4
26793, 4
26794, 2
26795, 4
26796, 2
26797, 1
26798, 2
26799, 2
26800, 4
26801, 4
26802, 1
26803, 3
26804, 2
26805, 4
26806, 3
26807, 2
26808, 2
26809, 3
26810, 4
26811, 2
26812, 3
26813, 2
26814, 2
26815, 3
26816, 1
26817, 4
26818, 1
26819, 3
26820, 1
26821, 2
26822, 2
26823, 4
26824, 4
26825, 4
26826, 2
26827, 2
26828, 2
26829, 4
26830, 2
26831, 3
26832, 3
26833, 1
26834, 3
26835, 3
26836, 1
26837, 4
26838, 2
26839, 4
26840, 2
26841, 4
26842, 4
26843, 4
26844, 4
26845, 4
26846, 1
26847, 2
26848, 2
26849, 2
26850, 2
26851, 3
26852, 2
26853, 3
26854, 1
26855, 1
26856, 4
26857, 1
26858, 3
26859, 3
26860, 4
26861, 1
26862, 2
26863, 4
26864, 2
26865, 2
26866, 2
26867, 2
26868, 2
26869, 3
26870, 4
26871, 3
26872, 4
26873, 4
26874, 2
26875, 2
26876, 4
26877, 2
26878, 1
26879, 2
26880, 3
26881, 4
26882, 3
26883, 4
26884, 3
26885, 0
26886, 3
26887, 2
26888, 3
26889, 2
26890, 2
26891, 2
26892, 2
26893, 2
26894, 4
26895, 4
26896, 1
26897, 3
26898, 3
26899, 1
26900, 2
26901, 4
26902, 4
26903, 3
26904, 0
26905, 3
26906, 4
26907, 4
26908, 1
26909, 4
26910, 4
26911, 3
26912, 3
26913, 4
26914, 1
26915, 2
26916, 0
26917, 4
26918, 3
26919, 2
26920, 1
26921, 2
26922, 2
26923, 1
26924, 1
26925, 1
26926, 4
26927, 2
26928, 3
26929, 2
26930, 2
26931, 4
26932, 2
26933, 2
26934, 1
26935, 3
26936, 2
26937, 3
26938, 3
26939, 3
26940, 1
26941, 2
26942, 4
26943, 1
26944, 2
26945, 3
26946, 4
26947, 1
26948, 0
26949, 3
26950, 1
26951, 4
26952, 1
26953, 4
26954, 3
26955, 2
26956, 2
26957, 1
26958, 2
26959, 4
26960, 2
26961, 1
26962, 1
26963, 2
26964, 4
26965, 3
26966, 3
26967, 4
26968, 2
26969, 1
26970, 2
26971, 4
26972, 4
26973, 4
26974, 4
26975, 4
26976, 3
26977, 3
26978, 4
26979, 1
26980, 2
26981, 2
26982, 2
26983, 2
26984, 4
26985, 2
26986, 4
26987, 1
26988, 1
26989, 3
26990, 1
26991, 2
26992, 2
26993, 1
26994, 1
26995, 3
26996, 2
26997, 2
26998, 2
26999, 4
27000, 2
27001, 2
27002, 1
27003, 3
27004, 2
27005, 4
27006, 2
27007, 1
27008, 1
27009, 2
27010, 4
27011, 4
27012, 1
27013, 2
27014, 1
27015, 2
27016, 2
27017, 3
27018, 4
27019, 1
27020, 3
27021, 4
27022, 4
27023, 4
27024, 3
27025, 2
27026, 3
27027, 4
27028, 2
27029, 3
27030, 4
27031, 4
27032, 1
27033, 4
27034, 2
27035, 4
27036, 4
27037, 4
27038, 2
27039, 4
27040, 3
27041, 4
27042, 2
27043, 1
27044, 3
27045, 1
27046, 4
27047, 2
27048, 4
27049, 4
27050, 4
27051, 0
27052, 4
27053, 2
27054, 1
27055, 1
27056, 2
27057, 3
27058, 2
27059, 3
27060, 1
27061, 4
27062, 2
27063, 3
27064, 3
27065, 4
27066, 2
27067, 3
27068, 4
27069, 3
27070, 2
27071, 1
27072, 3
27073, 3
27074, 4
27075, 1
27076, 3
27077, 3
27078, 2
27079, 4
27080, 4
27081, 3
27082, 1
27083, 4
27084, 2
27085, 2
27086, 1
27087, 4
27088, 4
27089, 3
27090, 4
27091, 4
27092, 1
27093, 3
27094, 3
27095, 0
27096, 4
27097, 2
27098, 3
27099, 1
27100, 1
27101, 4
27102, 2
27103, 2
27104, 3
27105, 4
27106, 2
27107, 4
27108, 2
27109, 3
27110, 2
27111, 3
27112, 2
27113, 2
27114, 4
27115, 2
27116, 4
27117, 4
27118, 2
27119, 2
27120, 3
27121, 3
27122, 2
27123, 2
27124, 3
27125, 2
27126, 2
27127, 4
27128, 3
27129, 1
27130, 2
27131, 4
27132, 2
27133, 2
27134, 1
27135, 2
27136, 4
27137, 2
27138, 4
27139, 2
27140, 2
27141, 1
27142, 4
27143, 3
27144, 2
27145, 2
27146, 3
27147, 2
27148, 1
27149, 2
27150, 4
27151, 2
27152, 2
27153, 2
27154, 4
27155, 4
27156, 3
27157, 4
27158, 4
27159, 4
27160, 2
27161, 2
27162, 4
27163, 2
27164, 2
27165, 2
27166, 2
27167, 2
27168, 3
27169, 2
27170, 4
27171, 4
27172, 4
27173, 4
27174, 4
27175, 2
27176, 4
27177, 2
27178, 3
27179, 3
27180, 4
27181, 3
27182, 4
27183, 4
27184, 2
27185, 2
27186, 4
27187, 1
27188, 4
27189, 4
27190, 0
27191, 2
27192, 2
27193, 1
27194, 3
27195, 2
27196, 0
27197, 4
27198, 1
27199, 4
27200, 2
27201, 1
27202, 4
27203, 4
27204, 4
27205, 0
27206, 2
27207, 2
27208, 2
27209, 2
27210, 2
27211, 2
27212, 3
27213, 4
27214, 1
27215, 4
27216, 4
27217, 1
27218, 2
27219, 1
27220, 2
27221, 2
27222, 3
27223, 2
27224, 1
27225, 2
27226, 2
27227, 3
27228, 4
27229, 2
27230, 4
27231, 4
27232, 4
27233, 1
27234, 1
27235, 2
27236, 3
27237, 4
27238, 2
27239, 2
27240, 1
27241, 4
27242, 4
27243, 4
27244, 0
27245, 3
27246, 1
27247, 4
27248, 4
27249, 1
27250, 1
27251, 4
27252, 3
27253, 2
27254, 1
27255, 4
27256, 3
27257, 1
27258, 2
27259, 4
27260, 2
27261, 3
27262, 1
27263, 2
27264, 4
27265, 2
27266, 3
27267, 2
27268, 2
27269, 3
27270, 1
27271, 4
27272, 4
27273, 3
27274, 2
27275, 4
27276, 4
27277, 2
27278, 1
27279, 2
27280, 3
27281, 2
27282, 3
27283, 0
27284, 4
27285, 2
27286, 4
27287, 2
27288, 4
27289, 4
27290, 4
27291, 2
27292, 2
27293, 1
27294, 4
27295, 2
27296, 2
27297, 2
27298, 3
27299, 2
27300, 3
27301, 2
27302, 4
27303, 4
27304, 3
27305, 1
27306, 1
27307, 1
27308, 3
27309, 4
27310, 2
27311, 3
27312, 4
27313, 0
27314, 2
27315, 4
27316, 3
27317, 4
27318, 4
27319, 3
27320, 1
27321, 2
27322, 2
27323, 4
27324, 2
27325, 4
27326, 1
27327, 2
27328, 4
27329, 1
27330, 3
27331, 2
27332, 2
27333, 3
27334, 4
27335, 2
27336, 2
27337, 4
27338, 4
27339, 4
27340, 2
27341, 4
27342, 2
27343, 3
27344, 1
27345, 0
27346, 2
27347, 3
27348, 3
27349, 4
27350, 2
27351, 4
27352, 3
27353, 4
27354, 1
27355, 3
27356, 4
27357, 1
27358, 2
27359, 2
27360, 2
27361, 4
27362, 4
27363, 4
27364, 2
27365, 4
27366, 4
27367, 1
27368, 3
27369, 4
27370, 1
27371, 2
27372, 2
27373, 4
27374, 4
27375, 4
27376, 2
27377, 2
27378, 2
27379, 2
27380, 4
27381, 1
27382, 4
27383, 1
27384, 3
27385, 3
27386, 2
27387, 2
27388, 3
27389, 1
27390, 4
27391, 4
27392, 3
27393, 4
27394, 2
27395, 2
27396, 2
27397, 2
27398, 4
27399, 4
27400, 1
27401, 2
27402, 2
27403, 2
27404, 4
27405, 4
27406, 3
27407, 2
27408, 1
27409, 2
27410, 2
27411, 2
27412, 1
27413, 3
27414, 2
27415, 4
27416, 1
27417, 1
27418, 4
27419, 1
27420, 3
27421, 3
27422, 3
27423, 4
27424, 4
27425, 2
27426, 1
27427, 2
27428, 2
27429, 4
27430, 4
27431, 3
27432, 0
27433, 1
27434, 2
27435, 2
27436, 0
27437, 3
27438, 2
27439, 2
27440, 4
27441, 1
27442, 2
27443, 2
27444, 1
27445, 0
27446, 2
27447, 2
27448, 1
27449, 2
27450, 1
27451, 3
27452, 1
27453, 1
27454, 0
27455, 0
27456, 2
27457, 2
27458, 3
27459, 3
27460, 3
27461, 1
27462, 3
27463, 4
27464, 0
27465, 2
27466, 1
27467, 0
27468, 2
27469, 3
27470, 1
27471, 1
27472, 1
27473, 2
27474, 2
27475, 0
27476, 3
27477, 1
27478, 4
27479, 4
27480, 1
27481, 1
27482, 2
27483, 0
27484, 0
27485, 1
27486, 1
27487, 4
27488, 2
27489, 1
27490, 3
27491, 0
27492, 4
27493, 1
27494, 3
27495, 3
27496, 3
27497, 1
27498, 0
27499, 1
27500, 1
27501, 1
27502, 2
27503, 1
27504, 1
27505, 0
27506, 1
27507, 1
27508, 1
27509, 2
27510, 0
27511, 1
27512, 2
27513, 1
27514, 2
27515, 1
27516, 1
27517, 1
27518, 0
27519, 1
27520, 2
27521, 0
27522, 3
27523, 0
27524, 1
27525, 0
27526, 1
27527, 4
27528, 1
27529, 1
27530, 0
27531, 1
27532, 0
27533, 0
27534, 3
27535, 0
27536, 3
27537, 1
27538, 1
27539, 0
27540, 1
27541, 1
27542, 0
27543, 1
27544, 1
27545, 2
27546, 3
27547, 3
27548, 0
27549, 1
27550, 2
27551, 1
27552, 0
27553, 2
27554, 1
27555, 1
27556, 4
27557, 3
27558, 3
27559, 3
27560, 1
27561, 1
27562, 1
27563, 1
27564, 1
27565, 3
27566, 1
27567, 0
27568, 0
27569, 0
27570, 1
27571, 3
27572, 0
27573, 0
27574, 0
27575, 1
27576, 1
27577, 1
27578, 1
27579, 0
27580, 0
27581, 1
27582, 0
27583, 0
27584, 1
27585, 2
27586, 2
27587, 1
27588, 1
27589, 1
27590, 0
27591, 1
27592, 0
27593, 1
27594, 0
27595, 2
27596, 2
27597, 1
27598, 1
27599, 0
27600, 1
27601, 3
27602, 1
27603, 0
27604, 1
27605, 1
27606, 0
27607, 1
27608, 0
27609, 0
27610, 0
27611, 1
27612, 1
27613, 0
27614, 0
27615, 1
27616, 0
27617, 1
27618, 1
27619, 0
27620, 1
27621, 1
27622, 0
27623, 1
27624, 1
27625, 0
27626, 2
27627, 1
27628, 1
27629, 0
27630, 0
27631, 0
27632, 3
27633, 1
27634, 0
27635, 3
27636, 1
27637, 3
27638, 1
27639, 2
27640, 3
27641, 0
27642, 0
27643, 1
27644, 1
27645, 0
27646, 1
27647, 4
27648, 4
27649, 1
27650, 3
27651, 2
27652, 1
27653, 1
27654, 0
27655, 0
27656, 0
27657, 1
27658, 1
27659, 1
27660, 1
27661, 1
27662, 1
27663, 1
27664, 1
27665, 1
27666, 1
27667, 1
27668, 0
27669, 4
27670, 4
27671, 0
27672, 1
27673, 3
27674, 1
27675, 0
27676, 0
27677, 0
27678, 0
27679, 1
27680, 0
27681, 1
27682, 0
27683, 0
27684, 1
27685, 4
27686, 2
27687, 1
27688, 1
27689, 2
27690, 2
27691, 4
27692, 1
27693, 3
27694, 1
27695, 1
27696, 1
27697, 1
27698, 1
27699, 0
27700, 2
27701, 2
27702, 4
27703, 1
27704, 0
27705, 0
27706, 3
27707, 1
27708, 1
27709, 3
27710, 1
27711, 0
27712, 1
27713, 1
27714, 0
27715, 1
27716, 1
27717, 1
27718, 1
27719, 3
27720, 1
27721, 3
27722, 1
27723, 4
27724, 3
27725, 1
27726, 3
27727, 1
27728, 0
27729, 0
27730, 0
27731, 1
27732, 0
27733, 1
27734, 0
27735, 4
27736, 1
27737, 1
27738, 1
27739, 1
27740, 1
27741, 1
27742, 1
27743, 1
27744, 1
27745, 2
27746, 0
27747, 3
27748, 1
27749, 0
27750, 1
27751, 1
27752, 1
27753, 2
27754, 2
27755, 1
27756, 2
27757, 1
27758, 1
27759, 4
27760, 0
27761, 0
27762, 0
27763, 4
27764, 0
27765, 3
27766, 0
27767, 1
27768, 1
27769, 2
27770, 0
27771, 1
27772, 1
27773, 2
27774, 2
27775, 1
27776, 0
27777, 0
27778, 2
27779, 2
27780, 3
27781, 0
27782, 0
27783, 4
27784, 1
27785, 2
27786, 3
27787, 0
27788, 1
27789, 0
27790, 3
27791, 4
27792, 2
27793, 3
27794, 0
27795, 0
27796, 1
27797, 4
27798, 2
27799, 0
27800, 3
27801, 0
27802, 1
27803, 2
27804, 0
27805, 4
27806, 3
27807, 4
27808, 1
27809, 0
27810, 2
27811, 1
27812, 2
27813, 3
27814, 2
27815, 4
27816, 2
27817, 3
27818, 1
27819, 0
27820, 3
27821, 3
27822, 0
27823, 3
27824, 2
27825, 2
27826, 2
27827, 2
27828, 0
27829, 0
27830, 4
27831, 4
27832, 3
27833, 0
27834, 0
27835, 0
27836, 4
27837, 2
27838, 3
27839, 4
27840, 2
27841, 0
27842, 1
27843, 1
27844, 2
27845, 4
27846, 3
27847, 1
27848, 1
27849, 1
27850, 4
27851, 2
27852, 1
27853, 0
27854, 0
27855, 0
27856, 3
27857, 1
27858, 0
27859, 2
27860, 2
27861, 2
27862, 4
27863, 0
27864, 2
27865, 2
27866, 3
27867, 0
27868, 1
27869, 3
27870, 1
27871, 2
27872, 1
27873, 4
27874, 0
27875, 2
27876, 1
27877, 0
27878, 0
27879, 2
27880, 0
27881, 0
27882, 2
27883, 0
27884, 3
27885, 1
27886, 0
27887, 3
27888, 1
27889, 0
27890, 2
27891, 4
27892, 3
27893, 3
27894, 2
27895, 2
27896, 3
27897, 0
27898, 3
27899, 2
27900, 0
27901, 0
27902, 2
27903, 4
27904, 0
27905, 1
27906, 0
27907, 0
27908, 0
27909, 3
27910, 3
27911, 2
27912, 0
27913, 4
27914, 3
27915, 1
27916, 2
27917, 1
27918, 3
27919, 3
27920, 2
27921, 0
27922, 3
27923, 0
27924, 4
27925, 4
27926, 2
27927, 2
27928, 1
27929, 2
27930, 0
27931, 4
27932, 4
27933, 0
27934, 3
27935, 1
27936, 4
27937, 0
27938, 2
27939, 1
27940, 2
27941, 3
27942, 0
27943, 2
27944, 2
27945, 0
27946, 0
27947, 4
27948, 0
27949, 1
27950, 3
27951, 0
27952, 1
27953, 0
27954, 1
27955, 0
27956, 0
27957, 2
27958, 0
27959, 4
27960, 3
27961, 3
27962, 2
27963, 2
27964, 1
27965, 2
27966, 1
27967, 1
27968, 1
27969, 3
27970, 2
27971, 3
27972, 0
27973, 0
27974, 3
27975, 0
27976, 3
27977, 1
27978, 1
27979, 1
27980, 3
27981, 0
27982, 2
27983, 0
27984, 1
27985, 2
27986, 1
27987, 1
27988, 0
27989, 3
27990, 0
27991, 2
27992, 3
27993, 1
27994, 2
27995, 2
27996, 0
27997, 2
27998, 3
27999, 2
28000, 4
28001, 0
28002, 0
28003, 0
28004, 1
28005, 1
28006, 2
28007, 4
28008, 1
28009, 0
28010, 4
28011, 2
28012, 0
28013, 1
28014, 0
28015, 3
28016, 0
28017, 2
28018, 4
28019, 2
28020, 1
28021, 1
28022, 1
28023, 2
28024, 1
28025, 3
28026, 0
28027, 0
28028, 4
28029, 0
28030, 0
28031, 3
28032, 0
28033, 0
28034, 1
28035, 2
28036, 2
28037, 1
28038, 1
28039, 2
28040, 0
28041, 3
28042, 4
28043, 0
28044, 4
28045, 4
28046, 0
28047, 0
28048, 1
28049, 2
28050, 2
28051, 3
28052, 4
28053, 1
28054, 3
28055, 0
28056, 2
28057, 0
28058, 0
28059, 0
28060, 1
28061, 0
28062, 0
28063, 0
28064, 1
28065, 0
28066, 4
28067, 2
28068, 0
28069, 0
28070, 0
28071, 4
28072, 0
28073, 0
28074, 1
28075, 0
28076, 2
28077, 2
28078, 1
28079, 0
28080, 0
28081, 3
28082, 0
28083, 1
28084, 1
28085, 0
28086, 4
28087, 0
28088, 0
28089, 0
28090, 4
28091, 3
28092, 1
28093, 2
28094, 1
28095, 1
28096, 4
28097, 0
28098, 3
28099, 3
28100, 4
28101, 0
28102, 4
28103, 4
28104, 0
28105, 0
28106, 4
28107, 0
28108, 2
28109, 1
28110, 1
28111, 3
28112, 0
28113, 3
28114, 2
28115, 2
28116, 4
28117, 0
28118, 1
28119, 3
28120, 0
28121, 2
28122, 1
28123, 3
28124, 0
28125, 3
28126, 1
28127, 3
28128, 1
28129, 3
28130, 0
28131, 1
28132, 1
28133, 4
28134, 3
28135, 1
28136, 0
28137, 3
28138, 3
28139, 0
28140, 1
28141, 1
28142, 0
28143, 0
28144, 2
28145, 2
28146, 0
28147, 0
28148, 2
28149, 0
28150, 0
28151, 0
28152, 2
28153, 0
28154, 3
28155, 0
28156, 0
28157, 0
28158, 0
28159, 4
28160, 2
28161, 1
28162, 3
28163, 4
28164, 0
28165, 0
28166, 0
28167, 2
28168, 0
28169, 3
28170, 2
28171, 3
28172, 0
28173, 3
28174, 4
28175, 4
28176, 2
28177, 3
28178, 0
28179, 0
28180, 3
28181, 0
28182, 0
28183, 3
28184, 0
28185, 1
28186, 0
28187, 4
28188, 2
28189, 0
28190, 1
28191, 0
28192, 2
28193, 2
28194, 4
28195, 3
28196, 0
28197, 0
28198, 0
28199, 0
28200, 0
28201, 0
28202, 2
28203, 0
28204, 1
28205, 0
28206, 1
28207, 2
28208, 0
28209, 2
28210, 3
28211, 2
28212, 0
28213, 0
28214, 1
28215, 0
28216, 0
28217, 1
28218, 4
28219, 1
28220, 4
28221, 2
28222, 0
28223, 2
28224, 3
28225, 0
28226, 3
28227, 2
28228, 2
28229, 1
28230, 0
28231, 3
28232, 1
28233, 2
28234, 0
28235, 3
28236, 1
28237, 3
28238, 3
28239, 3
28240, 0
28241, 1
28242, 3
28243, 0
28244, 1
28245, 0
28246, 3
28247, 0
28248, 0
28249, 0
28250, 3
28251, 2
28252, 2
28253, 2
28254, 3
28255, 2
28256, 0
28257, 0
28258, 4
28259, 1
28260, 2
28261, 1
28262, 1
28263, 2
28264, 0
28265, 2
28266, 1
28267, 2
28268, 2
28269, 1
28270, 3
28271, 0
28272, 2
28273, 0
28274, 1
28275, 0
28276, 2
28277, 0
28278, 2
28279, 4
28280, 0
28281, 1
28282, 0
28283, 2
28284, 0
28285, 3
28286, 2
28287, 0
28288, 0
28289, 4
28290, 0
28291, 2
28292, 2
28293, 3
28294, 3
28295, 0
28296, 0
28297, 2
28298, 0
28299, 3
28300, 0
28301, 4
28302, 0
28303, 0
28304, 3
28305, 1
28306, 2
28307, 3
28308, 1
28309, 2
28310, 0
28311, 0
28312, 0
28313, 2
28314, 0
28315, 1
28316, 1
28317, 2
28318, 0
28319, 2
28320, 2
28321, 2
28322, 2
28323, 0
28324, 1
28325, 3
28326, 0
28327, 1
28328, 0
28329, 1
28330, 0
28331, 3
28332, 0
28333, 1
28334, 0
28335, 0
28336, 3
28337, 3
28338, 0
28339, 3
28340, 1
28341, 1
28342, 2
28343, 0
28344, 0
28345, 0
28346, 0
28347, 0
28348, 1
28349, 2
28350, 2
28351, 2
28352, 1
28353, 0
28354, 1
28355, 2
28356, 2
28357, 2
28358, 4
28359, 3
28360, 2
28361, 2
28362, 4
28363, 1
28364, 4
28365, 1
28366, 0
28367, 2
28368, 0
28369, 1
28370, 4
28371, 0
28372, 3
28373, 2
28374, 3
28375, 3
28376, 0
28377, 0
28378, 0
28379, 0
28380, 1
28381, 3
28382, 4
28383, 3
28384, 3
28385, 1
28386, 2
28387, 2
28388, 2
28389, 2
28390, 4
28391, 4
28392, 0
28393, 3
28394, 1
28395, 1
28396, 4
28397, 0
28398, 2
28399, 0
28400, 4
28401, 1
28402, 0
28403, 0
28404, 2
28405, 0
28406, 2
28407, 2
28408, 0
28409, 0
28410, 2
28411, 0
28412, 0
28413, 2
28414, 3
28415, 2
28416, 3
28417, 4
28418, 2
28419, 0
28420, 0
28421, 0
28422, 0
28423, 1
28424, 3
28425, 0
28426, 0
28427, 3
28428, 2
28429, 0
28430, 4
28431, 4
28432, 0
28433, 0
28434, 3
28435, 0
28436, 2
28437, 1
28438, 1
28439, 4
28440, 2
28441, 0
28442, 0
28443, 3
28444, 1
28445, 1
28446, 1
28447, 0
28448, 2
28449, 2
28450, 0
28451, 0
28452, 4
28453, 3
28454, 1
28455, 1
28456, 2
28457, 2
28458, 0
28459, 4
28460, 0
28461, 2
28462, 3
28463, 3
28464, 2
28465, 2
28466, 1
28467, 2
28468, 0
28469, 0
28470, 3
28471, 1
28472, 2
28473, 3
28474, 2
28475, 0
28476, 0
28477, 0
28478, 1
28479, 0
28480, 2
28481, 1
28482, 1
28483, 0
28484, 1
28485, 2
28486, 0
28487, 1
28488, 3
28489, 0
28490, 2
28491, 0
28492, 2
28493, 0
28494, 2
28495, 0
28496, 2
28497, 2
28498, 0
28499, 0
28500, 2
28501, 1
28502, 1
28503, 2
28504, 1
28505, 3
28506, 0
28507, 0
28508, 1
28509, 3
28510, 2
28511, 4
28512, 0
28513, 3
28514, 2
28515, 0
28516, 1
28517, 0
28518, 0
28519, 1
28520, 3
28521, 0
28522, 1
28523, 1
28524, 3
28525, 3
28526, 2
28527, 2
28528, 3
28529, 0
28530, 3
28531, 0
28532, 1
28533, 2
28534, 3
28535, 3
28536, 4
28537, 2
28538, 2
28539, 2
28540, 0
28541, 3
28542, 2
28543, 0
28544, 4
28545, 0
28546, 3
28547, 0
28548, 2
28549, 1
28550, 0
28551, 2
28552, 0
28553, 0
28554, 1
28555, 1
28556, 0
28557, 2
28558, 1
28559, 0
28560, 2
28561, 3
28562, 3
28563, 3
28564, 2
28565, 4
28566, 1
28567, 1
28568, 3
28569, 2
28570, 2
28571, 1
28572, 2
28573, 0
28574, 4
28575, 1
28576, 3
28577, 1
28578, 4
28579, 4
28580, 1
28581, 1
28582, 3
28583, 0
28584, 4
28585, 2
28586, 0
28587, 3
28588, 1
28589, 2
28590, 4
28591, 0
28592, 0
28593, 0
28594, 1
28595, 2
28596, 3
28597, 0
28598, 2
28599, 0
28600, 3
28601, 0
28602, 3
28603, 1
28604, 4
28605, 0
28606, 0
28607, 0
28608, 3
28609, 2
28610, 4
28611, 3
28612, 4
28613, 2
28614, 2
28615, 1
28616, 1
28617, 1
28618, 1
28619, 1
28620, 1
28621, 0
28622, 0
28623, 4
28624, 0
28625, 0
28626, 2
28627, 3
28628, 0
28629, 3
28630, 3
28631, 1
28632, 1
28633, 0
28634, 0
28635, 2
28636, 2
28637, 1
28638, 2
28639, 2
28640, 2
28641, 1
28642, 0
28643, 0
28644, 4
28645, 4
28646, 0
28647, 4
28648, 0
28649, 3
28650, 4
28651, 4
28652, 0
28653, 0
28654, 1
28655, 4
28656, 0
28657, 4
28658, 1
28659, 1
28660, 3
28661, 1
28662, 1
28663, 1
28664, 0
28665, 1
28666, 2
28667, 3
28668, 1
28669, 0
28670, 1
28671, 2
28672, 0
28673, 0
28674, 1
28675, 2
28676, 0
28677, 2
28678, 3
28679, 0
28680, 0
28681, 0
28682, 1
28683, 2
28684, 0
28685, 4
28686, 1
28687, 0
28688, 2
28689, 3
28690, 4
28691, 4
28692, 2
28693, 0
28694, 2
28695, 0
28696, 2
28697, 0
28698, 2
28699, 2
28700, 2
28701, 2
28702, 2
28703, 2
28704, 3
28705, 2
28706, 2
28707, 2
28708, 2
28709, 2
28710, 4
28711, 2
28712, 2
28713, 2
28714, 2
28715, 2
28716, 2
28717, 2
28718, 2
28719, 2
28720, 0
28721, 2
28722, 2
28723, 2
28724, 2
28725, 2
28726, 2
28727, 2
28728, 2
28729, 3
28730, 3
28731, 2
28732, 2
28733, 2
28734, 2
28735, 2
28736, 2
28737, 3
28738, 2
28739, 0
28740, 2
28741, 2
28742, 3
28743, 2
28744, 2
28745, 2
28746, 1
28747, 2
28748, 2
28749, 2
28750, 2
28751, 3
28752, 2
28753, 1
28754, 2
28755, 2
28756, 2
28757, 3
28758, 2
28759, 1
28760, 2
28761, 2
28762, 2
28763, 0
28764, 2
28765, 2
28766, 2
28767, 1
28768, 4
28769, 1
28770, 2
28771, 1
28772, 2
28773, 2
28774, 2
28775, 1
28776, 2
28777, 2
28778, 2
28779, 2
28780, 2
28781, 2
28782, 2
28783, 2
28784, 2
28785, 4
28786, 2
28787, 2
28788, 2
28789, 2
28790, 2
28791, 2
28792, 2
28793, 2
28794, 2
28795, 2
28796, 2
28797, 2
28798, 2
28799, 3
28800, 2
28801, 2
28802, 2
28803, 4
28804, 2
28805, 2
28806, 4
28807, 2
28808, 2
28809, 2
28810, 3
28811, 4
28812, 2
28813, 2
28814, 3
28815, 3
28816, 2
28817, 1
28818, 2
28819, 2
28820, 2
28821, 1
28822, 2
28823, 2
28824, 3
28825, 3
28826, 0
28827, 2
28828, 2
28829, 2
28830, 2
28831, 2
28832, 2
28833, 2
28834, 2
28835, 2
28836, 0
28837, 4
28838, 2
28839, 2
28840, 3
28841, 2
28842, 4
28843, 2
28844, 2
28845, 3
28846, 2
28847, 3
28848, 2
28849, 2
28850, 2
28851, 2
28852, 2
28853, 2
28854, 2
28855, 2
28856, 2
28857, 2
28858, 1
28859, 2
28860, 1
28861, 2
28862, 2
28863, 2
28864, 2
28865, 2
28866, 2
28867, 2
28868, 2
28869, 1
28870, 2
28871, 1
28872, 2
28873, 2
28874, 2
28875, 3
28876, 2
28877, 2
28878, 2
28879, 2
28880, 2
28881, 2
28882, 2
28883, 2
28884, 2
28885, 2
28886, 2
28887, 2
28888, 2
28889, 2
28890, 2
28891, 1
28892, 2
28893, 2
28894, 2
28895, 2
28896, 2
28897, 2
28898, 2
28899, 2
28900, 2
28901, 2
28902, 2
28903, 3
28904, 1
28905, 2
28906, 2
28907, 2
28908, 2
28909, 2
28910, 3
28911, 2
28912, 3
28913, 2
28914, 2
28915, 2
28916, 2
28917, 2
28918, 4
28919, 4
28920, 4
28921, 1
28922, 2
28923, 2
28924, 2
28925, 1
28926, 4
28927, 2
28928, 2
28929, 4
28930, 2
28931, 2
28932, 2
28933, 2
28934, 1
28935, 2
28936, 2
28937, 2
28938, 2
28939, 1
28940, 2
28941, 2
28942, 4
28943, 4
28944, 1
28945, 2
28946, 2
28947, 3
28948, 4
28949, 3
28950, 2
28951, 2
28952, 2
28953, 4
28954, 1
28955, 1
28956, 2
28957, 3
28958, 1
28959, 2
28960, 2
28961, 4
28962, 2
28963, 1
28964, 1
28965, 3
28966, 4
28967, 4
28968, 2
28969, 0
28970, 2
28971, 4
28972, 2
28973, 2
28974, 2
28975, 2
28976, 2
28977, 1
28978, 2
28979, 2
28980, 2
28981, 2
28982, 1
28983, 2
28984, 1
28985, 2
28986, 4
28987, 2
28988, 4
28989, 1
28990, 2
28991, 2
28992, 2
28993, 2
28994, 2
28995, 2
28996, 2
28997, 2
28998, 2
28999, 2
29000, 2
29001, 2
29002, 2
29003, 2
29004, 4
29005, 2
29006, 1
29007, 1
29008, 2
29009, 2
29010, 2
29011, 1
29012, 2
29013, 2
29014, 1
29015, 4
29016, 2
29017, 2
29018, 2
29019, 2
29020, 2
29021, 2
29022, 3
29023, 4
29024, 2
29025, 1
29026, 2
29027, 3
29028, 1
29029, 1
29030, 2
29031, 2
29032, 1
29033, 3
29034, 2
29035, 2
29036, 1
29037, 2
29038, 4
29039, 0
29040, 2
29041, 2
29042, 2
29043, 2
29044, 2
29045, 2
29046, 2
29047, 2
29048, 2
29049, 2
29050, 2
29051, 2
29052, 3
29053, 1
29054, 4
29055, 2
29056, 1
29057, 2
29058, 4
29059, 3
29060, 2
29061, 4
29062, 4
29063, 2
29064, 2
29065, 2
29066, 2
29067, 2
29068, 2
29069, 1
29070, 2
29071, 3
29072, 2
29073, 4
29074, 2
29075, 4
29076, 4
29077, 2
29078, 3
29079, 2
29080, 2
29081, 1
29082, 2
29083, 2
29084, 2
29085, 2
29086, 4
29087, 2
29088, 2
29089, 2
29090, 0
29091, 4
29092, 2
29093, 2
29094, 1
29095, 3
29096, 2
29097, 1
29098, 2
29099, 2
29100, 2
29101, 2
29102, 2
29103, 1
29104, 2
29105, 4
29106, 2
29107, 1
29108, 2
29109, 2
29110, 2
29111, 2
29112, 2
29113, 2
29114, 2
29115, 2
29116, 2
29117, 2
29118, 1
29119, 2
29120, 1
29121, 2
29122, 2
29123, 4
29124, 2
29125, 1
29126, 1
29127, 4
29128, 1
29129, 3
29130, 1
29131, 4
29132, 2
29133, 2
29134, 2
29135, 4
29136, 2
29137, 2
29138, 2
29139, 2
29140, 4
29141, 2
29142, 2
29143, 2
29144, 2
29145, 3
29146, 4
29147, 4
29148, 2
29149, 4
29150, 2
29151, 2
29152, 4
29153, 2
29154, 2
29155, 2
29156, 2
29157, 4
29158, 2
29159, 2
29160, 4
29161, 2
29162, 4
29163, 2
29164, 2
29165, 4
29166, 2
29167, 2
29168, 4
29169, 2
29170, 2
29171, 2
29172, 2
29173, 2
29174, 2
29175, 4
29176, 2
29177, 2
29178, 4
29179, 3
29180, 2
29181, 3
29182, 4
29183, 2
29184, 2
29185, 2
29186, 4
29187, 4
29188, 2
29189, 2
29190, 4
29191, 2
29192, 2
29193, 2
29194, 2
29195, 2
29196, 2
29197, 4
29198, 2
29199, 4
29200, 4
29201, 2
29202, 2
29203, 2
29204, 2
29205, 2
29206, 4
29207, 2
29208, 2
29209, 4
29210, 2
29211, 2
29212, 2
29213, 4
29214, 2
29215, 4
29216, 2
29217, 4
29218, 2
29219, 2
29220, 2
29221, 2
29222, 2
29223, 3
29224, 2
29225, 4
29226, 2
29227, 3
29228, 2
29229, 4
29230, 4
29231, 4
29232, 2
29233, 2
29234, 4
29235, 2
29236, 2
29237, 2
29238, 2
29239, 2
29240, 3
29241, 2
29242, 2
29243, 4
29244, 4
29245, 2
29246, 4
29247, 2
29248, 2
29249, 2
29250, 2
29251, 3
29252, 3
29253, 2
29254, 2
29255, 4
29256, 2
29257, 2
29258, 4
29259, 4
29260, 4
29261, 4
29262, 2
29263, 2
29264, 2
29265, 2
29266, 2
29267, 2
29268, 3
29269, 4
29270, 2
29271, 2
29272, 4
29273, 2
29274, 2
29275, 4
29276, 4
29277, 2
29278, 0
29279, 2
29280, 2
29281, 2
29282, 2
29283, 3
29284, 4
29285, 4
29286, 2
29287, 2
29288, 2
29289, 2
29290, 2
29291, 3
29292, 4
29293, 3
29294, 2
29295, 4
29296, 2
29297, 4
29298, 4
29299, 2
29300, 2
29301, 2
29302, 2
29303, 2
29304, 4
29305, 1
29306, 2
29307, 4
29308, 4
29309, 4
29310, 4
29311, 2
29312, 4
29313, 2
29314, 2
29315, 2
29316, 4
29317, 2
29318, 4
29319, 2
29320, 2
29321, 2
29322, 2
29323, 2
29324, 2
29325, 4
29326, 2
29327, 2
29328, 2
29329, 4
29330, 4
29331, 4
29332, 2
29333, 2
29334, 2
29335, 2
29336, 2
29337, 2
29338, 4
29339, 2
29340, 2
29341, 2
29342, 2
29343, 2
29344, 2
29345, 2
29346, 2
29347, 2
29348, 2
29349, 2
29350, 2
29351, 4
29352, 2
29353, 2
29354, 0
29355, 2
29356, 2
29357, 2
29358, 4
29359, 2
29360, 2
29361, 4
29362, 2
29363, 4
29364, 2
29365, 2
29366, 2
29367, 2
29368, 2
29369, 2
29370, 2
29371, 2
29372, 4
29373, 2
29374, 4
29375, 2
29376, 4
29377, 2
29378, 4
29379, 4
29380, 4
29381, 2
29382, 2
29383, 2
29384, 4
29385, 4
29386, 3
29387, 2
29388, 4
29389, 4
29390, 2
29391, 4
29392, 2
29393, 1
29394, 2
29395, 2
29396, 2
29397, 2
29398, 4
29399, 3
29400, 2
29401, 4
29402, 2
29403, 2
29404, 4
29405, 2
29406, 1
29407, 2
29408, 4
29409, 2
29410, 2
29411, 4
29412, 2
29413, 2
29414, 2
29415, 2
29416, 2
29417, 3
29418, 1
29419, 1
29420, 2
29421, 2
29422, 4
29423, 0
29424, 4
29425, 2
29426, 2
29427, 2
29428, 2
29429, 2
29430, 2
29431, 2
29432, 1
29433, 2
29434, 0
29435, 2
29436, 2
29437, 1
29438, 4
29439, 1
29440, 2
29441, 3
29442, 2
29443, 0
29444, 3
29445, 2
29446, 3
29447, 0
29448, 2
29449, 2
29450, 2
29451, 3
29452, 0
29453, 1
29454, 0
29455, 1
29456, 3
29457, 2
29458, 2
29459, 2
29460, 3
29461, 0
29462, 2
29463, 3
29464, 2
29465, 4
29466, 3
29467, 2
29468, 2
29469, 0
29470, 3
29471, 3
29472, 0
29473, 0
29474, 4
29475, 4
29476, 2
29477, 1
29478, 0
29479, 3
29480, 2
29481, 4
29482, 3
29483, 2
29484, 4
29485, 0
29486, 2
29487, 4
29488, 2
29489, 3
29490, 4
29491, 4
29492, 0
29493, 2
29494, 3
29495, 0
29496, 2
29497, 1
29498, 0
29499, 4
29500, 2
29501, 3
29502, 4
29503, 0
29504, 0
29505, 3
29506, 3
29507, 2
29508, 2
29509, 2
29510, 0
29511, 3
29512, 1
29513, 4
29514, 0
29515, 2
29516, 3
29517, 4
29518, 0
29519, 2
29520, 2
29521, 2
29522, 4
29523, 3
29524, 2
29525, 0
29526, 2
29527, 0
29528, 0
29529, 3
29530, 2
29531, 3
29532, 4
29533, 0
29534, 0
29535, 1
29536, 2
29537, 2
29538, 2
29539, 2
29540, 2
29541, 0
29542, 1
29543, 1
29544, 1
29545, 0
29546, 2
29547, 0
29548, 4
29549, 0
29550, 2
29551, 4
29552, 3
29553, 3
29554, 3
29555, 3
29556, 4
29557, 3
29558, 0
29559, 3
29560, 2
29561, 4
29562, 2
29563, 2
29564, 2
29565, 2
29566, 4
29567, 2
29568, 2
29569, 4
29570, 2
29571, 4
29572, 4
29573, 4
29574, 4
29575, 4
29576, 4
29577, 2
29578, 4
29579, 4
29580, 4
29581, 2
29582, 4
29583, 4
29584, 2
29585, 4
29586, 1
29587, 3
29588, 2
29589, 4
29590, 4
29591, 4
29592, 2
29593, 4
29594, 2
29595, 4
29596, 2
29597, 4
29598, 4
29599, 4
29600, 2
29601, 4
29602, 2
29603, 2
29604, 4
29605, 4
29606, 2
29607, 4
29608, 2
29609, 4
29610, 4
29611, 2
29612, 2
29613, 2
29614, 4
29615, 2
29616, 4
29617, 2
29618, 1
29619, 4
29620, 2
29621, 1
29622, 2
29623, 2
29624, 4
29625, 4
29626, 2
29627, 2
29628, 4
29629, 2
29630, 2
29631, 2
29632, 4
29633, 2
29634, 4
29635, 2
29636, 2
29637, 2
29638, 2
29639, 2
29640, 2
29641, 2
29642, 4
29643, 4
29644, 2
29645, 4
29646, 4
29647, 4
29648, 4
29649, 2
29650, 2
29651, 4
29652, 2
29653, 0
29654, 2
29655, 2
29656, 2
29657, 0
29658, 4
29659, 4
29660, 4
29661, 4
29662, 2
29663, 4
29664, 2
29665, 1
29666, 2
29667, 4
29668, 2
29669, 4
29670, 2
29671, 4
29672, 2
29673, 4
29674, 2
29675, 4
29676, 4
29677, 2
29678, 2
29679, 4
29680, 2
29681, 2
29682, 4
29683, 4
29684, 2
29685, 2
29686, 4
29687, 2
29688, 4
29689, 4
29690, 4
29691, 2
29692, 4
29693, 4
29694, 4
29695, 4
29696, 2
29697, 2
29698, 4
29699, 4
29700, 4
29701, 4
29702, 2
29703, 1
29704, 4
29705, 2
29706, 1
29707, 2
29708, 4
29709, 2
29710, 2
29711, 1
29712, 4
29713, 2
29714, 2
29715, 2
29716, 4
29717, 2
29718, 2
29719, 2
29720, 2
29721, 4
29722, 2
29723, 2
29724, 4
29725, 2
29726, 4
29727, 4
29728, 4
29729, 4
29730, 2
29731, 4
29732, 4
29733, 2
29734, 2
29735, 4
29736, 2
29737, 2
29738, 4
29739, 2
29740, 4
29741, 2
29742, 4
29743, 3
29744, 4
29745, 2
29746, 4
29747, 2
29748, 1
29749, 4
29750, 2
29751, 2
29752, 4
29753, 4
29754, 3
29755, 4
29756, 4
29757, 4
29758, 4
29759, 0
29760, 4
29761, 4
29762, 4
29763, 1
29764, 4
29765, 2
29766, 2
29767, 2
29768, 2
29769, 4
29770, 4
29771, 4
29772, 2
29773, 4
29774, 2
29775, 2
29776, 2
29777, 4
29778, 1
29779, 2
29780, 4
29781, 2
29782, 4
29783, 2
29784, 2
29785, 4
29786, 4
29787, 4
29788, 4
29789, 4
29790, 4
29791, 2
29792, 4
29793, 2
29794, 4
29795, 4
29796, 2
29797, 4
29798, 2
29799, 4
29800, 2
29801, 4
29802, 2
29803, 4
29804, 3
29805, 0
29806, 3
29807, 3
29808, 2
29809, 0
29810, 4
29811, 2
29812, 2
29813, 4
29814, 4
29815, 4
29816, 1
29817, 2
29818, 4
29819, 2
29820, 4
29821, 2
29822, 3
29823, 2
29824, 2
29825, 2
29826, 2
29827, 2
29828, 2
29829, 0
29830, 2
29831, 2
29832, 2
29833, 2
29834, 4
29835, 2
29836, 3
29837, 2
29838, 2
29839, 4
29840, 4
29841, 2
29842, 2
29843, 4
29844, 2
29845, 4
29846, 2
29847, 4
29848, 4
29849, 2
29850, 4
29851, 3
29852, 3
29853, 4
29854, 4
29855, 2
29856, 4
29857, 2
29858, 2
29859, 4
29860, 4
29861, 4
29862, 4
29863, 3
29864, 2
29865, 2
29866, 4
29867, 2
29868, 3
29869, 2
29870, 4
29871, 4
29872, 2
29873, 4
29874, 4
29875, 4
29876, 4
29877, 3
29878, 3
29879, 2
29880, 3
29881, 3
29882, 3
29883, 4
29884, 4
29885, 3
29886, 2
29887, 2
29888, 2
29889, 2
29890, 2
29891, 2
29892, 2
29893, 2
29894, 2
29895, 4
29896, 2
29897, 4
29898, 3
29899, 2
29900, 2
29901, 2
29902, 4
29903, 4
29904, 2
29905, 4
29906, 2
29907, 2
29908, 3
29909, 2
29910, 2
29911, 4
29912, 2
29913, 2
29914, 2
29915, 2
29916, 2
29917, 2
29918, 4
29919, 4
29920, 2
29921, 2
29922, 2
29923, 4
29924, 2
29925, 4
29926, 2
29927, 2
29928, 2
29929, 2
29930, 2
29931, 4
29932, 2
29933, 2
29934, 2
29935, 2
29936, 4
29937, 2
29938, 4
29939, 4
29940, 4
29941, 2
29942, 3
29943, 2
29944, 4
29945, 2
29946, 0
29947, 2
29948, 4
29949, 2
29950, 2
29951, 4
29952, 2
29953, 3
29954, 4
29955, 2
29956, 2
29957, 2
29958, 2
29959, 3
29960, 4
29961, 3
29962, 2
29963, 1
29964, 4
29965, 2
29966, 2
29967, 2
29968, 4
29969, 3
29970, 2
29971, 2
29972, 4
29973, 4
29974, 4
29975, 4
29976, 3
29977, 2
29978, 3
29979, 3
29980, 3
29981, 4
29982, 4
29983, 4
29984, 4
29985, 4
29986, 4
29987, 4
29988, 3
29989, 3
29990, 3
29991, 4
29992, 1
29993, 4
29994, 4
29995, 1
29996, 4
29997, 4
29998, 4
29999, 4
30000, 2
30001, 4
30002, 4
30003, 3
30004, 0
30005, 4
30006, 0
30007, 4
30008, 3
30009, 4
30010, 0
30011, 4
30012, 4
30013, 2
30014, 3
30015, 3
30016, 0
30017, 4
30018, 4
30019, 2
30020, 0
30021, 3
30022, 3
30023, 4
30024, 3
30025, 4
30026, 4
30027, 4
30028, 4
30029, 4
30030, 4
30031, 2
30032, 4
30033, 1
30034, 4
30035, 4
30036, 3
30037, 4
30038, 3
30039, 4
30040, 3
30041, 4
30042, 4
30043, 4
30044, 4
30045, 3
30046, 3
30047, 4
30048, 4
30049, 3
30050, 3
30051, 3
30052, 0
30053, 3
30054, 4
30055, 2
30056, 4
30057, 4
30058, 4
30059, 4
30060, 4
30061, 4
30062, 0
30063, 4
30064, 3
30065, 3
30066, 4
30067, 4
30068, 4
30069, 4
30070, 3
30071, 0
30072, 4
30073, 4
30074, 4
30075, 1
30076, 4
30077, 4
30078, 2
30079, 4
30080, 4
30081, 4
30082, 4
30083, 4
30084, 3
30085, 4
30086, 4
30087, 1
30088, 2
30089, 4
30090, 4
30091, 1
30092, 0
30093, 4
30094, 2
30095, 4
30096, 0
30097, 4
30098, 4
30099, 2
30100, 4
30101, 4
30102, 4
30103, 3
30104, 4
30105, 4
30106, 4
30107, 4
30108, 4
30109, 0
30110, 3
30111, 4
30112, 3
30113, 0
30114, 3
30115, 3
30116, 4
30117, 4
30118, 0
30119, 4
30120, 4
30121, 2
30122, 2
30123, 4
30124, 4
30125, 3
30126, 3
30127, 4
30128, 2
30129, 4
30130, 3
30131, 4
30132, 4
30133, 4
30134, 4
30135, 4
30136, 4
30137, 4
30138, 2
30139, 2
30140, 4
30141, 4
30142, 2
30143, 4
30144, 4
30145, 3
30146, 1
30147, 4
30148, 3
30149, 4
30150, 3
30151, 4
30152, 4
30153, 4
30154, 4
30155, 0
30156, 4
30157, 2
30158, 4
30159, 4
30160, 4
30161, 3
30162, 4
30163, 2
30164, 2
30165, 3
30166, 4
30167, 4
30168, 4
30169, 4
30170, 0
30171, 4
30172, 3
30173, 4
30174, 4
30175, 0
30176, 4
30177, 1
30178, 4
30179, 4
30180, 3
30181, 4
30182, 2
30183, 4
30184, 4
30185, 4
30186, 4
30187, 4
30188, 3
30189, 3
30190, 4
30191, 4
30192, 3
30193, 4
30194, 3
30195, 3
30196, 3
30197, 3
30198, 4
30199, 4
30200, 4
30201, 4
30202, 3
30203, 0
30204, 4
30205, 4
30206, 4
30207, 4
30208, 2
30209, 2
30210, 4
30211, 2
30212, 4
30213, 0
30214, 2
30215, 1
30216, 4
30217, 4
30218, 1
30219, 2
30220, 2
30221, 1
30222, 1
30223, 4
30224, 4
30225, 2
30226, 2
30227, 1
30228, 2
30229, 0
30230, 4
30231, 1
30232, 4
30233, 2
30234, 2
30235, 2
30236, 2
30237, 2
30238, 2
30239, 0
30240, 4
30241, 1
30242, 2
30243, 1
30244, 4
30245, 2
30246, 2
30247, 1
30248, 4
30249, 4
30250, 4
30251, 4
30252, 2
30253, 4
30254, 3
30255, 1
30256, 4
30257, 4
30258, 3
30259, 2
30260, 2
30261, 4
30262, 0
30263, 1
30264, 3
30265, 2
30266, 4
30267, 1
30268, 4
30269, 2
30270, 1
30271, 1
30272, 1
30273, 4
30274, 4
30275, 4
30276, 1
30277, 1
30278, 1
30279, 1
30280, 2
30281, 3
30282, 2
30283, 1
30284, 0
30285, 4
30286, 2
30287, 4
30288, 1
30289, 4
30290, 1
30291, 1
30292, 2
30293, 4
30294, 2
30295, 2
30296, 4
30297, 1
30298, 0
30299, 4
30300, 2
30301, 4
30302, 2
30303, 0
30304, 4
30305, 4
30306, 4
30307, 4
30308, 1
30309, 2
30310, 1
30311, 3
30312, 1
30313, 3
30314, 2
30315, 0
30316, 4
30317, 4
30318, 4
30319, 2
30320, 2
30321, 1
30322, 1
30323, 1
30324, 4
30325, 4
30326, 3
30327, 1
30328, 1
30329, 2
30330, 2
30331, 2
30332, 3
30333, 0
30334, 2
30335, 4
30336, 1
30337, 3
30338, 4
30339, 2
30340, 1
30341, 4
30342, 4
30343, 1
30344, 4
30345, 1
30346, 4
30347, 2
30348, 0
30349, 1
30350, 4
30351, 1
30352, 2
30353, 2
30354, 2
30355, 4
30356, 1
30357, 4
30358, 4
30359, 1
30360, 2
30361, 3
30362, 4
30363, 1
30364, 2
30365, 4
30366, 1
30367, 2
30368, 4
30369, 1
30370, 3
30371, 0
30372, 2
30373, 1
30374, 2
30375, 2
30376, 2
30377, 4
30378, 2
30379, 2
30380, 4
30381, 0
30382, 2
30383, 2
30384, 3
30385, 2
30386, 2
30387, 3
30388, 2
30389, 0
30390, 2
30391, 2
30392, 2
30393, 4
30394, 2
30395, 2
30396, 1
30397, 2
30398, 2
30399, 3
30400, 2
30401, 2
30402, 4
30403, 2
30404, 2
30405, 2
30406, 2
30407, 2
30408, 3
30409, 3
30410, 1
30411, 2
30412, 2
30413, 2
30414, 3
30415, 2
30416, 1
30417, 2
30418, 2
30419, 1
30420, 2
30421, 3
30422, 2
30423, 1
30424, 3
30425, 1
30426, 1
30427, 2
30428, 2
30429, 4
30430, 3
30431, 2
30432, 2
30433, 2
30434, 3
30435, 3
30436, 2
30437, 3
30438, 3
30439, 2
30440, 3
30441, 3
30442, 2
30443, 1
30444, 2
30445, 0
30446, 4
30447, 2
30448, 2
30449, 2
30450, 2
30451, 2
30452, 2
30453, 3
30454, 3
30455, 1
30456, 2
30457, 2
30458, 1
30459, 2
30460, 2
30461, 3
30462, 2
30463, 2
30464, 3
30465, 0
30466, 4
30467, 2
30468, 3
30469, 1
30470, 2
30471, 2
30472, 2
30473, 2
30474, 0
30475, 2
30476, 3
30477, 3
30478, 3
30479, 3
30480, 2
30481, 3
30482, 2
30483, 2
30484, 2
30485, 1
30486, 1
30487, 2
30488, 3
30489, 2
30490, 3
30491, 2
30492, 3
30493, 3
30494, 2
30495, 3
30496, 3
30497, 2
30498, 1
30499, 2
30500, 2
30501, 2
30502, 2
30503, 2
30504, 0
30505, 2
30506, 3
30507, 2
30508, 2
30509, 3
30510, 2
30511, 2
30512, 4
30513, 2
30514, 2
30515, 4
30516, 2
30517, 3
30518, 2
30519, 3
30520, 4
30521, 2
30522, 2
30523, 2
30524, 3
30525, 2
30526, 4
30527, 2
30528, 3
30529, 0
30530, 2
30531, 3
30532, 4
30533, 1
30534, 2
30535, 3
30536, 2
30537, 3
30538, 2
30539, 2
30540, 4
30541, 2
30542, 4
30543, 2
30544, 2
30545, 2
30546, 2
30547, 4
30548, 3
30549, 3
30550, 4
30551, 3
30552, 3
30553, 3
30554, 2
30555, 0
30556, 4
30557, 0
30558, 4
30559, 4
30560, 3
30561, 2
30562, 2
30563, 2
30564, 4
30565, 2
30566, 4
30567, 2
30568, 3
30569, 0
30570, 2
30571, 2
30572, 3
30573, 4
30574, 2
30575, 4
30576, 2
30577, 4
30578, 2
30579, 3
30580, 4
30581, 3
30582, 4
30583, 3
30584, 3
30585, 3
30586, 3
30587, 2
30588, 2
30589, 2
30590, 2
30591, 2
30592, 3
30593, 4
30594, 2
30595, 3
30596, 2
30597, 2
30598, 2
30599, 2
30600, 3
30601, 4
30602, 2
30603, 2
30604, 4
30605, 4
30606, 4
30607, 2
30608, 1
30609, 2
30610, 3
30611, 4
30612, 2
30613, 4
30614, 2
30615, 2
30616, 3
30617, 2
30618, 2
30619, 4
30620, 2
30621, 2
30622, 2
30623, 2
30624, 4
30625, 2
30626, 2
30627, 4
30628, 2
30629, 2
30630, 4
30631, 3
30632, 2
30633, 4
30634, 4
30635, 2
30636, 2
30637, 3
30638, 4
30639, 2
30640, 2
30641, 2
30642, 4
30643, 3
30644, 4
30645, 2
30646, 4
30647, 2
30648, 2
30649, 3
30650, 4
30651, 2
30652, 3
30653, 3
30654, 2
30655, 2
30656, 2
30657, 4
30658, 3
30659, 4
30660, 2
30661, 3
30662, 2
30663, 4
30664, 0
30665, 2
30666, 3
30667, 0
30668, 2
30669, 2
30670, 2
30671, 2
30672, 2
30673, 4
30674, 4
30675, 2
30676, 3
30677, 2
30678, 2
30679, 2
30680, 3
30681, 4
30682, 4
30683, 4
30684, 2
30685, 2
30686, 3
30687, 2
30688, 3
30689, 2
30690, 3
30691, 2
30692, 4
30693, 2
30694, 4
30695, 2
30696, 4
30697, 2
30698, 4
30699, 2
30700, 3
30701, 2
30702, 4
30703, 3
30704, 3
30705, 4
30706, 4
30707, 2
30708, 3
30709, 3
30710, 2
30711, 2
30712, 3
30713, 0
30714, 0
30715, 4
30716, 4
30717, 2
30718, 3
30719, 2
30720, 4
30721, 3
30722, 2
30723, 2
30724, 3
30725, 2
30726, 4
30727, 2
30728, 2
30729, 3
30730, 2
30731, 4
30732, 3
30733, 3
30734, 3
30735, 2
30736, 2
30737, 2
30738, 4
30739, 4
30740, 3
30741, 2
30742, 2
30743, 2
30744, 2
30745, 2
30746, 0
30747, 3
30748, 2
30749, 2
30750, 3
30751, 2
30752, 2
30753, 4
30754, 4
30755, 4
30756, 2
30757, 2
30758, 2
30759, 3
30760, 0
30761, 2
30762, 2
30763, 2
30764, 2
30765, 2
30766, 2
30767, 3
30768, 3
30769, 2
30770, 2
30771, 2
30772, 2
30773, 2
30774, 4
30775, 2
30776, 2
30777, 2
30778, 2
30779, 4
30780, 2
30781, 3
30782, 2
30783, 4
30784, 4
30785, 2
30786, 2
30787, 2
30788, 3
30789, 2
30790, 2
30791, 4
30792, 2
30793, 3
30794, 2
30795, 2
30796, 4
30797, 4
30798, 2
30799, 1
30800, 2
30801, 2
30802, 3
30803, 3
30804, 2
30805, 2
30806, 2
30807, 3
30808, 4
30809, 4
30810, 2
30811, 2
30812, 2
30813, 4
30814, 3
30815, 2
30816, 3
30817, 2
30818, 2
30819, 2
30820, 2
30821, 2
30822, 2
30823, 3
30824, 2
30825, 4
30826, 2
30827, 3
30828, 4
30829, 0
30830, 4
30831, 0
30832, 2
30833, 2
30834, 4
30835, 2
30836, 3
30837, 3
30838, 2
30839, 4
30840, 3
30841, 4
30842, 1
30843, 4
30844, 4
30845, 3
30846, 3
30847, 2
30848, 4
30849, 3
30850, 3
30851, 3
30852, 3
30853, 0
30854, 3
30855, 2
30856, 1
30857, 3
30858, 2
30859, 2
30860, 3
30861, 2
30862, 3
30863, 3
30864, 2
30865, 2
30866, 2
30867, 3
30868, 3
30869, 2
30870, 2
30871, 3
30872, 3
30873, 2
30874, 3
30875, 3
30876, 3
30877, 0
30878, 3
30879, 3
30880, 3
30881, 3
30882, 3
30883, 3
30884, 2
30885, 3
30886, 3
30887, 3
30888, 3
30889, 2
30890, 3
30891, 3
30892, 3
30893, 4
30894, 3
30895, 3
30896, 3
30897, 2
30898, 2
30899, 2
30900, 3
30901, 2
30902, 2
30903, 3
30904, 3
30905, 4
30906, 3
30907, 3
30908, 4
30909, 3
30910, 4
30911, 3
30912, 2
30913, 3
30914, 3
30915, 4
30916, 2
30917, 3
30918, 1
30919, 3
30920, 2
30921, 4
30922, 3
30923, 2
30924, 4
30925, 3
30926, 2
30927, 3
30928, 1
30929, 3
30930, 3
30931, 3
30932, 4
30933, 2
30934, 3
30935, 3
30936, 0
30937, 3
30938, 3
30939, 3
30940, 3
30941, 3
30942, 3
30943, 3
30944, 2
30945, 4
30946, 3
30947, 0
30948, 2
30949, 3
30950, 3
30951, 3
30952, 2
30953, 1
30954, 2
30955, 2
30956, 3
30957, 2
30958, 3
30959, 3
30960, 3
30961, 1
30962, 3
30963, 3
30964, 3
30965, 3
30966, 4
30967, 2
30968, 4
30969, 4
30970, 3
30971, 3
30972, 3
30973, 4
30974, 4
30975, 2
30976, 3
30977, 4
30978, 4
30979, 2
30980, 2
30981, 3
30982, 0
30983, 4
30984, 2
30985, 3
30986, 3
30987, 3
30988, 3
30989, 3
30990, 3
30991, 3
30992, 1
30993, 0
30994, 2
30995, 4
30996, 2
30997, 3
30998, 3
30999, 2
31000, 3
31001, 3
31002, 2
31003, 2
31004, 4
31005, 3
31006, 2
31007, 4
31008, 1
31009, 1
31010, 3
31011, 2
31012, 4
31013, 2
31014, 2
31015, 3
31016, 3
31017, 3
31018, 3
31019, 2
31020, 3
31021, 2
31022, 3
31023, 2
31024, 2
31025, 3
31026, 2
31027, 3
31028, 3
31029, 2
31030, 3
31031, 3
31032, 4
31033, 2
31034, 4
31035, 3
31036, 3
31037, 3
31038, 3
31039, 2
31040, 3
31041, 3
31042, 2
31043, 4
31044, 3
31045, 2
31046, 1
31047, 4
31048, 4
31049, 1
31050, 0
31051, 3
31052, 2
31053, 2
31054, 3
31055, 2
31056, 1
31057, 2
31058, 3
31059, 2
31060, 3
31061, 1
31062, 1
31063, 3
31064, 4
31065, 2
31066, 3
31067, 3
31068, 1
31069, 2
31070, 4
31071, 4
31072, 1
31073, 3
31074, 4
31075, 2
31076, 3
31077, 3
31078, 2
31079, 3
31080, 3
31081, 3
31082, 2
31083, 2
31084, 3
31085, 2
31086, 2
31087, 2
31088, 3
31089, 3
31090, 0
31091, 3
31092, 3
31093, 1
31094, 3
31095, 4
31096, 3
31097, 4
31098, 3
31099, 2
31100, 0
31101, 2
31102, 2
31103, 4
31104, 4
31105, 4
31106, 4
31107, 3
31108, 3
31109, 3
31110, 4
31111, 0
31112, 2
31113, 2
31114, 1
31115, 3
31116, 4
31117, 4
31118, 4
31119, 4
31120, 3
31121, 2
31122, 4
31123, 4
31124, 3
31125, 3
31126, 3
31127, 2
31128, 2
31129, 3
31130, 3
31131, 4
31132, 2
31133, 3
31134, 3
31135, 3
